Workbook

Sheet README
A1: Pokemon Yellow — Type Coverage Model
A2: Generation 1 rules. Every number in this workbook is a live formula; edit the Type Chart and everything downstream recalculates.
A4: HOW TO USE
A5: Type Chart | B5: The Gen 1 matrix. BLUE cells are the only hardcoded inputs in the workbook. Change one and every other sheet updates.
A6: Gen1 Quirks | B6: Read this FIRST. Gen 1 is not modern Pokemon. Five differences will actively mislead you if you play on instinct.
A7: Pokedex | B7: All 151 with types.
A8: Effectiveness | B8: 151 x 15 grid: what each attacking type does to each species. The engine room.
A9: Type Scorecard | B9: Per attacking type: raw coverage vs. the full dex AND vs. Yellow's 49 boss Pokemon, then discounted by whether Gen 1 gives you a move worth using.
A10: Yellow Bosses | B10: All 49 Pokemon across 8 gyms + Elite Four + Champion, with every type's multiplier against them. Yellow-specific rosters (they differ from Red/Blue).
A11: Move Reality | B11: The layer that matters. A type's coverage is worthless if its best move is 20 base power.
A12: Combo Search | B12: Brute force: all 1,365 four-type combinations, scored against the actual boss gauntlet.
A13: Recommended Team | B13: The conclusion.
A15: SCORING
A16: Boss SE | B16: Count of the 49 boss Pokemon hit for 2x or better by at least one type in the set.
A17: Walled | B17: Count of bosses where EVERY type in the set is resisted or immune. Zero is the goal.
A18: Move Viability | B18: 0-10, hand-scored. Reflects base power, accuracy, whether a TM/HM exists in Yellow, and Gen 1's physical/special split by type. Documented per-move on 'Move Reality'.
A19: Practical Score | B19: Boss SE % x Move Viability / 10. Punishes types that look great on the chart but have no move to exploit it (looking at you, Bug).
A21: SOURCES
A22: Boss rosters | B22: dittobase.com/yellow/gym-leaders-elite-four — Yellow-specific teams. Notable Yellow deviations: Lt. Surge is a lone Lv28 Raichu; Koga runs three Venonat + Venomoth (not Koffing/Muk); Sabrina is the pure Abra line at Lv50.
A23: Type chart / mechanics | B23: Generation 1 rules as shipped, bugs included.
A24: Champion caveat | B24: Blue's team has 3 variants keyed to his Eevee's evolution. The Vaporeon branch is modeled here. The other two swap that one slot for Jolteon or Flareon; it does not change any conclusion.

Sheet Type Chart
A1: Generation 1 Type Chart
A2: Rows = ATTACKING type. Columns = DEFENDING type. Blue = hardcoded input (the only ones in this file). Red fill = Gen 1 deviates from modern here.
A4: ATK \ DEF | B4: Normal | C4: Fire | D4: Water | E4: Electric | F4: Grass | G4: Ice | H4: Fighting | I4: Poison | J4: Ground | K4: Flying | L4: Psychic | M4: Bug | N4: Rock | O4: Ghost | P4: Dragon
A5: Normal | B5: 1 | C5: 1 | D5: 1 | E5: 1 | F5: 1 | G5: 1 | H5: 1 | I5: 1 | J5: 1 | K5: 1 | L5: 1 | M5: 1 | N5: 0.5 | O5: 0 | P5: 1
A6: Fire | B6: 1 | C6: 0.5 | D6: 0.5 | E6: 1 | F6: 2 | G6: 2 | H6: 1 | I6: 1 | J6: 1 | K6: 1 | L6: 1 | M6: 2 | N6: 0.5 | O6: 1 | P6: 0.5
A7: Water | B7: 1 | C7: 2 | D7: 0.5 | E7: 1 | F7: 0.5 | G7: 1 | H7: 1 | I7: 1 | J7: 2 | K7: 1 | L7: 1 | M7: 1 | N7: 2 | O7: 1 | P7: 0.5
A8: Electric | B8: 1 | C8: 1 | D8: 2 | E8: 0.5 | F8: 0.5 | G8: 1 | H8: 1 | I8: 1 | J8: 0 | K8: 2 | L8: 1 | M8: 1 | N8: 1 | O8: 1 | P8: 0.5
A9: Grass | B9: 1 | C9: 0.5 | D9: 2 | E9: 1 | F9: 0.5 | G9: 1 | H9: 1 | I9: 0.5 | J9: 2 | K9: 0.5 | L9: 1 | M9: 0.5 | N9: 2 | O9: 1 | P9: 0.5
A10: Ice | B10: 1 | C10: 1 | D10: 0.5 | E10: 1 | F10: 2 | G10: 0.5 | H10: 1 | I10: 1 | J10: 2 | K10: 2 | L10: 1 | M10: 1 | N10: 1 | O10: 1 | P10: 2
A11: Fighting | B11: 2 | C11: 1 | D11: 1 | E11: 1 | F11: 1 | G11: 2 | H11: 1 | I11: 0.5 | J11: 1 | K11: 0.5 | L11: 0.5 | M11: 0.5 | N11: 2 | O11: 0 | P11: 1
A12: Poison | B12: 1 | C12: 1 | D12: 1 | E12: 1 | F12: 2 | G12: 1 | H12: 1 | I12: 0.5 | J12: 0.5 | K12: 1 | L12: 1 | M12: 2 | N12: 0.5 | O12: 0.5 | P12: 1
A13: Ground | B13: 1 | C13: 2 | D13: 1 | E13: 2 | F13: 0.5 | G13: 1 | H13: 1 | I13: 2 | J13: 1 | K13: 0 | L13: 1 | M13: 0.5 | N13: 2 | O13: 1 | P13: 1
A14: Flying | B14: 1 | C14: 1 | D14: 1 | E14: 0.5 | F14: 2 | G14: 1 | H14: 2 | I14: 1 | J14: 1 | K14: 1 | L14: 1 | M14: 2 | N14: 0.5 | O14: 1 | P14: 1
A15: Psychic | B15: 1 | C15: 1 | D15: 1 | E15: 1 | F15: 1 | G15: 1 | H15: 2 | I15: 2 | J15: 1 | K15: 1 | L15: 0.5 | M15: 1 | N15: 1 | O15: 1 | P15: 1
A16: Bug | B16: 1 | C16: 0.5 | D16: 1 | E16: 1 | F16: 2 | G16: 1 | H16: 0.5 | I16: 2 | J16: 1 | K16: 0.5 | L16: 2 | M16: 1 | N16: 1 | O16: 0.5 | P16: 1
... A19: Dragon | B19: 1 | C19: 1 | D19: 1 | E19: 1 | F19: 1 | G19: 1 | H19: 1 | I19: 1 | J19: 1 | K19: 1 | L19: 1 | M19: 1 | N19: 1 | O19: 1 | P19: 2
A21: Green = super effective (2x) | Yellow = resisted (0.5x) | Black = immune (0x) | RED = differs from modern Pokemon

Sheet Gen1 Quirks
A1: Gen 1 vs. Modern — What Will Trip You Up
A2: If you learned Pokemon after 1999, these five rules are counterintuitive and they matter.
A4: Interaction | B4: Gen 1 (Yellow) | C4: Modern | D4: Why you care
A5: Ghost -> Psychic | B5: 0x (was meant to be 2x) | C5: 2x | D5: The single most famous Gen 1 bug. Ghost moves literally cannot touch Psychic. Sabrina/Alakazam have NO exploitable weakness.
A6: Bug -> Psychic | B6: 2x | C6: 2x | D6: Bug is Psychic's only working weakness in Gen 1 -- but every Bug move is garbage (Twineedle 25, Pin Missile 14, Leech Life 20). Coverage that exists on paper only.
A7: Poison -> Bug | B7: 2x | C7: 1x | D7: Gen 1 only. Poison beats Bug.
A8: Bug -> Poison | B8: 2x | C8: 1x | D8: Gen 1 only, and it goes BOTH ways. Bug beats Poison too.
A9: Ice -> Fire | B9: 1x | C9: 0.5x | D9: Fire does NOT resist Ice in Gen 1. Blizzard hits Blaine's whole gym for neutral.
A10: Dragon -> Dragon | B10: 2x | C10: 2x | D10: Moot: the only Dragon move in Gen 1 is Dragon Rage, fixed 40 damage.
A11: No Dark / Steel / Fairy | B11: n/a | C11: exists | D11: Only 15 types. Psychic has no counterplay because the types that would check it don't exist yet.
A12: Physical/Special split | B12: Does not exist | C12: Per-move | D12: Type determines category. Normal/Fighting/Flying/Ground/Rock/Bug/Ghost/Poison = Physical (uses Attack). Water/Grass/Fire/Ice/Electric/Psychic/Dragon = Special. A Pokemon's ONE Special stat is both its special attack AND special defense.

Sheet Pokedex
A1: Kanto Pokedex — Types
A2: Reference table. Type 2 blank = single-typed.
A4: # | B4: Name | C4: Type 1 | D4: Type 2
A5: 1 | B5: Bulbasaur | C5: Grass | D5: Poison
A6: 2 | B6: Ivysaur | C6: Grass | D6: Poison
A7: 3 | B7: Venusaur | C7: Grass | D7: Poison
A8: 4 | B8: Charmander | C8: Fire
A9: 5 | B9: Charmeleon | C9: Fire
A10: 6 | B10: Charizard | C10: Fire | D10: Flying
A11: 7 | B11: Squirtle | C11: Water
A12: 8 | B12: Wartortle | C12: Water
A13: 9 | B13: Blastoise | C13: Water
A14: 10 | B14: Caterpie | C14: Bug
A15: 11 | B15: Metapod | C15: Bug
A16: 12 | B16: Butterfree | C16: Bug | D16: Flying
A17: 13 | B17: Weedle | C17: Bug | D17: Poison
A18: 14 | B18: Kakuna | C18: Bug | D18: Poison
A19: 15 | B19: Beedrill | C19: Bug | D19: Poison
A20: 16 | B20: Pidgey | C20: Normal | D20: Flying
A21: 17 | B21: Pidgeotto | C21: Normal | D21: Flying
A22: 18 | B22: Pidgeot | C22: Normal | D22: Flying
A23: 19 | B23: Rattata | C23: Normal
A24: 20 | B24: Raticate | C24: Normal
A25: 21 | B25: Spearow | C25: Normal | D25: Flying
A26: 22 | B26: Fearow | C26: Normal | D26: Flying
A27: 23 | B27: Ekans | C27: Poison
A28: 24 | B28: Arbok | C28: Poison
A29: 25 | B29: Pikachu | C29: Electric
A30: 26 | B30: Raichu | C30: Electric
A31: 27 | B31: Sandshrew | C31: Ground
A32: 28 | B32: Sandslash | C32: Ground
A33: 29 | B33: Nidoran-F | C33: Poison
A34: 30 | B34: Nidorina | C34: Poison
A35: 31 | B35: Nidoqueen | C35: Poison | D35: Ground
A36: 32 | B36: Nidoran-M | C36: Poison
A37: 33 | B37: Nidorino | C37: Poison
A38: 34 | B38: Nidoking | C38: Poison | D38: Ground
A39: 35 | B39: Clefairy | C39: Normal
A40: 36 | B40: Clefable | C40: Normal
A41: 37 | B41: Vulpix | C41: Fire
A42: 38 | B42: Ninetales | C42: Fire
A43: 39 | B43: Jigglypuff | C43: Normal
A44: 40 | B44: Wigglytuff | C44: Normal
A45: 41 | B45: Zubat | C45: Poison | D45: Flying
A46: 42 | B46: Golbat | C46: Poison | D46: Flying
A47: 43 | B47: Oddish | C47: Grass | D47: Poison
A48: 44 | B48: Gloom | C48: Grass | D48: Poison
A49: 45 | B49: Vileplume | C49: Grass | D49: Poison
A50: 46 | B50: Paras | C50: Bug | D50: Grass
A51: 47 | B51: Parasect | C51: Bug | D51: Grass
A52: 48 | B52: Venonat | C52: Bug | D52: Poison
A53: 49 | B53: Venomoth | C53: Bug | D53: Poison
A54: 50 | B54: Diglett | C54: Ground
A55: 51 | B55: Dugtrio | C55: Ground
A56: 52 | B56: Meowth | C56: Normal
A57: 53 | B57: Persian | C57: Normal
A58: 54 | B58: Psyduck | C58: Water
A59: 55 | B59: Golduck | C59: Water
A60: 56 | B60: Mankey | C60: Fighting
A61: 57 | B61: Primeape | C61: Fighting
A62: 58 | B62: Growlithe | C62: Fire
A63: 59 | B63: Arcanine | C63: Fire
A64: 60 | B64: Poliwag | C64: Water
A65: 61 | B65: Poliwhirl | C65: Water
A66: 62 | B66: Poliwrath | C66: Water | D66: Fighting
A67: 63 | B67: Abra | C67: Psychic
A68: 64 | B68: Kadabra | C68: Psychic
A69: 65 | B69: Alakazam | C69: Psychic
A70: 66 | B70: Machop | C70: Fighting
A71: 67 | B71: Machoke | C71: Fighting
A72: 68 | B72: Machamp | C72: Fighting
A73: 69 | B73: Bellsprout | C73: Grass | D73: Poison
A74: 70 | B74: Weepinbell | C74: Grass | D74: Poison
A75: 71 | B75: Victreebel | C75: Grass | D75: Poison
A76: 72 | B76: Tentacool | C76: Water | D76: Poison
A77: 73 | B77: Tentacruel | C77: Water | D77: Poison
A78: 74 | B78: Geodude | C78: Rock | D78: Ground
A79: 75 | B79: Graveler | C79: Rock | D79: Ground
A80: 76 | B80: Golem | C80: Rock | D80: Ground
A81: 77 | B81: Ponyta | C81: Fire
A82: 78 | B82: Rapidash | C82: Fire
A83: 79 | B83: Slowpoke | C83: Water | D83: Psychic
A84: 80 | B84: Slowbro | C84: Water | D84: Psychic
A85: 81 | B85: Magnemite | C85: Electric
A86: 82 | B86: Magneton | C86: Electric
A87: 83 | B87: Farfetch'd | C87: Normal | D87: Flying
A88: 84 | B88: Doduo | C88: Normal | D88: Flying
A89: 85 | B89: Dodrio | C89: Normal | D89: Flying
A90: 86 | B90: Seel | C90: Water
A91: 87 | B91: Dewgong | C91: Water | D91: Ice
A92: 88 | B92: Grimer | C92: Poison
A93: 89 | B93: Muk | C93: Poison
A94: 90 | B94: Shellder | C94: Water
A95: 91 | B95: Cloyster | C95: Water | D95: Ice
A96: 92 | B96: Gastly | C96: Ghost | D96: Poison
A97: 93 | B97: Haunter | C97: Ghost | D97: Poison
A98: 94 | B98: Gengar | C98: Ghost | D98: Poison
A99: 95 | B99: Onix | C99: Rock | D99: Ground
A100: 96 | B100: Drowzee | C100: Psychic
A101: 97 | B101: Hypno | C101: Psychic
...

Sheet Effectiveness
A1: Damage Multiplier — Every Attacking Type vs. All 151
A2: Live INDEX/MATCH against 'Type Chart'. Column letters E:S map to the 15 attacking types.
A4: # | B4: Name | C4: Type 1 | D4: Type 2 | E4: Normal | F4: Fire | G4: Water | H4: Electric | I4: Grass | J4: Ice | K4: Fighting | L4: Poison | M4: Ground | N4: Flying | O4: Psychic | P4: Bug | Q4: Rock | R4: Ghost | S4: Dragon
A5: 1 | B5: Bulbasaur | C5: =Pokedex!C5 -> Grass | D5: =Pokedex!D5 -> Poison | E5: =INDEX('Type Chart'!$B$5:$P$19,MATCH(E$4,'Type Chart'!$A$5:$A$19,0),MATCH($C5,'Type Chart'!$B$4:$P$4,0))*IF($D5="",1,INDEX('Type Chart'!$B$5:$P$19,MATCH(E$4,'Type Chart'!$A$5:$A$19,0),MATCH($D5,'Type Chart'!$B$4:$P$4,0))) -> 1 | F5: =INDEX('Type Chart'!$B$5:$P$19,MATCH(F$4,'Type Chart'!$A$5:$A$19,0),MATCH($C5,'Type Chart'!$B$4:$P$4,0))*IF($D5="",1,INDEX('Type Chart'!$B$5:$P$19,MATCH(F$4,'Type Chart'!$A$5:$A$19,0),MATCH($D5,'Type Chart'!$B$4:$P$4,0))) -> 2 | G5: =INDEX('Type Chart'!$B$5:$P$19,MATCH(G$4,'Type Chart'!$A$5:$A$19,0),MATCH($C5,'Type Chart'!$B$4:$P$4,0))*IF($D5="",1,INDEX('Type Chart'!$B$5:$P$19,MATCH(G$4,'Type Chart'!$A$5:$A$19,0),MATCH($D5,'Type Chart'!$B$4:$P$4,0))) -> 0.5 | H5: =INDEX('Type Chart'!$B$5:$P$19,MATCH(H$4,'Type Chart'!$A$5:$A$19,0),MATCH($C5,'Type Chart'!$B$4:$P$4,0))*IF($D5="",1,INDEX('Type Chart'!$B$5:$P$19,MATCH(H$4,'Type Chart'!$A$5:$A$19,0),MATCH($D5,'Type Chart'!$B$4:$P$4,0))) -> 0.5 | I5: =INDEX('Type Chart'!$B$5:$P$19,MATCH(I$4,'Type Chart'!$A$5:$A$19,0),MATCH($C5,'Type Chart'!$B$4:$P$4,0))*IF($D5="",1,INDEX('Type Chart'!$B$5:$P$19,MATCH(I$4,'Type Chart'!$A$5:$A$19,0),MATCH($D5,'Type Chart'!$B$4:$P$4,0))) -> 0.25 | J5: =INDEX('Type Chart'!$B$5:$P$19,MATCH(J$4,'Type Chart'!$A$5:$A$19,0),MATCH($C5,'Type Chart'!$B$4:$P$4,0))*IF($D5="",1,INDEX('Type Chart'!$B$5:$P$19,MATCH(J$4,'Type Chart'!$A$5:$A$19,0),MATCH($D5,'Type Chart'!$B$4:$P$4,0))) -> 2 | K5: =INDEX('Type Chart'!$B$5:$P$19,MATCH(K$4,'Type Chart'!$A$5:$A$19,0),MATCH($C5,'Type Chart'!$B$4:$P$4,0))*IF($D5="",1,INDEX('Type Chart'!$B$5:$P$19,MATCH(K$4,'Type Chart'!$A$5:$A$19,0),MATCH($D5,'Type Chart'!$B$4:$P$4,0))) -> 0.5 | L5: =INDEX('Type Chart'!$B$5:$P$19,MATCH(L$4,'Type Chart'!$A$5:$A$19,0),MATCH($C5,'Type Chart'!$B$4:$P$4,0))*IF($D5="",1,INDEX('Type Chart'!$B$5:$P$19,MATCH(L$4,'Type Chart'!$A$5:$A$19,0),MATCH($D5,'Type Chart'!$B$4:$P$4,0))) -> 1 | ... S5: =INDEX('Type Chart'!$B$5:$P$19,MATCH(S$4,'Type Chart'!$A$5:$A$19,0),MATCH($C5,'Type Chart'!$B$4:$P$4,0))*IF($D5="",1,INDEX('Type Chart'!$B$5:$P$19,MATCH(S$4,'Type Chart'!$A$5:$A$19,0),MATCH($D5,'Type Chart'!$B$4:$P$4,0))) -> 1
A6: 2 | B6: Ivysaur | C6: =Pokedex!C6 -> Grass | D6: =Pokedex!D6 -> Poison | E6: =INDEX('Type Chart'!$B$5:$P$19,MATCH(E$4,'Type Chart'!$A$5:$A$19,0),MATCH($C6,'Type Chart'!$B$4:$P$4,0))*IF($D6="",1,INDEX('Type Chart'!$B$5:$P$19,MATCH(E$4,'Type Chart'!$A$5:$A$19,0),MATCH($D6,'Type Chart'!$B$4:$P$4,0))) -> 1 | F6: =INDEX('Type Chart'!$B$5:$P$19,MATCH(F$4,'Type Chart'!$A$5:$A$19,0),MATCH($C6,'Type Chart'!$B$4:$P$4,0))*IF($D6="",1,INDEX('Type Chart'!$B$5:$P$19,MATCH(F$4,'Type Chart'!$A$5:$A$19,0),MATCH($D6,'Type Chart'!$B$4:$P$4,0))) -> 2 | G6: =INDEX('Type Chart'!$B$5:$P$19,MATCH(G$4,'Type Chart'!$A$5:$A$19,0),MATCH($C6,'Type Chart'!$B$4:$P$4,0))*IF($D6="",1,INDEX('Type Chart'!$B$5:$P$19,MATCH(G$4,'Type Chart'!$A$5:$A$19,0),MATCH($D6,'Type Chart'!$B$4:$P$4,0))) -> 0.5 | H6: =INDEX('Type Chart'!$B$5:$P$19,MATCH(H$4,'Type Chart'!$A$5:$A$19,0),MATCH($C6,'Type Chart'!$B$4:$P$4,0))*IF($D6="",1,INDEX('Type Chart'!$B$5:$P$19,MATCH(H$4,'Type Chart'!$A$5:$A$19,0),MATCH($D6,'Type Chart'!$B$4:$P$4,0))) -> 0.5 | I6: =INDEX('Type Chart'!$B$5:$P$19,MATCH(I$4,'Type Chart'!$A$5:$A$19,0),MATCH($C6,'Type Chart'!$B$4:$P$4,0))*IF($D6="",1,INDEX('Type Chart'!$B$5:$P$19,MATCH(I$4,'Type Chart'!$A$5:$A$19,0),MATCH($D6,'Type Chart'!$B$4:$P$4,0))) -> 0.25 | J6: =INDEX('Type Chart'!$B$5:$P$19,MATCH(J$4,'Type Chart'!$A$5:$A$19,0),MATCH($C6,'Type Chart'!$B$4:$P$4,0))*IF($D6="",1,INDEX('Type Chart'!$B$5:$P$19,MATCH(J$4,'Type Chart'!$A$5:$A$19,0),MATCH($D6,'Type Chart'!$B$4:$P$4,0))) -> 2 | K6: =INDEX('Type Chart'!$B$5:$P$19,MATCH(K$4,'Type Chart'!$A$5:$A$19,0),MATCH($C6,'Type Chart'!$B$4:$P$4,0))*IF($D6="",1,INDEX('Type Chart'!$B$5:$P$19,MATCH(K$4,'Type Chart'!$A$5:$A$19,0),MATCH($D6,'Type Chart'!$B$4:$P$4,0))) -> 0.5 | L6: =INDEX('Type Chart'!$B$5:$P$19,MATCH(L$4,'Type Chart'!$A$5:$A$19,0),MATCH($C6,'Type Chart'!$B$4:$P$4,0))*IF($D6="",1,INDEX('Type Chart'!$B$5:$P$19,MATCH(L$4,'Type Chart'!$A$5:$A$19,0),MATCH($D6,'Type Chart'!$B$4:$P$4,0))) -> 1 | ... S6: =INDEX('Type Chart'!$B$5:$P$19,MATCH(S$4,'Type Chart'!$A$5:$A$19,0),MATCH($C6,'Type Chart'!$B$4:$P$4,0))*IF($D6="",1,INDEX('Type Chart'!$B$5:$P$19,MATCH(S$4,'Type Chart'!$A$5:$A$19,0),MATCH($D6,'Type Chart'!$B$4:$P$4,0))) -> 1
A7: 3 | B7: Venusaur | C7: =Pokedex!C7 -> Grass | D7: =Pokedex!D7 -> Poison | E7: =INDEX('Type Chart'!$B$5:$P$19,MATCH(E$4,'Type Chart'!$A$5:$A$19,0),MATCH($C7,'Type Chart'!$B$4:$P$4,0))*IF($D7="",1,INDEX('Type Chart'!$B$5:$P$19,MATCH(E$4,'Type Chart'!$A$5:$A$19,0),MATCH($D7,'Type Chart'!$B$4:$P$4,0))) -> 1 | F7: =INDEX('Type Chart'!$B$5:$P$19,MATCH(F$4,'Type Chart'!$A$5:$A$19,0),MATCH($C7,'Type Chart'!$B$4:$P$4,0))*IF($D7="",1,INDEX('Type Chart'!$B$5:$P$19,MATCH(F$4,'Type Chart'!$A$5:$A$19,0),MATCH($D7,'Type Chart'!$B$4:$P$4,0))) -> 2 | G7: =INDEX('Type Chart'!$B$5:$P$19,MATCH(G$4,'Type Chart'!$A$5:$A$19,0),MATCH($C7,'Type Chart'!$B$4:$P$4,0))*IF($D7="",1,INDEX('Type Chart'!$B$5:$P$19,MATCH(G$4,'Type Chart'!$A$5:$A$19,0),MATCH($D7,'Type Chart'!$B$4:$P$4,0))) -> 0.5 | H7: =INDEX('Type Chart'!$B$5:$P$19,MATCH(H$4,'Type Chart'!$A$5:$A$19,0),MATCH($C7,'Type Chart'!$B$4:$P$4,0))*IF($D7="",1,INDEX('Type Chart'!$B$5:$P$19,MATCH(H$4,'Type Chart'!$A$5:$A$19,0),MATCH($D7,'Type Chart'!$B$4:$P$4,0))) -> 0.5 | I7: =INDEX('Type Chart'!$B$5:$P$19,MATCH(I$4,'Type Chart'!$A$5:$A$19,0),MATCH($C7,'Type Chart'!$B$4:$P$4,0))*IF($D7="",1,INDEX('Type Chart'!$B$5:$P$19,MATCH(I$4,'Type Chart'!$A$5:$A$19,0),MATCH($D7,'Type Chart'!$B$4:$P$4,0))) -> 0.25 | J7: =INDEX('Type Chart'!$B$5:$P$19,MATCH(J$4,'Type Chart'!$A$5:$A$19,0),MATCH($C7,'Type Chart'!$B$4:$P$4,0))*IF($D7="",1,INDEX('Type Chart'!$B$5:$P$19,MATCH(J$4,'Type Chart'!$A$5:$A$19,0),MATCH($D7,'Type Chart'!$B$4:$P$4,0))) -> 2 | K7: =INDEX('Type Chart'!$B$5:$P$19,MATCH(K$4,'Type Chart'!$A$5:$A$19,0),MATCH($C7,'Type Chart'!$B$4:$P$4,0))*IF($D7="",1,INDEX('Type Chart'!$B$5:$P$19,MATCH(K$4,'Type Chart'!$A$5:$A$19,0),MATCH($D7,'Type Chart'!$B$4:$P$4,0))) -> 0.5 | L7: =INDEX('Type Chart'!$B$5:$P$19,MATCH(L$4,'Type Chart'!$A$5:$A$19,0),MATCH($C7,'Type Chart'!$B$4:$P$4,0))*IF($D7="",1,INDEX('Type Chart'!$B$5:$P$19,MATCH(L$4,'Type Chart'!$A$5:$A$19,0),MATCH($D7,'Type Chart'!$B$4:$P$4,0))) -> 1 | ... S7: =INDEX('Type Chart'!$B$5:$P$19,MATCH(S$4,'Type Chart'!$A$5:$A$19,0),MATCH($C7,'Type Chart'!$B$4:$P$4,0))*IF($D7="",1,INDEX('Type Chart'!$B$5:$P$19,MATCH(S$4,'Type Chart'!$A$5:$A$19,0),MATCH($D7,'Type Chart'!$B$4:$P$4,0))) -> 1
A8: 4 | B8: Charmander | C8: =Pokedex!C8 -> Fire | D8: =Pokedex!D8 -> 0 | E8: =INDEX('Type Chart'!$B$5:$P$19,MATCH(E$4,'Type Chart'!$A$5:$A$19,0),MATCH($C8,'Type Chart'!$B$4:$P$4,0))*IF($D8="",1,INDEX('Type Chart'!$B$5:$P$19,MATCH(E$4,'Type Chart'!$A$5:$A$19,0),MATCH($D8,'Type Chart'!$B$4:$P$4,0))) -> 1 | F8: =INDEX('Type Chart'!$B$5:$P$19,MATCH(F$4,'Type Chart'!$A$5:$A$19,0),MATCH($C8,'Type Chart'!$B$4:$P$4,0))*IF($D8="",1,INDEX('Type Chart'!$B$5:$P$19,MATCH(F$4,'Type Chart'!$A$5:$A$19,0),MATCH($D8,'Type Chart'!$B$4:$P$4,0))) -> 0.5 | G8: =INDEX('Type Chart'!$B$5:$P$19,MATCH(G$4,'Type Chart'!$A$5:$A$19,0),MATCH($C8,'Type Chart'!$B$4:$P$4,0))*IF($D8="",1,INDEX('Type Chart'!$B$5:$P$19,MATCH(G$4,'Type Chart'!$A$5:$A$19,0),MATCH($D8,'Type Chart'!$B$4:$P$4,0))) -> 2 | H8: =INDEX('Type Chart'!$B$5:$P$19,MATCH(H$4,'Type Chart'!$A$5:$A$19,0),MATCH($C8,'Type Chart'!$B$4:$P$4,0))*IF($D8="",1,INDEX('Type Chart'!$B$5:$P$19,MATCH(H$4,'Type Chart'!$A$5:$A$19,0),MATCH($D8,'Type Chart'!$B$4:$P$4,0))) -> 1 | I8: =INDEX('Type Chart'!$B$5:$P$19,MATCH(I$4,'Type Chart'!$A$5:$A$19,0),MATCH($C8,'Type Chart'!$B$4:$P$4,0))*IF($D8="",1,INDEX('Type Chart'!$B$5:$P$19,MATCH(I$4,'Type Chart'!$A$5:$A$19,0),MATCH($D8,'Type Chart'!$B$4:$P$4,0))) -> 0.5 | J8: =INDEX('Type Chart'!$B$5:$P$19,MATCH(J$4,'Type Chart'!$A$5:$A$19,0),MATCH($C8,'Type Chart'!$B$4:$P$4,0))*IF($D8="",1,INDEX('Type Chart'!$B$5:$P$19,MATCH(J$4,'Type Chart'!$A$5:$A$19,0),MATCH($D8,'Type Chart'!$B$4:$P$4,0))) -> 1 | K8: =INDEX('Type Chart'!$B$5:$P$19,MATCH(K$4,'Type Chart'!$A$5:$A$19,0),MATCH($C8,'Type Chart'!$B$4:$P$4,0))*IF($D8="",1,INDEX('Type Chart'!$B$5:$P$19,MATCH(K$4,'Type Chart'!$A$5:$A$19,0),MATCH($D8,'Type Chart'!$B$4:$P$4,0))) -> 1 | L8: =INDEX('Type Chart'!$B$5:$P$19,MATCH(L$4,'Type Chart'!$A$5:$A$19,0),MATCH($C8,'Type Chart'!$B$4:$P$4,0))*IF($D8="",1,INDEX('Type Chart'!$B$5:$P$19,MATCH(L$4,'Type Chart'!$A$5:$A$19,0),MATCH($D8,'Type Chart'!$B$4:$P$4,0))) -> 1 | ... S8: =INDEX('Type Chart'!$B$5:$P$19,MATCH(S$4,'Type Chart'!$A$5:$A$19,0),MATCH($C8,'Type Chart'!$B$4:$P$4,0))*IF($D8="",1,INDEX('Type Chart'!$B$5:$P$19,MATCH(S$4,'Type Chart'!$A$5:$A$19,0),MATCH($D8,'Type Chart'!$B$4:$P$4,0))) -> 1
A9: 5 | B9: Charmeleon | C9: =Pokedex!C9 -> Fire | D9: =Pokedex!D9 -> 0 | E9: =INDEX('Type Chart'!$B$5:$P$19,MATCH(E$4,'Type Chart'!$A$5:$A$19,0),MATCH($C9,'Type Chart'!$B$4:$P$4,0))*IF($D9="",1,INDEX('Type Chart'!$B$5:$P$19,MATCH(E$4,'Type Chart'!$A$5:$A$19,0),MATCH($D9,'Type Chart'!$B$4:$P$4,0))) -> 1 | F9: =INDEX('Type Chart'!$B$5:$P$19,MATCH(F$4,'Type Chart'!$A$5:$A$19,0),MATCH($C9,'Type Chart'!$B$4:$P$4,0))*IF($D9="",1,INDEX('Type Chart'!$B$5:$P$19,MATCH(F$4,'Type Chart'!$A$5:$A$19,0),MATCH($D9,'Type Chart'!$B$4:$P$4,0))) -> 0.5 | G9: =INDEX('Type Chart'!$B$5:$P$19,MATCH(G$4,'Type Chart'!$A$5:$A$19,0),MATCH($C9,'Type Chart'!$B$4:$P$4,0))*IF($D9="",1,INDEX('Type Chart'!$B$5:$P$19,MATCH(G$4,'Type Chart'!$A$5:$A$19,0),MATCH($D9,'Type Chart'!$B$4:$P$4,0))) -> 2 | H9: =INDEX('Type Chart'!$B$5:$P$19,MATCH(H$4,'Type Chart'!$A$5:$A$19,0),MATCH($C9,'Type Chart'!$B$4:$P$4,0))*IF($D9="",1,INDEX('Type Chart'!$B$5:$P$19,MATCH(H$4,'Type Chart'!$A$5:$A$19,0),MATCH($D9,'Type Chart'!$B$4:$P$4,0))) -> 1 | I9: =INDEX('Type Chart'!$B$5:$P$19,MATCH(I$4,'Type Chart'!$A$5:$A$19,0),MATCH($C9,'Type Chart'!$B$4:$P$4,0))*IF($D9="",1,INDEX('Type Chart'!$B$5:$P$19,MATCH(I$4,'Type Chart'!$A$5:$A$19,0),MATCH($D9,'Type Chart'!$B$4:$P$4,0))) -> 0.5 | J9: =INDEX('Type Chart'!$B$5:$P$19,MATCH(J$4,'Type Chart'!$A$5:$A$19,0),MATCH($C9,'Type Chart'!$B$4:$P$4,0))*IF($D9="",1,INDEX('Type Chart'!$B$5:$P$19,MATCH(J$4,'Type Chart'!$A$5:$A$19,0),MATCH($D9,'Type Chart'!$B$4:$P$4,0))) -> 1 | K9: =INDEX('Type Chart'!$B$5:$P$19,MATCH(K$4,'Type Chart'!$A$5:$A$19,0),MATCH($C9,'Type Chart'!$B$4:$P$4,0))*IF($D9="",1,INDEX('Type Chart'!$B$5:$P$19,MATCH(K$4,'Type Chart'!$A$5:$A$19,0),MATCH($D9,'Type Chart'!$B$4:$P$4,0))) -> 1 | L9: =INDEX('Type Chart'!$B$5:$P$19,MATCH(L$4,'Type Chart'!$A$5:$A$19,0),MATCH($C9,'Type Chart'!$B$4:$P$4,0))*IF($D9="",1,INDEX('Type Chart'!$B$5:$P$19,MATCH(L$4,'Type Chart'!$A$5:$A$19,0),MATCH($D9,'Type Chart'!$B$4:$P$4,0))) -> 1 | ... S9: =INDEX('Type Chart'!$B$5:$P$19,MATCH(S$4,'Type Chart'!$A$5:$A$19,0),MATCH($C9,'Type Chart'!$B$4:$P$4,0))*IF($D9="",1,INDEX('Type Chart'!$B$5:$P$19,MATCH(S$4,'Type Chart'!$A$5:$A$19,0),MATCH($D9,'Type Chart'!$B$4:$P$4,0))) -> 1
A10: 6 | B10: Charizard | C10: =Pokedex!C10 -> Fire | D10: =Pokedex!D10 -> Flying | E10: =INDEX('Type Chart'!$B$5:$P$19,MATCH(E$4,'Type Chart'!$A$5:$A$19,0),MATCH($C10,'Type Chart'!$B$4:$P$4,0))*IF($D10="",1,INDEX('Type Chart'!$B$5:$P$19,MATCH(E$4,'Type Chart'!$A$5:$A$19,0),MATCH($D10,'Type Chart'!$B$4:$P$4,0))) -> 1 | F10: =INDEX('Type Chart'!$B$5:$P$19,MATCH(F$4,'Type Chart'!$A$5:$A$19,0),MATCH($C10,'Type Chart'!$B$4:$P$4,0))*IF($D10="",1,INDEX('Type Chart'!$B$5:$P$19,MATCH(F$4,'Type Chart'!$A$5:$A$19,0),MATCH($D10,'Type Chart'!$B$4:$P$4,0))) -> 0.5 | G10: =INDEX('Type Chart'!$B$5:$P$19,MATCH(G$4,'Type Chart'!$A$5:$A$19,0),MATCH($C10,'Type Chart'!$B$4:$P$4,0))*IF($D10="",1,INDEX('Type Chart'!$B$5:$P$19,MATCH(G$4,'Type Chart'!$A$5:$A$19,0),MATCH($D10,'Type Chart'!$B$4:$P$4,0))) -> 2 | H10: =INDEX('Type Chart'!$B$5:$P$19,MATCH(H$4,'Type Chart'!$A$5:$A$19,0),MATCH($C10,'Type Chart'!$B$4:$P$4,0))*IF($D10="",1,INDEX('Type Chart'!$B$5:$P$19,MATCH(H$4,'Type Chart'!$A$5:$A$19,0),MATCH($D10,'Type Chart'!$B$4:$P$4,0))) -> 2 | I10: =INDEX('Type Chart'!$B$5:$P$19,MATCH(I$4,'Type Chart'!$A$5:$A$19,0),MATCH($C10,'Type Chart'!$B$4:$P$4,0))*IF($D10="",1,INDEX('Type Chart'!$B$5:$P$19,MATCH(I$4,'Type Chart'!$A$5:$A$19,0),MATCH($D10,'Type Chart'!$B$4:$P$4,0))) -> 0.25 | J10: =INDEX('Type Chart'!$B$5:$P$19,MATCH(J$4,'Type Chart'!$A$5:$A$19,0),MATCH($C10,'Type Chart'!$B$4:$P$4,0))*IF($D10="",1,INDEX('Type Chart'!$B$5:$P$19,MATCH(J$4,'Type Chart'!$A$5:$A$19,0),MATCH($D10,'Type Chart'!$B$4:$P$4,0))) -> 2 | K10: =INDEX('Type Chart'!$B$5:$P$19,MATCH(K$4,'Type Chart'!$A$5:$A$19,0),MATCH($C10,'Type Chart'!$B$4:$P$4,0))*IF($D10="",1,INDEX('Type Chart'!$B$5:$P$19,MATCH(K$4,'Type Chart'!$A$5:$A$19,0),MATCH($D10,'Type Chart'!$B$4:$P$4,0))) -> 0.5 | L10: =INDEX('Type Chart'!$B$5:$P$19,MATCH(L$4,'Type Chart'!$A$5:$A$19,0),MATCH($C10,'Type Chart'!$B$4:$P$4,0))*IF($D10="",1,INDEX('Type Chart'!$B$5:$P$19,MATCH(L$4,'Type Chart'!$A$5:$A$19,0),MATCH($D10,'Type Chart'!$B$4:$P$4,0))) -> 1 | ... S10: =INDEX('Type Chart'!$B$5:$P$19,MATCH(S$4,'Type Chart'!$A$5:$A$19,0),MATCH($C10,'Type Chart'!$B$4:$P$4,0))*IF($D10="",1,INDEX('Type Chart'!$B$5:$P$19,MATCH(S$4,'Type Chart'!$A$5:$A$19,0),MATCH($D10,'Type Chart'!$B$4:$P$4,0))) -> 1
A11: 7 | B11: Squirtle | C11: =Pokedex!C11 -> Water | D11: =Pokedex!D11 -> 0 | E11: =INDEX('Type Chart'!$B$5:$P$19,MATCH(E$4,'Type Chart'!$A$5:$A$19,0),MATCH($C11,'Type Chart'!$B$4:$P$4,0))*IF($D11="",1,INDEX('Type Chart'!$B$5:$P$19,MATCH(E$4,'Type Chart'!$A$5:$A$19,0),MATCH($D11,'Type Chart'!$B$4:$P$4,0))) -> 1 | F11: =INDEX('Type Chart'!$B$5:$P$19,MATCH(F$4,'Type Chart'!$A$5:$A$19,0),MATCH($C11,'Type Chart'!$B$4:$P$4,0))*IF($D11="",1,INDEX('Type Chart'!$B$5:$P$19,MATCH(F$4,'Type Chart'!$A$5:$A$19,0),MATCH($D11,'Type Chart'!$B$4:$P$4,0))) -> 0.5 | G11: =INDEX('Type Chart'!$B$5:$P$19,MATCH(G$4,'Type Chart'!$A$5:$A$19,0),MATCH($C11,'Type Chart'!$B$4:$P$4,0))*IF($D11="",1,INDEX('Type Chart'!$B$5:$P$19,MATCH(G$4,'Type Chart'!$A$5:$A$19,0),MATCH($D11,'Type Chart'!$B$4:$P$4,0))) -> 0.5 | H11: =INDEX('Type Chart'!$B$5:$P$19,MATCH(H$4,'Type Chart'!$A$5:$A$19,0),MATCH($C11,'Type Chart'!$B$4:$P$4,0))*IF($D11="",1,INDEX('Type Chart'!$B$5:$P$19,MATCH(H$4,'Type Chart'!$A$5:$A$19,0),MATCH($D11,'Type Chart'!$B$4:$P$4,0))) -> 2 | I11: =INDEX('Type Chart'!$B$5:$P$19,MATCH(I$4,'Type Chart'!$A$5:$A$19,0),MATCH($C11,'Type Chart'!$B$4:$P$4,0))*IF($D11="",1,INDEX('Type Chart'!$B$5:$P$19,MATCH(I$4,'Type Chart'!$A$5:$A$19,0),MATCH($D11,'Type Chart'!$B$4:$P$4,0))) -> 2 | J11: =INDEX('Type Chart'!$B$5:$P$19,MATCH(J$4,'Type Chart'!$A$5:$A$19,0),MATCH($C11,'Type Chart'!$B$4:$P$4,0))*IF($D11="",1,INDEX('Type Chart'!$B$5:$P$19,MATCH(J$4,'Type Chart'!$A$5:$A$19,0),MATCH($D11,'Type Chart'!$B$4:$P$4,0))) -> 0.5 | K11: =INDEX('Type Chart'!$B$5:$P$19,MATCH(K$4,'Type Chart'!$A$5:$A$19,0),MATCH($C11,'Type Chart'!$B$4:$P$4,0))*IF($D11="",1,INDEX('Type Chart'!$B$5:$P$19,MATCH(K$4,'Type Chart'!$A$5:$A$19,0),MATCH($D11,'Type Chart'!$B$4:$P$4,0))) -> 1 | L11: =INDEX('Type Chart'!$B$5:$P$19,MATCH(L$4,'Type Chart'!$A$5:$A$19,0),MATCH($C11,'Type Chart'!$B$4:$P$4,0))*IF($D11="",1,INDEX('Type Chart'!$B$5:$P$19,MATCH(L$4,'Type Chart'!$A$5:$A$19,0),MATCH($D11,'Type Chart'!$B$4:$P$4,0))) -> 1 | ... S11: =INDEX('Type Chart'!$B$5:$P$19,MATCH(S$4,'Type Chart'!$A$5:$A$19,0),MATCH($C11,'Type Chart'!$B$4:$P$4,0))*IF($D11="",1,INDEX('Type Chart'!$B$5:$P$19,MATCH(S$4,'Type Chart'!$A$5:$A$19,0),MATCH($D11,'Type Chart'!$B$4:$P$4,0))) -> 1
A12: 8 | B12: Wartortle | C12: =Pokedex!C12 -> Water | D12: =Pokedex!D12 -> 0 | E12: =INDEX('Type Chart'!$B$5:$P$19,MATCH(E$4,'Type Chart'!$A$5:$A$19,0),MATCH($C12,'Type Chart'!$B$4:$P$4,0))*IF($D12="",1,INDEX('Type Chart'!$B$5:$P$19,MATCH(E$4,'Type Chart'!$A$5:$A$19,0),MATCH($D12,'Type Chart'!$B$4:$P$4,0))) -> 1 | F12: =INDEX('Type Chart'!$B$5:$P$19,MATCH(F$4,'Type Chart'!$A$5:$A$19,0),MATCH($C12,'Type Chart'!$B$4:$P$4,0))*IF($D12="",1,INDEX('Type Chart'!$B$5:$P$19,MATCH(F$4,'Type Chart'!$A$5:$A$19,0),MATCH($D12,'Type Chart'!$B$4:$P$4,0))) -> 0.5 | G12: =INDEX('Type Chart'!$B$5:$P$19,MATCH(G$4,'Type Chart'!$A$5:$A$19,0),MATCH($C12,'Type Chart'!$B$4:$P$4,0))*IF($D12="",1,INDEX('Type Chart'!$B$5:$P$19,MATCH(G$4,'Type Chart'!$A$5:$A$19,0),MATCH($D12,'Type Chart'!$B$4:$P$4,0))) -> 0.5 | H12: =INDEX('Type Chart'!$B$5:$P$19,MATCH(H$4,'Type Chart'!$A$5:$A$19,0),MATCH($C12,'Type Chart'!$B$4:$P$4,0))*IF($D12="",1,INDEX('Type Chart'!$B$5:$P$19,MATCH(H$4,'Type Chart'!$A$5:$A$19,0),MATCH($D12,'Type Chart'!$B$4:$P$4,0))) -> 2 | I12: =INDEX('Type Chart'!$B$5:$P$19,MATCH(I$4,'Type Chart'!$A$5:$A$19,0),MATCH($C12,'Type Chart'!$B$4:$P$4,0))*IF($D12="",1,INDEX('Type Chart'!$B$5:$P$19,MATCH(I$4,'Type Chart'!$A$5:$A$19,0),MATCH($D12,'Type Chart'!$B$4:$P$4,0))) -> 2 | J12: =INDEX('Type Chart'!$B$5:$P$19,MATCH(J$4,'Type Chart'!$A$5:$A$19,0),MATCH($C12,'Type Chart'!$B$4:$P$4,0))*IF($D12="",1,INDEX('Type Chart'!$B$5:$P$19,MATCH(J$4,'Type Chart'!$A$5:$A$19,0),MATCH($D12,'Type Chart'!$B$4:$P$4,0))) -> 0.5 | K12: =INDEX('Type Chart'!$B$5:$P$19,MATCH(K$4,'Type Chart'!$A$5:$A$19,0),MATCH($C12,'Type Chart'!$B$4:$P$4,0))*IF($D12="",1,INDEX('Type Chart'!$B$5:$P$19,MATCH(K$4,'Type Chart'!$A$5:$A$19,0),MATCH($D12,'Type Chart'!$B$4:$P$4,0))) -> 1 | L12: =INDEX('Type Chart'!$B$5:$P$19,MATCH(L$4,'Type Chart'!$A$5:$A$19,0),MATCH($C12,'Type Chart'!$B$4:$P$4,0))*IF($D12="",1,INDEX('Type Chart'!$B$5:$P$19,MATCH(L$4,'Type Chart'!$A$5:$A$19,0),MATCH($D12,'Type Chart'!$B$4:$P$4,0))) -> 1 | ... S12: =INDEX('Type Chart'!$B$5:$P$19,MATCH(S$4,'Type Chart'!$A$5:$A$19,0),MATCH($C12,'Type Chart'!$B$4:$P$4,0))*IF($D12="",1,INDEX('Type Chart'!$B$5:$P$19,MATCH(S$4,'Type Chart'!$A$5:$A$19,0),MATCH($D12,'Type Chart'!$B$4:$P$4,0))) -> 1
A13: 9 | B13: Blastoise | C13: =Pokedex!C13 -> Water | D13: =Pokedex!D13 -> 0 | E13: =INDEX('Type Chart'!$B$5:$P$19,MATCH(E$4,'Type Chart'!$A$5:$A$19,0),MATCH($C13,'Type Chart'!$B$4:$P$4,0))*IF($D13="",1,INDEX('Type Chart'!$B$5:$P$19,MATCH(E$4,'Type Chart'!$A$5:$A$19,0),MATCH($D13,'Type Chart'!$B$4:$P$4,0))) -> 1 | F13: =INDEX('Type Chart'!$B$5:$P$19,MATCH(F$4,'Type Chart'!$A$5:$A$19,0),MATCH($C13,'Type Chart'!$B$4:$P$4,0))*IF($D13="",1,INDEX('Type Chart'!$B$5:$P$19,MATCH(F$4,'Type Chart'!$A$5:$A$19,0),MATCH($D13,'Type Chart'!$B$4:$P$4,0))) -> 0.5 | G13: =INDEX('Type Chart'!$B$5:$P$19,MATCH(G$4,'Type Chart'!$A$5:$A$19,0),MATCH($C13,'Type Chart'!$B$4:$P$4,0))*IF($D13="",1,INDEX('Type Chart'!$B$5:$P$19,MATCH(G$4,'Type Chart'!$A$5:$A$19,0),MATCH($D13,'Type Chart'!$B$4:$P$4,0))) -> 0.5 | H13: =INDEX('Type Chart'!$B$5:$P$19,MATCH(H$4,'Type Chart'!$A$5:$A$19,0),MATCH($C13,'Type Chart'!$B$4:$P$4,0))*IF($D13="",1,INDEX('Type Chart'!$B$5:$P$19,MATCH(H$4,'Type Chart'!$A$5:$A$19,0),MATCH($D13,'Type Chart'!$B$4:$P$4,0))) -> 2 | I13: =INDEX('Type Chart'!$B$5:$P$19,MATCH(I$4,'Type Chart'!$A$5:$A$19,0),MATCH($C13,'Type Chart'!$B$4:$P$4,0))*IF($D13="",1,INDEX('Type Chart'!$B$5:$P$19,MATCH(I$4,'Type Chart'!$A$5:$A$19,0),MATCH($D13,'Type Chart'!$B$4:$P$4,0))) -> 2 | J13: =INDEX('Type Chart'!$B$5:$P$19,MATCH(J$4,'Type Chart'!$A$5:$A$19,0),MATCH($C13,'Type Chart'!$B$4:$P$4,0))*IF($D13="",1,INDEX('Type Chart'!$B$5:$P$19,MATCH(J$4,'Type Chart'!$A$5:$A$19,0),MATCH($D13,'Type Chart'!$B$4:$P$4,0))) -> 0.5 | K13: =INDEX('Type Chart'!$B$5:$P$19,MATCH(K$4,'Type Chart'!$A$5:$A$19,0),MATCH($C13,'Type Chart'!$B$4:$P$4,0))*IF($D13="",1,INDEX('Type Chart'!$B$5:$P$19,MATCH(K$4,'Type Chart'!$A$5:$A$19,0),MATCH($D13,'Type Chart'!$B$4:$P$4,0))) -> 1 | L13: =INDEX('Type Chart'!$B$5:$P$19,MATCH(L$4,'Type Chart'!$A$5:$A$19,0),MATCH($C13,'Type Chart'!$B$4:$P$4,0))*IF($D13="",1,INDEX('Type Chart'!$B$5:$P$19,MATCH(L$4,'Type Chart'!$A$5:$A$19,0),MATCH($D13,'Type Chart'!$B$4:$P$4,0))) -> 1 | ... S13: =INDEX('Type Chart'!$B$5:$P$19,MATCH(S$4,'Type Chart'!$A$5:$A$19,0),MATCH($C13,'Type Chart'!$B$4:$P$4,0))*IF($D13="",1,INDEX('Type Chart'!$B$5:$P$19,MATCH(S$4,'Type Chart'!$A$5:$A$19,0),MATCH($D13,'Type Chart'!$B$4:$P$4,0))) -> 1
A14: 10 | B14: Caterpie | C14: =Pokedex!C14 -> Bug | D14: =Pokedex!D14 -> 0 | E14: =INDEX('Type Chart'!$B$5:$P$19,MATCH(E$4,'Type Chart'!$A$5:$A$19,0),MATCH($C14,'Type Chart'!$B$4:$P$4,0))*IF($D14="",1,INDEX('Type Chart'!$B$5:$P$19,MATCH(E$4,'Type Chart'!$A$5:$A$19,0),MATCH($D14,'Type Chart'!$B$4:$P$4,0))) -> 1 | F14: =INDEX('Type Chart'!$B$5:$P$19,MATCH(F$4,'Type Chart'!$A$5:$A$19,0),MATCH($C14,'Type Chart'!$B$4:$P$4,0))*IF($D14="",1,INDEX('Type Chart'!$B$5:$P$19,MATCH(F$4,'Type Chart'!$A$5:$A$19,0),MATCH($D14,'Type Chart'!$B$4:$P$4,0))) -> 2 | G14: =INDEX('Type Chart'!$B$5:$P$19,MATCH(G$4,'Type Chart'!$A$5:$A$19,0),MATCH($C14,'Type Chart'!$B$4:$P$4,0))*IF($D14="",1,INDEX('Type Chart'!$B$5:$P$19,MATCH(G$4,'Type Chart'!$A$5:$A$19,0),MATCH($D14,'Type Chart'!$B$4:$P$4,0))) -> 1 | H14: =INDEX('Type Chart'!$B$5:$P$19,MATCH(H$4,'Type Chart'!$A$5:$A$19,0),MATCH($C14,'Type Chart'!$B$4:$P$4,0))*IF($D14="",1,INDEX('Type Chart'!$B$5:$P$19,MATCH(H$4,'Type Chart'!$A$5:$A$19,0),MATCH($D14,'Type Chart'!$B$4:$P$4,0))) -> 1 | I14: =INDEX('Type Chart'!$B$5:$P$19,MATCH(I$4,'Type Chart'!$A$5:$A$19,0),MATCH($C14,'Type Chart'!$B$4:$P$4,0))*IF($D14="",1,INDEX('Type Chart'!$B$5:$P$19,MATCH(I$4,'Type Chart'!$A$5:$A$19,0),MATCH($D14,'Type Chart'!$B$4:$P$4,0))) -> 0.5 | J14: =INDEX('Type Chart'!$B$5:$P$19,MATCH(J$4,'Type Chart'!$A$5:$A$19,0),MATCH($C14,'Type Chart'!$B$4:$P$4,0))*IF($D14="",1,INDEX('Type Chart'!$B$5:$P$19,MATCH(J$4,'Type Chart'!$A$5:$A$19,0),MATCH($D14,'Type Chart'!$B$4:$P$4,0))) -> 1 | K14: =INDEX('Type Chart'!$B$5:$P$19,MATCH(K$4,'Type Chart'!$A$5:$A$19,0),MATCH($C14,'Type Chart'!$B$4:$P$4,0))*IF($D14="",1,INDEX('Type Chart'!$B$5:$P$19,MATCH(K$4,'Type Chart'!$A$5:$A$19,0),MATCH($D14,'Type Chart'!$B$4:$P$4,0))) -> 0.5 | L14: =INDEX('Type Chart'!$B$5:$P$19,MATCH(L$4,'Type Chart'!$A$5:$A$19,0),MATCH($C14,'Type Chart'!$B$4:$P$4,0))*IF($D14="",1,INDEX('Type Chart'!$B$5:$P$19,MATCH(L$4,'Type Chart'!$A$5:$A$19,0),MATCH($D14,'Type Chart'!$B$4:$P$4,0))) -> 2 | ... S14: =INDEX('Type Chart'!$B$5:$P$19,MATCH(S$4,'Type Chart'!$A$5:$A$19,0),MATCH($C14,'Type Chart'!$B$4:$P$4,0))*IF($D14="",1,INDEX('Type Chart'!$B$5:$P$19,MATCH(S$4,'Type Chart'!$A$5:$A$19,0),MATCH($D14,'Type Chart'!$B$4:$P$4,0))) -> 1
A15: 11 | B15: Metapod | C15: =Pokedex!C15 -> Bug | D15: =Pokedex!D15 -> 0 | E15: =INDEX('Type Chart'!$B$5:$P$19,MATCH(E$4,'Type Chart'!$A$5:$A$19,0),MATCH($C15,'Type Chart'!$B$4:$P$4,0))*IF($D15="",1,INDEX('Type Chart'!$B$5:$P$19,MATCH(E$4,'Type Chart'!$A$5:$A$19,0),MATCH($D15,'Type Chart'!$B$4:$P$4,0))) -> 1 | F15: =INDEX('Type Chart'!$B$5:$P$19,MATCH(F$4,'Type Chart'!$A$5:$A$19,0),MATCH($C15,'Type Chart'!$B$4:$P$4,0))*IF($D15="",1,INDEX('Type Chart'!$B$5:$P$19,MATCH(F$4,'Type Chart'!$A$5:$A$19,0),MATCH($D15,'Type Chart'!$B$4:$P$4,0))) -> 2 | G15: =INDEX('Type Chart'!$B$5:$P$19,MATCH(G$4,'Type Chart'!$A$5:$A$19,0),MATCH($C15,'Type Chart'!$B$4:$P$4,0))*IF($D15="",1,INDEX('Type Chart'!$B$5:$P$19,MATCH(G$4,'Type Chart'!$A$5:$A$19,0),MATCH($D15,'Type Chart'!$B$4:$P$4,0))) -> 1 | H15: =INDEX('Type Chart'!$B$5:$P$19,MATCH(H$4,'Type Chart'!$A$5:$A$19,0),MATCH($C15,'Type Chart'!$B$4:$P$4,0))*IF($D15="",1,INDEX('Type Chart'!$B$5:$P$19,MATCH(H$4,'Type Chart'!$A$5:$A$19,0),MATCH($D15,'Type Chart'!$B$4:$P$4,0))) -> 1 | I15: =INDEX('Type Chart'!$B$5:$P$19,MATCH(I$4,'Type Chart'!$A$5:$A$19,0),MATCH($C15,'Type Chart'!$B$4:$P$4,0))*IF($D15="",1,INDEX('Type Chart'!$B$5:$P$19,MATCH(I$4,'Type Chart'!$A$5:$A$19,0),MATCH($D15,'Type Chart'!$B$4:$P$4,0))) -> 0.5 | J15: =INDEX('Type Chart'!$B$5:$P$19,MATCH(J$4,'Type Chart'!$A$5:$A$19,0),MATCH($C15,'Type Chart'!$B$4:$P$4,0))*IF($D15="",1,INDEX('Type Chart'!$B$5:$P$19,MATCH(J$4,'Type Chart'!$A$5:$A$19,0),MATCH($D15,'Type Chart'!$B$4:$P$4,0))) -> 1 | K15: =INDEX('Type Chart'!$B$5:$P$19,MATCH(K$4,'Type Chart'!$A$5:$A$19,0),MATCH($C15,'Type Chart'!$B$4:$P$4,0))*IF($D15="",1,INDEX('Type Chart'!$B$5:$P$19,MATCH(K$4,'Type Chart'!$A$5:$A$19,0),MATCH($D15,'Type Chart'!$B$4:$P$4,0))) -> 0.5 | L15: =INDEX('Type Chart'!$B$5:$P$19,MATCH(L$4,'Type Chart'!$A$5:$A$19,0),MATCH($C15,'Type Chart'!$B$4:$P$4,0))*IF($D15="",1,INDEX('Type Chart'!$B$5:$P$19,MATCH(L$4,'Type Chart'!$A$5:$A$19,0),MATCH($D15,'Type Chart'!$B$4:$P$4,0))) -> 2 | ... S15: =INDEX('Type Chart'!$B$5:$P$19,MATCH(S$4,'Type Chart'!$A$5:$A$19,0),MATCH($C15,'Type Chart'!$B$4:$P$4,0))*IF($D15="",1,INDEX('Type Chart'!$B$5:$P$19,MATCH(S$4,'Type Chart'!$A$5:$A$19,0),MATCH($D15,'Type Chart'!$B$4:$P$4,0))) -> 1
A16: 12 | B16: Butterfree | C16: =Pokedex!C16 -> Bug | D16: =Pokedex!D16 -> Flying | E16: =INDEX('Type Chart'!$B$5:$P$19,MATCH(E$4,'Type Chart'!$A$5:$A$19,0),MATCH($C16,'Type Chart'!$B$4:$P$4,0))*IF($D16="",1,INDEX('Type Chart'!$B$5:$P$19,MATCH(E$4,'Type Chart'!$A$5:$A$19,0),MATCH($D16,'Type Chart'!$B$4:$P$4,0))) -> 1 | F16: =INDEX('Type Chart'!$B$5:$P$19,MATCH(F$4,'Type Chart'!$A$5:$A$19,0),MATCH($C16,'Type Chart'!$B$4:$P$4,0))*IF($D16="",1,INDEX('Type Chart'!$B$5:$P$19,MATCH(F$4,'Type Chart'!$A$5:$A$19,0),MATCH($D16,'Type Chart'!$B$4:$P$4,0))) -> 2 | G16: =INDEX('Type Chart'!$B$5:$P$19,MATCH(G$4,'Type Chart'!$A$5:$A$19,0),MATCH($C16,'Type Chart'!$B$4:$P$4,0))*IF($D16="",1,INDEX('Type Chart'!$B$5:$P$19,MATCH(G$4,'Type Chart'!$A$5:$A$19,0),MATCH($D16,'Type Chart'!$B$4:$P$4,0))) -> 1 | H16: =INDEX('Type Chart'!$B$5:$P$19,MATCH(H$4,'Type Chart'!$A$5:$A$19,0),MATCH($C16,'Type Chart'!$B$4:$P$4,0))*IF($D16="",1,INDEX('Type Chart'!$B$5:$P$19,MATCH(H$4,'Type Chart'!$A$5:$A$19,0),MATCH($D16,'Type Chart'!$B$4:$P$4,0))) -> 2 | I16: =INDEX('Type Chart'!$B$5:$P$19,MATCH(I$4,'Type Chart'!$A$5:$A$19,0),MATCH($C16,'Type Chart'!$B$4:$P$4,0))*IF($D16="",1,INDEX('Type Chart'!$B$5:$P$19,MATCH(I$4,'Type Chart'!$A$5:$A$19,0),MATCH($D16,'Type Chart'!$B$4:$P$4,0))) -> 0.25 | J16: =INDEX('Type Chart'!$B$5:$P$19,MATCH(J$4,'Type Chart'!$A$5:$A$19,0),MATCH($C16,'Type Chart'!$B$4:$P$4,0))*IF($D16="",1,INDEX('Type Chart'!$B$5:$P$19,MATCH(J$4,'Type Chart'!$A$5:$A$19,0),MATCH($D16,'Type Chart'!$B$4:$P$4,0))) -> 2 | K16: =INDEX('Type Chart'!$B$5:$P$19,MATCH(K$4,'Type Chart'!$A$5:$A$19,0),MATCH($C16,'Type Chart'!$B$4:$P$4,0))*IF($D16="",1,INDEX('Type Chart'!$B$5:$P$19,MATCH(K$4,'Type Chart'!$A$5:$A$19,0),MATCH($D16,'Type Chart'!$B$4:$P$4,0))) -> 0.25 | L16: =INDEX('Type Chart'!$B$5:$P$19,MATCH(L$4,'Type Chart'!$A$5:$A$19,0),MATCH($C16,'Type Chart'!$B$4:$P$4,0))*IF($D16="",1,INDEX('Type Chart'!$B$5:$P$19,MATCH(L$4,'Type Chart'!$A$5:$A$19,0),MATCH($D16,'Type Chart'!$B$4:$P$4,0))) -> 2 | ... S16: =INDEX('Type Chart'!$B$5:$P$19,MATCH(S$4,'Type Chart'!$A$5:$A$19,0),MATCH($C16,'Type Chart'!$B$4:$P$4,0))*IF($D16="",1,INDEX('Type Chart'!$B$5:$P$19,MATCH(S$4,'Type Chart'!$A$5:$A$19,0),MATCH($D16,'Type Chart'!$B$4:$P$4,0))) -> 1
... A155: 151 | B155: Mew | C155: =Pokedex!C155 -> Psychic | D155: =Pokedex!D155 -> 0 | E155: =INDEX('Type Chart'!$B$5:$P$19,MATCH(E$4,'Type Chart'!$A$5:$A$19,0),MATCH($C155,'Type Chart'!$B$4:$P$4,0))*IF($D155="",1,INDEX('Type Chart'!$B$5:$P$19,MATCH(E$4,'Type Chart'!$A$5:$A$19,0),MATCH($D155,'Type Chart'!$B$4:$P$4,0))) -> 1 | F155: =INDEX('Type Chart'!$B$5:$P$19,MATCH(F$4,'Type Chart'!$A$5:$A$19,0),MATCH($C155,'Type Chart'!$B$4:$P$4,0))*IF($D155="",1,INDEX('Type Chart'!$B$5:$P$19,MATCH(F$4,'Type Chart'!$A$5:$A$19,0),MATCH($D155,'Type Chart'!$B$4:$P$4,0))) -> 1 | G155: =INDEX('Type Chart'!$B$5:$P$19,MATCH(G$4,'Type Chart'!$A$5:$A$19,0),MATCH($C155,'Type Chart'!$B$4:$P$4,0))*IF($D155="",1,INDEX('Type Chart'!$B$5:$P$19,MATCH(G$4,'Type Chart'!$A$5:$A$19,0),MATCH($D155,'Type Chart'!$B$4:$P$4,0))) -> 1 | H155: =INDEX('Type Chart'!$B$5:$P$19,MATCH(H$4,'Type Chart'!$A$5:$A$19,0),MATCH($C155,'Type Chart'!$B$4:$P$4,0))*IF($D155="",1,INDEX('Type Chart'!$B$5:$P$19,MATCH(H$4,'Type Chart'!$A$5:$A$19,0),MATCH($D155,'Type Chart'!$B$4:$P$4,0))) -> 1 | I155: =INDEX('Type Chart'!$B$5:$P$19,MATCH(I$4,'Type Chart'!$A$5:$A$19,0),MATCH($C155,'Type Chart'!$B$4:$P$4,0))*IF($D155="",1,INDEX('Type Chart'!$B$5:$P$19,MATCH(I$4,'Type Chart'!$A$5:$A$19,0),MATCH($D155,'Type Chart'!$B$4:$P$4,0))) -> 1 | J155: =INDEX('Type Chart'!$B$5:$P$19,MATCH(J$4,'Type Chart'!$A$5:$A$19,0),MATCH($C155,'Type Chart'!$B$4:$P$4,0))*IF($D155="",1,INDEX('Type Chart'!$B$5:$P$19,MATCH(J$4,'Type Chart'!$A$5:$A$19,0),MATCH($D155,'Type Chart'!$B$4:$P$4,0))) -> 1 | K155: =INDEX('Type Chart'!$B$5:$P$19,MATCH(K$4,'Type Chart'!$A$5:$A$19,0),MATCH($C155,'Type Chart'!$B$4:$P$4,0))*IF($D155="",1,INDEX('Type Chart'!$B$5:$P$19,MATCH(K$4,'Type Chart'!$A$5:$A$19,0),MATCH($D155,'Type Chart'!$B$4:$P$4,0))) -> 0.5 | L155: =INDEX('Type Chart'!$B$5:$P$19,MATCH(L$4,'Type Chart'!$A$5:$A$19,0),MATCH($C155,'Type Chart'!$B$4:$P$4,0))*IF($D155="",1,INDEX('Type Chart'!$B$5:$P$19,MATCH(L$4,'Type Chart'!$A$5:$A$19,0),MATCH($D155,'Type Chart'!$B$4:$P$4,0))) -> 1 | ... S155: =INDEX('Type Chart'!$B$5:$P$19,MATCH(S$4,'Type Chart'!$A$5:$A$19,0),MATCH($C155,'Type Chart'!$B$4:$P$4,0))*IF($D155="",1,INDEX('Type Chart'!$B$5:$P$19,MATCH(S$4,'Type Chart'!$A$5:$A$19,0),MATCH($D155,'Type Chart'!$B$4:$P$4,0))) -> 1

Sheet Yellow Bosses
A1: The Yellow Gauntlet — 49 Boss Pokemon
A2: 8 Gym Leaders + Elite Four + Champion. Yellow rosters (NOT Red/Blue). Multipliers are live formulas.
A4: Trainer | B4: Stage | C4: Pokemon | D4: Lv | E4: Type 1 | F4: Type 2 | G4: Ace | H4: Normal | I4: Fire | J4: Water | K4: Electric | L4: Grass | M4: Ice | N4: Fighting | O4: Poison | P4: Ground | Q4: Flying | R4: Psychic | S4: Bug | T4: Rock | U4: Ghost | V4: Dragon
A5: Brock | B5: Gym 1 | C5: Geodude | D5: 10 | E5: Rock | F5: Ground | H5: =INDEX('Type Chart'!$B$5:$P$19,MATCH(H$4,'Type Chart'!$A$5:$A$19,0),MATCH($E5,'Type Chart'!$B$4:$P$4,0))*IF($F5="",1,INDEX('Type Chart'!$B$5:$P$19,MATCH(H$4,'Type Chart'!$A$5:$A$19,0),MATCH($F5,'Type Chart'!$B$4:$P$4,0))) -> 0.5 | I5: =INDEX('Type Chart'!$B$5:$P$19,MATCH(I$4,'Type Chart'!$A$5:$A$19,0),MATCH($E5,'Type Chart'!$B$4:$P$4,0))*IF($F5="",1,INDEX('Type Chart'!$B$5:$P$19,MATCH(I$4,'Type Chart'!$A$5:$A$19,0),MATCH($F5,'Type Chart'!$B$4:$P$4,0))) -> 0.5 | J5: =INDEX('Type Chart'!$B$5:$P$19,MATCH(J$4,'Type Chart'!$A$5:$A$19,0),MATCH($E5,'Type Chart'!$B$4:$P$4,0))*IF($F5="",1,INDEX('Type Chart'!$B$5:$P$19,MATCH(J$4,'Type Chart'!$A$5:$A$19,0),MATCH($F5,'Type Chart'!$B$4:$P$4,0))) -> 4 | K5: =INDEX('Type Chart'!$B$5:$P$19,MATCH(K$4,'Type Chart'!$A$5:$A$19,0),MATCH($E5,'Type Chart'!$B$4:$P$4,0))*IF($F5="",1,INDEX('Type Chart'!$B$5:$P$19,MATCH(K$4,'Type Chart'!$A$5:$A$19,0),MATCH($F5,'Type Chart'!$B$4:$P$4,0))) -> 0 | L5: =INDEX('Type Chart'!$B$5:$P$19,MATCH(L$4,'Type Chart'!$A$5:$A$19,0),MATCH($E5,'Type Chart'!$B$4:$P$4,0))*IF($F5="",1,INDEX('Type Chart'!$B$5:$P$19,MATCH(L$4,'Type Chart'!$A$5:$A$19,0),MATCH($F5,'Type Chart'!$B$4:$P$4,0))) -> 4 | M5: =INDEX('Type Chart'!$B$5:$P$19,MATCH(M$4,'Type Chart'!$A$5:$A$19,0),MATCH($E5,'Type Chart'!$B$4:$P$4,0))*IF($F5="",1,INDEX('Type Chart'!$B$5:$P$19,MATCH(M$4,'Type Chart'!$A$5:$A$19,0),MATCH($F5,'Type Chart'!$B$4:$P$4,0))) -> 2 | N5: =INDEX('Type Chart'!$B$5:$P$19,MATCH(N$4,'Type Chart'!$A$5:$A$19,0),MATCH($E5,'Type Chart'!$B$4:$P$4,0))*IF($F5="",1,INDEX('Type Chart'!$B$5:$P$19,MATCH(N$4,'Type Chart'!$A$5:$A$19,0),MATCH($F5,'Type Chart'!$B$4:$P$4,0))) -> 2 | O5: =INDEX('Type Chart'!$B$5:$P$19,MATCH(O$4,'Type Chart'!$A$5:$A$19,0),MATCH($E5,'Type Chart'!$B$4:$P$4,0))*IF($F5="",1,INDEX('Type Chart'!$B$5:$P$19,MATCH(O$4,'Type Chart'!$A$5:$A$19,0),MATCH($F5,'Type Chart'!$B$4:$P$4,0))) -> 0.25 | ... V5: =INDEX('Type Chart'!$B$5:$P$19,MATCH(V$4,'Type Chart'!$A$5:$A$19,0),MATCH($E5,'Type Chart'!$B$4:$P$4,0))*IF($F5="",1,INDEX('Type Chart'!$B$5:$P$19,MATCH(V$4,'Type Chart'!$A$5:$A$19,0),MATCH($F5,'Type Chart'!$B$4:$P$4,0))) -> 1
A6: Brock | B6: Gym 1 | C6: Onix | D6: 12 | E6: Rock | F6: Ground | G6: ACE | H6: =INDEX('Type Chart'!$B$5:$P$19,MATCH(H$4,'Type Chart'!$A$5:$A$19,0),MATCH($E6,'Type Chart'!$B$4:$P$4,0))*IF($F6="",1,INDEX('Type Chart'!$B$5:$P$19,MATCH(H$4,'Type Chart'!$A$5:$A$19,0),MATCH($F6,'Type Chart'!$B$4:$P$4,0))) -> 0.5 | I6: =INDEX('Type Chart'!$B$5:$P$19,MATCH(I$4,'Type Chart'!$A$5:$A$19,0),MATCH($E6,'Type Chart'!$B$4:$P$4,0))*IF($F6="",1,INDEX('Type Chart'!$B$5:$P$19,MATCH(I$4,'Type Chart'!$A$5:$A$19,0),MATCH($F6,'Type Chart'!$B$4:$P$4,0))) -> 0.5 | J6: =INDEX('Type Chart'!$B$5:$P$19,MATCH(J$4,'Type Chart'!$A$5:$A$19,0),MATCH($E6,'Type Chart'!$B$4:$P$4,0))*IF($F6="",1,INDEX('Type Chart'!$B$5:$P$19,MATCH(J$4,'Type Chart'!$A$5:$A$19,0),MATCH($F6,'Type Chart'!$B$4:$P$4,0))) -> 4 | K6: =INDEX('Type Chart'!$B$5:$P$19,MATCH(K$4,'Type Chart'!$A$5:$A$19,0),MATCH($E6,'Type Chart'!$B$4:$P$4,0))*IF($F6="",1,INDEX('Type Chart'!$B$5:$P$19,MATCH(K$4,'Type Chart'!$A$5:$A$19,0),MATCH($F6,'Type Chart'!$B$4:$P$4,0))) -> 0 | L6: =INDEX('Type Chart'!$B$5:$P$19,MATCH(L$4,'Type Chart'!$A$5:$A$19,0),MATCH($E6,'Type Chart'!$B$4:$P$4,0))*IF($F6="",1,INDEX('Type Chart'!$B$5:$P$19,MATCH(L$4,'Type Chart'!$A$5:$A$19,0),MATCH($F6,'Type Chart'!$B$4:$P$4,0))) -> 4 | M6: =INDEX('Type Chart'!$B$5:$P$19,MATCH(M$4,'Type Chart'!$A$5:$A$19,0),MATCH($E6,'Type Chart'!$B$4:$P$4,0))*IF($F6="",1,INDEX('Type Chart'!$B$5:$P$19,MATCH(M$4,'Type Chart'!$A$5:$A$19,0),MATCH($F6,'Type Chart'!$B$4:$P$4,0))) -> 2 | N6: =INDEX('Type Chart'!$B$5:$P$19,MATCH(N$4,'Type Chart'!$A$5:$A$19,0),MATCH($E6,'Type Chart'!$B$4:$P$4,0))*IF($F6="",1,INDEX('Type Chart'!$B$5:$P$19,MATCH(N$4,'Type Chart'!$A$5:$A$19,0),MATCH($F6,'Type Chart'!$B$4:$P$4,0))) -> 2 | O6: =INDEX('Type Chart'!$B$5:$P$19,MATCH(O$4,'Type Chart'!$A$5:$A$19,0),MATCH($E6,'Type Chart'!$B$4:$P$4,0))*IF($F6="",1,INDEX('Type Chart'!$B$5:$P$19,MATCH(O$4,'Type Chart'!$A$5:$A$19,0),MATCH($F6,'Type Chart'!$B$4:$P$4,0))) -> 0.25 | ... V6: =INDEX('Type Chart'!$B$5:$P$19,MATCH(V$4,'Type Chart'!$A$5:$A$19,0),MATCH($E6,'Type Chart'!$B$4:$P$4,0))*IF($F6="",1,INDEX('Type Chart'!$B$5:$P$19,MATCH(V$4,'Type Chart'!$A$5:$A$19,0),MATCH($F6,'Type Chart'!$B$4:$P$4,0))) -> 1
A7: Misty | B7: Gym 2 | C7: Staryu | D7: 18 | E7: Water | H7: =INDEX('Type Chart'!$B$5:$P$19,MATCH(H$4,'Type Chart'!$A$5:$A$19,0),MATCH($E7,'Type Chart'!$B$4:$P$4,0))*IF($F7="",1,INDEX('Type Chart'!$B$5:$P$19,MATCH(H$4,'Type Chart'!$A$5:$A$19,0),MATCH($F7,'Type Chart'!$B$4:$P$4,0))) -> 1 | I7: =INDEX('Type Chart'!$B$5:$P$19,MATCH(I$4,'Type Chart'!$A$5:$A$19,0),MATCH($E7,'Type Chart'!$B$4:$P$4,0))*IF($F7="",1,INDEX('Type Chart'!$B$5:$P$19,MATCH(I$4,'Type Chart'!$A$5:$A$19,0),MATCH($F7,'Type Chart'!$B$4:$P$4,0))) -> 0.5 | J7: =INDEX('Type Chart'!$B$5:$P$19,MATCH(J$4,'Type Chart'!$A$5:$A$19,0),MATCH($E7,'Type Chart'!$B$4:$P$4,0))*IF($F7="",1,INDEX('Type Chart'!$B$5:$P$19,MATCH(J$4,'Type Chart'!$A$5:$A$19,0),MATCH($F7,'Type Chart'!$B$4:$P$4,0))) -> 0.5 | K7: =INDEX('Type Chart'!$B$5:$P$19,MATCH(K$4,'Type Chart'!$A$5:$A$19,0),MATCH($E7,'Type Chart'!$B$4:$P$4,0))*IF($F7="",1,INDEX('Type Chart'!$B$5:$P$19,MATCH(K$4,'Type Chart'!$A$5:$A$19,0),MATCH($F7,'Type Chart'!$B$4:$P$4,0))) -> 2 | L7: =INDEX('Type Chart'!$B$5:$P$19,MATCH(L$4,'Type Chart'!$A$5:$A$19,0),MATCH($E7,'Type Chart'!$B$4:$P$4,0))*IF($F7="",1,INDEX('Type Chart'!$B$5:$P$19,MATCH(L$4,'Type Chart'!$A$5:$A$19,0),MATCH($F7,'Type Chart'!$B$4:$P$4,0))) -> 2 | M7: =INDEX('Type Chart'!$B$5:$P$19,MATCH(M$4,'Type Chart'!$A$5:$A$19,0),MATCH($E7,'Type Chart'!$B$4:$P$4,0))*IF($F7="",1,INDEX('Type Chart'!$B$5:$P$19,MATCH(M$4,'Type Chart'!$A$5:$A$19,0),MATCH($F7,'Type Chart'!$B$4:$P$4,0))) -> 0.5 | N7: =INDEX('Type Chart'!$B$5:$P$19,MATCH(N$4,'Type Chart'!$A$5:$A$19,0),MATCH($E7,'Type Chart'!$B$4:$P$4,0))*IF($F7="",1,INDEX('Type Chart'!$B$5:$P$19,MATCH(N$4,'Type Chart'!$A$5:$A$19,0),MATCH($F7,'Type Chart'!$B$4:$P$4,0))) -> 1 | O7: =INDEX('Type Chart'!$B$5:$P$19,MATCH(O$4,'Type Chart'!$A$5:$A$19,0),MATCH($E7,'Type Chart'!$B$4:$P$4,0))*IF($F7="",1,INDEX('Type Chart'!$B$5:$P$19,MATCH(O$4,'Type Chart'!$A$5:$A$19,0),MATCH($F7,'Type Chart'!$B$4:$P$4,0))) -> 1 | ... V7: =INDEX('Type Chart'!$B$5:$P$19,MATCH(V$4,'Type Chart'!$A$5:$A$19,0),MATCH($E7,'Type Chart'!$B$4:$P$4,0))*IF($F7="",1,INDEX('Type Chart'!$B$5:$P$19,MATCH(V$4,'Type Chart'!$A$5:$A$19,0),MATCH($F7,'Type Chart'!$B$4:$P$4,0))) -> 1
A8: Misty | B8: Gym 2 | C8: Starmie | D8: 21 | E8: Water | F8: Psychic | G8: ACE | H8: =INDEX('Type Chart'!$B$5:$P$19,MATCH(H$4,'Type Chart'!$A$5:$A$19,0),MATCH($E8,'Type Chart'!$B$4:$P$4,0))*IF($F8="",1,INDEX('Type Chart'!$B$5:$P$19,MATCH(H$4,'Type Chart'!$A$5:$A$19,0),MATCH($F8,'Type Chart'!$B$4:$P$4,0))) -> 1 | I8: =INDEX('Type Chart'!$B$5:$P$19,MATCH(I$4,'Type Chart'!$A$5:$A$19,0),MATCH($E8,'Type Chart'!$B$4:$P$4,0))*IF($F8="",1,INDEX('Type Chart'!$B$5:$P$19,MATCH(I$4,'Type Chart'!$A$5:$A$19,0),MATCH($F8,'Type Chart'!$B$4:$P$4,0))) -> 0.5 | J8: =INDEX('Type Chart'!$B$5:$P$19,MATCH(J$4,'Type Chart'!$A$5:$A$19,0),MATCH($E8,'Type Chart'!$B$4:$P$4,0))*IF($F8="",1,INDEX('Type Chart'!$B$5:$P$19,MATCH(J$4,'Type Chart'!$A$5:$A$19,0),MATCH($F8,'Type Chart'!$B$4:$P$4,0))) -> 0.5 | K8: =INDEX('Type Chart'!$B$5:$P$19,MATCH(K$4,'Type Chart'!$A$5:$A$19,0),MATCH($E8,'Type Chart'!$B$4:$P$4,0))*IF($F8="",1,INDEX('Type Chart'!$B$5:$P$19,MATCH(K$4,'Type Chart'!$A$5:$A$19,0),MATCH($F8,'Type Chart'!$B$4:$P$4,0))) -> 2 | L8: =INDEX('Type Chart'!$B$5:$P$19,MATCH(L$4,'Type Chart'!$A$5:$A$19,0),MATCH($E8,'Type Chart'!$B$4:$P$4,0))*IF($F8="",1,INDEX('Type Chart'!$B$5:$P$19,MATCH(L$4,'Type Chart'!$A$5:$A$19,0),MATCH($F8,'Type Chart'!$B$4:$P$4,0))) -> 2 | M8: =INDEX('Type Chart'!$B$5:$P$19,MATCH(M$4,'Type Chart'!$A$5:$A$19,0),MATCH($E8,'Type Chart'!$B$4:$P$4,0))*IF($F8="",1,INDEX('Type Chart'!$B$5:$P$19,MATCH(M$4,'Type Chart'!$A$5:$A$19,0),MATCH($F8,'Type Chart'!$B$4:$P$4,0))) -> 0.5 | N8: =INDEX('Type Chart'!$B$5:$P$19,MATCH(N$4,'Type Chart'!$A$5:$A$19,0),MATCH($E8,'Type Chart'!$B$4:$P$4,0))*IF($F8="",1,INDEX('Type Chart'!$B$5:$P$19,MATCH(N$4,'Type Chart'!$A$5:$A$19,0),MATCH($F8,'Type Chart'!$B$4:$P$4,0))) -> 0.5 | O8: =INDEX('Type Chart'!$B$5:$P$19,MATCH(O$4,'Type Chart'!$A$5:$A$19,0),MATCH($E8,'Type Chart'!$B$4:$P$4,0))*IF($F8="",1,INDEX('Type Chart'!$B$5:$P$19,MATCH(O$4,'Type Chart'!$A$5:$A$19,0),MATCH($F8,'Type Chart'!$B$4:$P$4,0))) -> 1 | ... V8: =INDEX('Type Chart'!$B$5:$P$19,MATCH(V$4,'Type Chart'!$A$5:$A$19,0),MATCH($E8,'Type Chart'!$B$4:$P$4,0))*IF($F8="",1,INDEX('Type Chart'!$B$5:$P$19,MATCH(V$4,'Type Chart'!$A$5:$A$19,0),MATCH($F8,'Type Chart'!$B$4:$P$4,0))) -> 1
A9: Lt. Surge | B9: Gym 3 | C9: Raichu | D9: 28 | E9: Electric | G9: ACE | H9: =INDEX('Type Chart'!$B$5:$P$19,MATCH(H$4,'Type Chart'!$A$5:$A$19,0),MATCH($E9,'Type Chart'!$B$4:$P$4,0))*IF($F9="",1,INDEX('Type Chart'!$B$5:$P$19,MATCH(H$4,'Type Chart'!$A$5:$A$19,0),MATCH($F9,'Type Chart'!$B$4:$P$4,0))) -> 1 | I9: =INDEX('Type Chart'!$B$5:$P$19,MATCH(I$4,'Type Chart'!$A$5:$A$19,0),MATCH($E9,'Type Chart'!$B$4:$P$4,0))*IF($F9="",1,INDEX('Type Chart'!$B$5:$P$19,MATCH(I$4,'Type Chart'!$A$5:$A$19,0),MATCH($F9,'Type Chart'!$B$4:$P$4,0))) -> 1 | J9: =INDEX('Type Chart'!$B$5:$P$19,MATCH(J$4,'Type Chart'!$A$5:$A$19,0),MATCH($E9,'Type Chart'!$B$4:$P$4,0))*IF($F9="",1,INDEX('Type Chart'!$B$5:$P$19,MATCH(J$4,'Type Chart'!$A$5:$A$19,0),MATCH($F9,'Type Chart'!$B$4:$P$4,0))) -> 1 | K9: =INDEX('Type Chart'!$B$5:$P$19,MATCH(K$4,'Type Chart'!$A$5:$A$19,0),MATCH($E9,'Type Chart'!$B$4:$P$4,0))*IF($F9="",1,INDEX('Type Chart'!$B$5:$P$19,MATCH(K$4,'Type Chart'!$A$5:$A$19,0),MATCH($F9,'Type Chart'!$B$4:$P$4,0))) -> 0.5 | L9: =INDEX('Type Chart'!$B$5:$P$19,MATCH(L$4,'Type Chart'!$A$5:$A$19,0),MATCH($E9,'Type Chart'!$B$4:$P$4,0))*IF($F9="",1,INDEX('Type Chart'!$B$5:$P$19,MATCH(L$4,'Type Chart'!$A$5:$A$19,0),MATCH($F9,'Type Chart'!$B$4:$P$4,0))) -> 1 | M9: =INDEX('Type Chart'!$B$5:$P$19,MATCH(M$4,'Type Chart'!$A$5:$A$19,0),MATCH($E9,'Type Chart'!$B$4:$P$4,0))*IF($F9="",1,INDEX('Type Chart'!$B$5:$P$19,MATCH(M$4,'Type Chart'!$A$5:$A$19,0),MATCH($F9,'Type Chart'!$B$4:$P$4,0))) -> 1 | N9: =INDEX('Type Chart'!$B$5:$P$19,MATCH(N$4,'Type Chart'!$A$5:$A$19,0),MATCH($E9,'Type Chart'!$B$4:$P$4,0))*IF($F9="",1,INDEX('Type Chart'!$B$5:$P$19,MATCH(N$4,'Type Chart'!$A$5:$A$19,0),MATCH($F9,'Type Chart'!$B$4:$P$4,0))) -> 1 | O9: =INDEX('Type Chart'!$B$5:$P$19,MATCH(O$4,'Type Chart'!$A$5:$A$19,0),MATCH($E9,'Type Chart'!$B$4:$P$4,0))*IF($F9="",1,INDEX('Type Chart'!$B$5:$P$19,MATCH(O$4,'Type Chart'!$A$5:$A$19,0),MATCH($F9,'Type Chart'!$B$4:$P$4,0))) -> 1 | ... V9: =INDEX('Type Chart'!$B$5:$P$19,MATCH(V$4,'Type Chart'!$A$5:$A$19,0),MATCH($E9,'Type Chart'!$B$4:$P$4,0))*IF($F9="",1,INDEX('Type Chart'!$B$5:$P$19,MATCH(V$4,'Type Chart'!$A$5:$A$19,0),MATCH($F9,'Type Chart'!$B$4:$P$4,0))) -> 1
A10: Erika | B10: Gym 4 | C10: Tangela | D10: 30 | E10: Grass | H10: =INDEX('Type Chart'!$B$5:$P$19,MATCH(H$4,'Type Chart'!$A$5:$A$19,0),MATCH($E10,'Type Chart'!$B$4:$P$4,0))*IF($F10="",1,INDEX('Type Chart'!$B$5:$P$19,MATCH(H$4,'Type Chart'!$A$5:$A$19,0),MATCH($F10,'Type Chart'!$B$4:$P$4,0))) -> 1 | I10: =INDEX('Type Chart'!$B$5:$P$19,MATCH(I$4,'Type Chart'!$A$5:$A$19,0),MATCH($E10,'Type Chart'!$B$4:$P$4,0))*IF($F10="",1,INDEX('Type Chart'!$B$5:$P$19,MATCH(I$4,'Type Chart'!$A$5:$A$19,0),MATCH($F10,'Type Chart'!$B$4:$P$4,0))) -> 2 | J10: =INDEX('Type Chart'!$B$5:$P$19,MATCH(J$4,'Type Chart'!$A$5:$A$19,0),MATCH($E10,'Type Chart'!$B$4:$P$4,0))*IF($F10="",1,INDEX('Type Chart'!$B$5:$P$19,MATCH(J$4,'Type Chart'!$A$5:$A$19,0),MATCH($F10,'Type Chart'!$B$4:$P$4,0))) -> 0.5 | K10: =INDEX('Type Chart'!$B$5:$P$19,MATCH(K$4,'Type Chart'!$A$5:$A$19,0),MATCH($E10,'Type Chart'!$B$4:$P$4,0))*IF($F10="",1,INDEX('Type Chart'!$B$5:$P$19,MATCH(K$4,'Type Chart'!$A$5:$A$19,0),MATCH($F10,'Type Chart'!$B$4:$P$4,0))) -> 0.5 | L10: =INDEX('Type Chart'!$B$5:$P$19,MATCH(L$4,'Type Chart'!$A$5:$A$19,0),MATCH($E10,'Type Chart'!$B$4:$P$4,0))*IF($F10="",1,INDEX('Type Chart'!$B$5:$P$19,MATCH(L$4,'Type Chart'!$A$5:$A$19,0),MATCH($F10,'Type Chart'!$B$4:$P$4,0))) -> 0.5 | M10: =INDEX('Type Chart'!$B$5:$P$19,MATCH(M$4,'Type Chart'!$A$5:$A$19,0),MATCH($E10,'Type Chart'!$B$4:$P$4,0))*IF($F10="",1,INDEX('Type Chart'!$B$5:$P$19,MATCH(M$4,'Type Chart'!$A$5:$A$19,0),MATCH($F10,'Type Chart'!$B$4:$P$4,0))) -> 2 | N10: =INDEX('Type Chart'!$B$5:$P$19,MATCH(N$4,'Type Chart'!$A$5:$A$19,0),MATCH($E10,'Type Chart'!$B$4:$P$4,0))*IF($F10="",1,INDEX('Type Chart'!$B$5:$P$19,MATCH(N$4,'Type Chart'!$A$5:$A$19,0),MATCH($F10,'Type Chart'!$B$4:$P$4,0))) -> 1 | O10: =INDEX('Type Chart'!$B$5:$P$19,MATCH(O$4,'Type Chart'!$A$5:$A$19,0),MATCH($E10,'Type Chart'!$B$4:$P$4,0))*IF($F10="",1,INDEX('Type Chart'!$B$5:$P$19,MATCH(O$4,'Type Chart'!$A$5:$A$19,0),MATCH($F10,'Type Chart'!$B$4:$P$4,0))) -> 2 | ... V10: =INDEX('Type Chart'!$B$5:$P$19,MATCH(V$4,'Type Chart'!$A$5:$A$19,0),MATCH($E10,'Type Chart'!$B$4:$P$4,0))*IF($F10="",1,INDEX('Type Chart'!$B$5:$P$19,MATCH(V$4,'Type Chart'!$A$5:$A$19,0),MATCH($F10,'Type Chart'!$B$4:$P$4,0))) -> 1
A11: Erika | B11: Gym 4 | C11: Weepinbell | D11: 32 | E11: Grass | F11: Poison | H11: =INDEX('Type Chart'!$B$5:$P$19,MATCH(H$4,'Type Chart'!$A$5:$A$19,0),MATCH($E11,'Type Chart'!$B$4:$P$4,0))*IF($F11="",1,INDEX('Type Chart'!$B$5:$P$19,MATCH(H$4,'Type Chart'!$A$5:$A$19,0),MATCH($F11,'Type Chart'!$B$4:$P$4,0))) -> 1 | I11: =INDEX('Type Chart'!$B$5:$P$19,MATCH(I$4,'Type Chart'!$A$5:$A$19,0),MATCH($E11,'Type Chart'!$B$4:$P$4,0))*IF($F11="",1,INDEX('Type Chart'!$B$5:$P$19,MATCH(I$4,'Type Chart'!$A$5:$A$19,0),MATCH($F11,'Type Chart'!$B$4:$P$4,0))) -> 2 | J11: =INDEX('Type Chart'!$B$5:$P$19,MATCH(J$4,'Type Chart'!$A$5:$A$19,0),MATCH($E11,'Type Chart'!$B$4:$P$4,0))*IF($F11="",1,INDEX('Type Chart'!$B$5:$P$19,MATCH(J$4,'Type Chart'!$A$5:$A$19,0),MATCH($F11,'Type Chart'!$B$4:$P$4,0))) -> 0.5 | K11: =INDEX('Type Chart'!$B$5:$P$19,MATCH(K$4,'Type Chart'!$A$5:$A$19,0),MATCH($E11,'Type Chart'!$B$4:$P$4,0))*IF($F11="",1,INDEX('Type Chart'!$B$5:$P$19,MATCH(K$4,'Type Chart'!$A$5:$A$19,0),MATCH($F11,'Type Chart'!$B$4:$P$4,0))) -> 0.5 | L11: =INDEX('Type Chart'!$B$5:$P$19,MATCH(L$4,'Type Chart'!$A$5:$A$19,0),MATCH($E11,'Type Chart'!$B$4:$P$4,0))*IF($F11="",1,INDEX('Type Chart'!$B$5:$P$19,MATCH(L$4,'Type Chart'!$A$5:$A$19,0),MATCH($F11,'Type Chart'!$B$4:$P$4,0))) -> 0.25 | M11: =INDEX('Type Chart'!$B$5:$P$19,MATCH(M$4,'Type Chart'!$A$5:$A$19,0),MATCH($E11,'Type Chart'!$B$4:$P$4,0))*IF($F11="",1,INDEX('Type Chart'!$B$5:$P$19,MATCH(M$4,'Type Chart'!$A$5:$A$19,0),MATCH($F11,'Type Chart'!$B$4:$P$4,0))) -> 2 | N11: =INDEX('Type Chart'!$B$5:$P$19,MATCH(N$4,'Type Chart'!$A$5:$A$19,0),MATCH($E11,'Type Chart'!$B$4:$P$4,0))*IF($F11="",1,INDEX('Type Chart'!$B$5:$P$19,MATCH(N$4,'Type Chart'!$A$5:$A$19,0),MATCH($F11,'Type Chart'!$B$4:$P$4,0))) -> 0.5 | O11: =INDEX('Type Chart'!$B$5:$P$19,MATCH(O$4,'Type Chart'!$A$5:$A$19,0),MATCH($E11,'Type Chart'!$B$4:$P$4,0))*IF($F11="",1,INDEX('Type Chart'!$B$5:$P$19,MATCH(O$4,'Type Chart'!$A$5:$A$19,0),MATCH($F11,'Type Chart'!$B$4:$P$4,0))) -> 1 | ... V11: =INDEX('Type Chart'!$B$5:$P$19,MATCH(V$4,'Type Chart'!$A$5:$A$19,0),MATCH($E11,'Type Chart'!$B$4:$P$4,0))*IF($F11="",1,INDEX('Type Chart'!$B$5:$P$19,MATCH(V$4,'Type Chart'!$A$5:$A$19,0),MATCH($F11,'Type Chart'!$B$4:$P$4,0))) -> 1
A12: Erika | B12: Gym 4 | C12: Gloom | D12: 32 | E12: Grass | F12: Poison | G12: ACE | H12: =INDEX('Type Chart'!$B$5:$P$19,MATCH(H$4,'Type Chart'!$A$5:$A$19,0),MATCH($E12,'Type Chart'!$B$4:$P$4,0))*IF($F12="",1,INDEX('Type Chart'!$B$5:$P$19,MATCH(H$4,'Type Chart'!$A$5:$A$19,0),MATCH($F12,'Type Chart'!$B$4:$P$4,0))) -> 1 | I12: =INDEX('Type Chart'!$B$5:$P$19,MATCH(I$4,'Type Chart'!$A$5:$A$19,0),MATCH($E12,'Type Chart'!$B$4:$P$4,0))*IF($F12="",1,INDEX('Type Chart'!$B$5:$P$19,MATCH(I$4,'Type Chart'!$A$5:$A$19,0),MATCH($F12,'Type Chart'!$B$4:$P$4,0))) -> 2 | J12: =INDEX('Type Chart'!$B$5:$P$19,MATCH(J$4,'Type Chart'!$A$5:$A$19,0),MATCH($E12,'Type Chart'!$B$4:$P$4,0))*IF($F12="",1,INDEX('Type Chart'!$B$5:$P$19,MATCH(J$4,'Type Chart'!$A$5:$A$19,0),MATCH($F12,'Type Chart'!$B$4:$P$4,0))) -> 0.5 | K12: =INDEX('Type Chart'!$B$5:$P$19,MATCH(K$4,'Type Chart'!$A$5:$A$19,0),MATCH($E12,'Type Chart'!$B$4:$P$4,0))*IF($F12="",1,INDEX('Type Chart'!$B$5:$P$19,MATCH(K$4,'Type Chart'!$A$5:$A$19,0),MATCH($F12,'Type Chart'!$B$4:$P$4,0))) -> 0.5 | L12: =INDEX('Type Chart'!$B$5:$P$19,MATCH(L$4,'Type Chart'!$A$5:$A$19,0),MATCH($E12,'Type Chart'!$B$4:$P$4,0))*IF($F12="",1,INDEX('Type Chart'!$B$5:$P$19,MATCH(L$4,'Type Chart'!$A$5:$A$19,0),MATCH($F12,'Type Chart'!$B$4:$P$4,0))) -> 0.25 | M12: =INDEX('Type Chart'!$B$5:$P$19,MATCH(M$4,'Type Chart'!$A$5:$A$19,0),MATCH($E12,'Type Chart'!$B$4:$P$4,0))*IF($F12="",1,INDEX('Type Chart'!$B$5:$P$19,MATCH(M$4,'Type Chart'!$A$5:$A$19,0),MATCH($F12,'Type Chart'!$B$4:$P$4,0))) -> 2 | N12: =INDEX('Type Chart'!$B$5:$P$19,MATCH(N$4,'Type Chart'!$A$5:$A$19,0),MATCH($E12,'Type Chart'!$B$4:$P$4,0))*IF($F12="",1,INDEX('Type Chart'!$B$5:$P$19,MATCH(N$4,'Type Chart'!$A$5:$A$19,0),MATCH($F12,'Type Chart'!$B$4:$P$4,0))) -> 0.5 | O12: =INDEX('Type Chart'!$B$5:$P$19,MATCH(O$4,'Type Chart'!$A$5:$A$19,0),MATCH($E12,'Type Chart'!$B$4:$P$4,0))*IF($F12="",1,INDEX('Type Chart'!$B$5:$P$19,MATCH(O$4,'Type Chart'!$A$5:$A$19,0),MATCH($F12,'Type Chart'!$B$4:$P$4,0))) -> 1 | ... V12: =INDEX('Type Chart'!$B$5:$P$19,MATCH(V$4,'Type Chart'!$A$5:$A$19,0),MATCH($E12,'Type Chart'!$B$4:$P$4,0))*IF($F12="",1,INDEX('Type Chart'!$B$5:$P$19,MATCH(V$4,'Type Chart'!$A$5:$A$19,0),MATCH($F12,'Type Chart'!$B$4:$P$4,0))) -> 1
A13: Koga | B13: Gym 5 | C13: Venonat | D13: 44 | E13: Bug | F13: Poison | H13: =INDEX('Type Chart'!$B$5:$P$19,MATCH(H$4,'Type Chart'!$A$5:$A$19,0),MATCH($E13,'Type Chart'!$B$4:$P$4,0))*IF($F13="",1,INDEX('Type Chart'!$B$5:$P$19,MATCH(H$4,'Type Chart'!$A$5:$A$19,0),MATCH($F13,'Type Chart'!$B$4:$P$4,0))) -> 1 | I13: =INDEX('Type Chart'!$B$5:$P$19,MATCH(I$4,'Type Chart'!$A$5:$A$19,0),MATCH($E13,'Type Chart'!$B$4:$P$4,0))*IF($F13="",1,INDEX('Type Chart'!$B$5:$P$19,MATCH(I$4,'Type Chart'!$A$5:$A$19,0),MATCH($F13,'Type Chart'!$B$4:$P$4,0))) -> 2 | J13: =INDEX('Type Chart'!$B$5:$P$19,MATCH(J$4,'Type Chart'!$A$5:$A$19,0),MATCH($E13,'Type Chart'!$B$4:$P$4,0))*IF($F13="",1,INDEX('Type Chart'!$B$5:$P$19,MATCH(J$4,'Type Chart'!$A$5:$A$19,0),MATCH($F13,'Type Chart'!$B$4:$P$4,0))) -> 1 | K13: =INDEX('Type Chart'!$B$5:$P$19,MATCH(K$4,'Type Chart'!$A$5:$A$19,0),MATCH($E13,'Type Chart'!$B$4:$P$4,0))*IF($F13="",1,INDEX('Type Chart'!$B$5:$P$19,MATCH(K$4,'Type Chart'!$A$5:$A$19,0),MATCH($F13,'Type Chart'!$B$4:$P$4,0))) -> 1 | L13: =INDEX('Type Chart'!$B$5:$P$19,MATCH(L$4,'Type Chart'!$A$5:$A$19,0),MATCH($E13,'Type Chart'!$B$4:$P$4,0))*IF($F13="",1,INDEX('Type Chart'!$B$5:$P$19,MATCH(L$4,'Type Chart'!$A$5:$A$19,0),MATCH($F13,'Type Chart'!$B$4:$P$4,0))) -> 0.25 | M13: =INDEX('Type Chart'!$B$5:$P$19,MATCH(M$4,'Type Chart'!$A$5:$A$19,0),MATCH($E13,'Type Chart'!$B$4:$P$4,0))*IF($F13="",1,INDEX('Type Chart'!$B$5:$P$19,MATCH(M$4,'Type Chart'!$A$5:$A$19,0),MATCH($F13,'Type Chart'!$B$4:$P$4,0))) -> 1 | N13: =INDEX('Type Chart'!$B$5:$P$19,MATCH(N$4,'Type Chart'!$A$5:$A$19,0),MATCH($E13,'Type Chart'!$B$4:$P$4,0))*IF($F13="",1,INDEX('Type Chart'!$B$5:$P$19,MATCH(N$4,'Type Chart'!$A$5:$A$19,0),MATCH($F13,'Type Chart'!$B$4:$P$4,0))) -> 0.25 | O13: =INDEX('Type Chart'!$B$5:$P$19,MATCH(O$4,'Type Chart'!$A$5:$A$19,0),MATCH($E13,'Type Chart'!$B$4:$P$4,0))*IF($F13="",1,INDEX('Type Chart'!$B$5:$P$19,MATCH(O$4,'Type Chart'!$A$5:$A$19,0),MATCH($F13,'Type Chart'!$B$4:$P$4,0))) -> 1 | ... V13: =INDEX('Type Chart'!$B$5:$P$19,MATCH(V$4,'Type Chart'!$A$5:$A$19,0),MATCH($E13,'Type Chart'!$B$4:$P$4,0))*IF($F13="",1,INDEX('Type Chart'!$B$5:$P$19,MATCH(V$4,'Type Chart'!$A$5:$A$19,0),MATCH($F13,'Type Chart'!$B$4:$P$4,0))) -> 1
A14: Koga | B14: Gym 5 | C14: Venonat | D14: 46 | E14: Bug | F14: Poison | H14: =INDEX('Type Chart'!$B$5:$P$19,MATCH(H$4,'Type Chart'!$A$5:$A$19,0),MATCH($E14,'Type Chart'!$B$4:$P$4,0))*IF($F14="",1,INDEX('Type Chart'!$B$5:$P$19,MATCH(H$4,'Type Chart'!$A$5:$A$19,0),MATCH($F14,'Type Chart'!$B$4:$P$4,0))) -> 1 | I14: =INDEX('Type Chart'!$B$5:$P$19,MATCH(I$4,'Type Chart'!$A$5:$A$19,0),MATCH($E14,'Type Chart'!$B$4:$P$4,0))*IF($F14="",1,INDEX('Type Chart'!$B$5:$P$19,MATCH(I$4,'Type Chart'!$A$5:$A$19,0),MATCH($F14,'Type Chart'!$B$4:$P$4,0))) -> 2 | J14: =INDEX('Type Chart'!$B$5:$P$19,MATCH(J$4,'Type Chart'!$A$5:$A$19,0),MATCH($E14,'Type Chart'!$B$4:$P$4,0))*IF($F14="",1,INDEX('Type Chart'!$B$5:$P$19,MATCH(J$4,'Type Chart'!$A$5:$A$19,0),MATCH($F14,'Type Chart'!$B$4:$P$4,0))) -> 1 | K14: =INDEX('Type Chart'!$B$5:$P$19,MATCH(K$4,'Type Chart'!$A$5:$A$19,0),MATCH($E14,'Type Chart'!$B$4:$P$4,0))*IF($F14="",1,INDEX('Type Chart'!$B$5:$P$19,MATCH(K$4,'Type Chart'!$A$5:$A$19,0),MATCH($F14,'Type Chart'!$B$4:$P$4,0))) -> 1 | L14: =INDEX('Type Chart'!$B$5:$P$19,MATCH(L$4,'Type Chart'!$A$5:$A$19,0),MATCH($E14,'Type Chart'!$B$4:$P$4,0))*IF($F14="",1,INDEX('Type Chart'!$B$5:$P$19,MATCH(L$4,'Type Chart'!$A$5:$A$19,0),MATCH($F14,'Type Chart'!$B$4:$P$4,0))) -> 0.25 | M14: =INDEX('Type Chart'!$B$5:$P$19,MATCH(M$4,'Type Chart'!$A$5:$A$19,0),MATCH($E14,'Type Chart'!$B$4:$P$4,0))*IF($F14="",1,INDEX('Type Chart'!$B$5:$P$19,MATCH(M$4,'Type Chart'!$A$5:$A$19,0),MATCH($F14,'Type Chart'!$B$4:$P$4,0))) -> 1 | N14: =INDEX('Type Chart'!$B$5:$P$19,MATCH(N$4,'Type Chart'!$A$5:$A$19,0),MATCH($E14,'Type Chart'!$B$4:$P$4,0))*IF($F14="",1,INDEX('Type Chart'!$B$5:$P$19,MATCH(N$4,'Type Chart'!$A$5:$A$19,0),MATCH($F14,'Type Chart'!$B$4:$P$4,0))) -> 0.25 | O14: =INDEX('Type Chart'!$B$5:$P$19,MATCH(O$4,'Type Chart'!$A$5:$A$19,0),MATCH($E14,'Type Chart'!$B$4:$P$4,0))*IF($F14="",1,INDEX('Type Chart'!$B$5:$P$19,MATCH(O$4,'Type Chart'!$A$5:$A$19,0),MATCH($F14,'Type Chart'!$B$4:$P$4,0))) -> 1 | ... V14: =INDEX('Type Chart'!$B$5:$P$19,MATCH(V$4,'Type Chart'!$A$5:$A$19,0),MATCH($E14,'Type Chart'!$B$4:$P$4,0))*IF($F14="",1,INDEX('Type Chart'!$B$5:$P$19,MATCH(V$4,'Type Chart'!$A$5:$A$19,0),MATCH($F14,'Type Chart'!$B$4:$P$4,0))) -> 1
A15: Koga | B15: Gym 5 | C15: Venonat | D15: 48 | E15: Bug | F15: Poison | H15: =INDEX('Type Chart'!$B$5:$P$19,MATCH(H$4,'Type Chart'!$A$5:$A$19,0),MATCH($E15,'Type Chart'!$B$4:$P$4,0))*IF($F15="",1,INDEX('Type Chart'!$B$5:$P$19,MATCH(H$4,'Type Chart'!$A$5:$A$19,0),MATCH($F15,'Type Chart'!$B$4:$P$4,0))) -> 1 | I15: =INDEX('Type Chart'!$B$5:$P$19,MATCH(I$4,'Type Chart'!$A$5:$A$19,0),MATCH($E15,'Type Chart'!$B$4:$P$4,0))*IF($F15="",1,INDEX('Type Chart'!$B$5:$P$19,MATCH(I$4,'Type Chart'!$A$5:$A$19,0),MATCH($F15,'Type Chart'!$B$4:$P$4,0))) -> 2 | J15: =INDEX('Type Chart'!$B$5:$P$19,MATCH(J$4,'Type Chart'!$A$5:$A$19,0),MATCH($E15,'Type Chart'!$B$4:$P$4,0))*IF($F15="",1,INDEX('Type Chart'!$B$5:$P$19,MATCH(J$4,'Type Chart'!$A$5:$A$19,0),MATCH($F15,'Type Chart'!$B$4:$P$4,0))) -> 1 | K15: =INDEX('Type Chart'!$B$5:$P$19,MATCH(K$4,'Type Chart'!$A$5:$A$19,0),MATCH($E15,'Type Chart'!$B$4:$P$4,0))*IF($F15="",1,INDEX('Type Chart'!$B$5:$P$19,MATCH(K$4,'Type Chart'!$A$5:$A$19,0),MATCH($F15,'Type Chart'!$B$4:$P$4,0))) -> 1 | L15: =INDEX('Type Chart'!$B$5:$P$19,MATCH(L$4,'Type Chart'!$A$5:$A$19,0),MATCH($E15,'Type Chart'!$B$4:$P$4,0))*IF($F15="",1,INDEX('Type Chart'!$B$5:$P$19,MATCH(L$4,'Type Chart'!$A$5:$A$19,0),MATCH($F15,'Type Chart'!$B$4:$P$4,0))) -> 0.25 | M15: =INDEX('Type Chart'!$B$5:$P$19,MATCH(M$4,'Type Chart'!$A$5:$A$19,0),MATCH($E15,'Type Chart'!$B$4:$P$4,0))*IF($F15="",1,INDEX('Type Chart'!$B$5:$P$19,MATCH(M$4,'Type Chart'!$A$5:$A$19,0),MATCH($F15,'Type Chart'!$B$4:$P$4,0))) -> 1 | N15: =INDEX('Type Chart'!$B$5:$P$19,MATCH(N$4,'Type Chart'!$A$5:$A$19,0),MATCH($E15,'Type Chart'!$B$4:$P$4,0))*IF($F15="",1,INDEX('Type Chart'!$B$5:$P$19,MATCH(N$4,'Type Chart'!$A$5:$A$19,0),MATCH($F15,'Type Chart'!$B$4:$P$4,0))) -> 0.25 | O15: =INDEX('Type Chart'!$B$5:$P$19,MATCH(O$4,'Type Chart'!$A$5:$A$19,0),MATCH($E15,'Type Chart'!$B$4:$P$4,0))*IF($F15="",1,INDEX('Type Chart'!$B$5:$P$19,MATCH(O$4,'Type Chart'!$A$5:$A$19,0),MATCH($F15,'Type Chart'!$B$4:$P$4,0))) -> 1 | ... V15: =INDEX('Type Chart'!$B$5:$P$19,MATCH(V$4,'Type Chart'!$A$5:$A$19,0),MATCH($E15,'Type Chart'!$B$4:$P$4,0))*IF($F15="",1,INDEX('Type Chart'!$B$5:$P$19,MATCH(V$4,'Type Chart'!$A$5:$A$19,0),MATCH($F15,'Type Chart'!$B$4:$P$4,0))) -> 1
A16: Koga | B16: Gym 5 | C16: Venomoth | D16: 50 | E16: Bug | F16: Poison | G16: ACE | H16: =INDEX('Type Chart'!$B$5:$P$19,MATCH(H$4,'Type Chart'!$A$5:$A$19,0),MATCH($E16,'Type Chart'!$B$4:$P$4,0))*IF($F16="",1,INDEX('Type Chart'!$B$5:$P$19,MATCH(H$4,'Type Chart'!$A$5:$A$19,0),MATCH($F16,'Type Chart'!$B$4:$P$4,0))) -> 1 | I16: =INDEX('Type Chart'!$B$5:$P$19,MATCH(I$4,'Type Chart'!$A$5:$A$19,0),MATCH($E16,'Type Chart'!$B$4:$P$4,0))*IF($F16="",1,INDEX('Type Chart'!$B$5:$P$19,MATCH(I$4,'Type Chart'!$A$5:$A$19,0),MATCH($F16,'Type Chart'!$B$4:$P$4,0))) -> 2 | J16: =INDEX('Type Chart'!$B$5:$P$19,MATCH(J$4,'Type Chart'!$A$5:$A$19,0),MATCH($E16,'Type Chart'!$B$4:$P$4,0))*IF($F16="",1,INDEX('Type Chart'!$B$5:$P$19,MATCH(J$4,'Type Chart'!$A$5:$A$19,0),MATCH($F16,'Type Chart'!$B$4:$P$4,0))) -> 1 | K16: =INDEX('Type Chart'!$B$5:$P$19,MATCH(K$4,'Type Chart'!$A$5:$A$19,0),MATCH($E16,'Type Chart'!$B$4:$P$4,0))*IF($F16="",1,INDEX('Type Chart'!$B$5:$P$19,MATCH(K$4,'Type Chart'!$A$5:$A$19,0),MATCH($F16,'Type Chart'!$B$4:$P$4,0))) -> 1 | L16: =INDEX('Type Chart'!$B$5:$P$19,MATCH(L$4,'Type Chart'!$A$5:$A$19,0),MATCH($E16,'Type Chart'!$B$4:$P$4,0))*IF($F16="",1,INDEX('Type Chart'!$B$5:$P$19,MATCH(L$4,'Type Chart'!$A$5:$A$19,0),MATCH($F16,'Type Chart'!$B$4:$P$4,0))) -> 0.25 | M16: =INDEX('Type Chart'!$B$5:$P$19,MATCH(M$4,'Type Chart'!$A$5:$A$19,0),MATCH($E16,'Type Chart'!$B$4:$P$4,0))*IF($F16="",1,INDEX('Type Chart'!$B$5:$P$19,MATCH(M$4,'Type Chart'!$A$5:$A$19,0),MATCH($F16,'Type Chart'!$B$4:$P$4,0))) -> 1 | N16: =INDEX('Type Chart'!$B$5:$P$19,MATCH(N$4,'Type Chart'!$A$5:$A$19,0),MATCH($E16,'Type Chart'!$B$4:$P$4,0))*IF($F16="",1,INDEX('Type Chart'!$B$5:$P$19,MATCH(N$4,'Type Chart'!$A$5:$A$19,0),MATCH($F16,'Type Chart'!$B$4:$P$4,0))) -> 0.25 | O16: =INDEX('Type Chart'!$B$5:$P$19,MATCH(O$4,'Type Chart'!$A$5:$A$19,0),MATCH($E16,'Type Chart'!$B$4:$P$4,0))*IF($F16="",1,INDEX('Type Chart'!$B$5:$P$19,MATCH(O$4,'Type Chart'!$A$5:$A$19,0),MATCH($F16,'Type Chart'!$B$4:$P$4,0))) -> 1 | ... V16: =INDEX('Type Chart'!$B$5:$P$19,MATCH(V$4,'Type Chart'!$A$5:$A$19,0),MATCH($E16,'Type Chart'!$B$4:$P$4,0))*IF($F16="",1,INDEX('Type Chart'!$B$5:$P$19,MATCH(V$4,'Type Chart'!$A$5:$A$19,0),MATCH($F16,'Type Chart'!$B$4:$P$4,0))) -> 1
A17: Sabrina | B17: Gym 6 | C17: Abra | D17: 50 | E17: Psychic | H17: =INDEX('Type Chart'!$B$5:$P$19,MATCH(H$4,'Type Chart'!$A$5:$A$19,0),MATCH($E17,'Type Chart'!$B$4:$P$4,0))*IF($F17="",1,INDEX('Type Chart'!$B$5:$P$19,MATCH(H$4,'Type Chart'!$A$5:$A$19,0),MATCH($F17,'Type Chart'!$B$4:$P$4,0))) -> 1 | I17: =INDEX('Type Chart'!$B$5:$P$19,MATCH(I$4,'Type Chart'!$A$5:$A$19,0),MATCH($E17,'Type Chart'!$B$4:$P$4,0))*IF($F17="",1,INDEX('Type Chart'!$B$5:$P$19,MATCH(I$4,'Type Chart'!$A$5:$A$19,0),MATCH($F17,'Type Chart'!$B$4:$P$4,0))) -> 1 | J17: =INDEX('Type Chart'!$B$5:$P$19,MATCH(J$4,'Type Chart'!$A$5:$A$19,0),MATCH($E17,'Type Chart'!$B$4:$P$4,0))*IF($F17="",1,INDEX('Type Chart'!$B$5:$P$19,MATCH(J$4,'Type Chart'!$A$5:$A$19,0),MATCH($F17,'Type Chart'!$B$4:$P$4,0))) -> 1 | K17: =INDEX('Type Chart'!$B$5:$P$19,MATCH(K$4,'Type Chart'!$A$5:$A$19,0),MATCH($E17,'Type Chart'!$B$4:$P$4,0))*IF($F17="",1,INDEX('Type Chart'!$B$5:$P$19,MATCH(K$4,'Type Chart'!$A$5:$A$19,0),MATCH($F17,'Type Chart'!$B$4:$P$4,0))) -> 1 | L17: =INDEX('Type Chart'!$B$5:$P$19,MATCH(L$4,'Type Chart'!$A$5:$A$19,0),MATCH($E17,'Type Chart'!$B$4:$P$4,0))*IF($F17="",1,INDEX('Type Chart'!$B$5:$P$19,MATCH(L$4,'Type Chart'!$A$5:$A$19,0),MATCH($F17,'Type Chart'!$B$4:$P$4,0))) -> 1 | M17: =INDEX('Type Chart'!$B$5:$P$19,MATCH(M$4,'Type Chart'!$A$5:$A$19,0),MATCH($E17,'Type Chart'!$B$4:$P$4,0))*IF($F17="",1,INDEX('Type Chart'!$B$5:$P$19,MATCH(M$4,'Type Chart'!$A$5:$A$19,0),MATCH($F17,'Type Chart'!$B$4:$P$4,0))) -> 1 | N17: =INDEX('Type Chart'!$B$5:$P$19,MATCH(N$4,'Type Chart'!$A$5:$A$19,0),MATCH($E17,'Type Chart'!$B$4:$P$4,0))*IF($F17="",1,INDEX('Type Chart'!$B$5:$P$19,MATCH(N$4,'Type Chart'!$A$5:$A$19,0),MATCH($F17,'Type Chart'!$B$4:$P$4,0))) -> 0.5 | O17: =INDEX('Type Chart'!$B$5:$P$19,MATCH(O$4,'Type Chart'!$A$5:$A$19,0),MATCH($E17,'Type Chart'!$B$4:$P$4,0))*IF($F17="",1,INDEX('Type Chart'!$B$5:$P$19,MATCH(O$4,'Type Chart'!$A$5:$A$19,0),MATCH($F17,'Type Chart'!$B$4:$P$4,0))) -> 1 | ... V17: =INDEX('Type Chart'!$B$5:$P$19,MATCH(V$4,'Type Chart'!$A$5:$A$19,0),MATCH($E17,'Type Chart'!$B$4:$P$4,0))*IF($F17="",1,INDEX('Type Chart'!$B$5:$P$19,MATCH(V$4,'Type Chart'!$A$5:$A$19,0),MATCH($F17,'Type Chart'!$B$4:$P$4,0))) -> 1
A18: Sabrina | B18: Gym 6 | C18: Kadabra | D18: 50 | E18: Psychic | H18: =INDEX('Type Chart'!$B$5:$P$19,MATCH(H$4,'Type Chart'!$A$5:$A$19,0),MATCH($E18,'Type Chart'!$B$4:$P$4,0))*IF($F18="",1,INDEX('Type Chart'!$B$5:$P$19,MATCH(H$4,'Type Chart'!$A$5:$A$19,0),MATCH($F18,'Type Chart'!$B$4:$P$4,0))) -> 1 | I18: =INDEX('Type Chart'!$B$5:$P$19,MATCH(I$4,'Type Chart'!$A$5:$A$19,0),MATCH($E18,'Type Chart'!$B$4:$P$4,0))*IF($F18="",1,INDEX('Type Chart'!$B$5:$P$19,MATCH(I$4,'Type Chart'!$A$5:$A$19,0),MATCH($F18,'Type Chart'!$B$4:$P$4,0))) -> 1 | J18: =INDEX('Type Chart'!$B$5:$P$19,MATCH(J$4,'Type Chart'!$A$5:$A$19,0),MATCH($E18,'Type Chart'!$B$4:$P$4,0))*IF($F18="",1,INDEX('Type Chart'!$B$5:$P$19,MATCH(J$4,'Type Chart'!$A$5:$A$19,0),MATCH($F18,'Type Chart'!$B$4:$P$4,0))) -> 1 | K18: =INDEX('Type Chart'!$B$5:$P$19,MATCH(K$4,'Type Chart'!$A$5:$A$19,0),MATCH($E18,'Type Chart'!$B$4:$P$4,0))*IF($F18="",1,INDEX('Type Chart'!$B$5:$P$19,MATCH(K$4,'Type Chart'!$A$5:$A$19,0),MATCH($F18,'Type Chart'!$B$4:$P$4,0))) -> 1 | L18: =INDEX('Type Chart'!$B$5:$P$19,MATCH(L$4,'Type Chart'!$A$5:$A$19,0),MATCH($E18,'Type Chart'!$B$4:$P$4,0))*IF($F18="",1,INDEX('Type Chart'!$B$5:$P$19,MATCH(L$4,'Type Chart'!$A$5:$A$19,0),MATCH($F18,'Type Chart'!$B$4:$P$4,0))) -> 1 | M18: =INDEX('Type Chart'!$B$5:$P$19,MATCH(M$4,'Type Chart'!$A$5:$A$19,0),MATCH($E18,'Type Chart'!$B$4:$P$4,0))*IF($F18="",1,INDEX('Type Chart'!$B$5:$P$19,MATCH(M$4,'Type Chart'!$A$5:$A$19,0),MATCH($F18,'Type Chart'!$B$4:$P$4,0))) -> 1 | N18: =INDEX('Type Chart'!$B$5:$P$19,MATCH(N$4,'Type Chart'!$A$5:$A$19,0),MATCH($E18,'Type Chart'!$B$4:$P$4,0))*IF($F18="",1,INDEX('Type Chart'!$B$5:$P$19,MATCH(N$4,'Type Chart'!$A$5:$A$19,0),MATCH($F18,'Type Chart'!$B$4:$P$4,0))) -> 0.5 | O18: =INDEX('Type Chart'!$B$5:$P$19,MATCH(O$4,'Type Chart'!$A$5:$A$19,0),MATCH($E18,'Type Chart'!$B$4:$P$4,0))*IF($F18="",1,INDEX('Type Chart'!$B$5:$P$19,MATCH(O$4,'Type Chart'!$A$5:$A$19,0),MATCH($F18,'Type Chart'!$B$4:$P$4,0))) -> 1 | ... V18: =INDEX('Type Chart'!$B$5:$P$19,MATCH(V$4,'Type Chart'!$A$5:$A$19,0),MATCH($E18,'Type Chart'!$B$4:$P$4,0))*IF($F18="",1,INDEX('Type Chart'!$B$5:$P$19,MATCH(V$4,'Type Chart'!$A$5:$A$19,0),MATCH($F18,'Type Chart'!$B$4:$P$4,0))) -> 1
A19: Sabrina | B19: Gym 6 | C19: Alakazam | D19: 50 | E19: Psychic | G19: ACE | H19: =INDEX('Type Chart'!$B$5:$P$19,MATCH(H$4,'Type Chart'!$A$5:$A$19,0),MATCH($E19,'Type Chart'!$B$4:$P$4,0))*IF($F19="",1,INDEX('Type Chart'!$B$5:$P$19,MATCH(H$4,'Type Chart'!$A$5:$A$19,0),MATCH($F19,'Type Chart'!$B$4:$P$4,0))) -> 1 | I19: =INDEX('Type Chart'!$B$5:$P$19,MATCH(I$4,'Type Chart'!$A$5:$A$19,0),MATCH($E19,'Type Chart'!$B$4:$P$4,0))*IF($F19="",1,INDEX('Type Chart'!$B$5:$P$19,MATCH(I$4,'Type Chart'!$A$5:$A$19,0),MATCH($F19,'Type Chart'!$B$4:$P$4,0))) -> 1 | J19: =INDEX('Type Chart'!$B$5:$P$19,MATCH(J$4,'Type Chart'!$A$5:$A$19,0),MATCH($E19,'Type Chart'!$B$4:$P$4,0))*IF($F19="",1,INDEX('Type Chart'!$B$5:$P$19,MATCH(J$4,'Type Chart'!$A$5:$A$19,0),MATCH($F19,'Type Chart'!$B$4:$P$4,0))) -> 1 | K19: =INDEX('Type Chart'!$B$5:$P$19,MATCH(K$4,'Type Chart'!$A$5:$A$19,0),MATCH($E19,'Type Chart'!$B$4:$P$4,0))*IF($F19="",1,INDEX('Type Chart'!$B$5:$P$19,MATCH(K$4,'Type Chart'!$A$5:$A$19,0),MATCH($F19,'Type Chart'!$B$4:$P$4,0))) -> 1 | L19: =INDEX('Type Chart'!$B$5:$P$19,MATCH(L$4,'Type Chart'!$A$5:$A$19,0),MATCH($E19,'Type Chart'!$B$4:$P$4,0))*IF($F19="",1,INDEX('Type Chart'!$B$5:$P$19,MATCH(L$4,'Type Chart'!$A$5:$A$19,0),MATCH($F19,'Type Chart'!$B$4:$P$4,0))) -> 1 | M19: =INDEX('Type Chart'!$B$5:$P$19,MATCH(M$4,'Type Chart'!$A$5:$A$19,0),MATCH($E19,'Type Chart'!$B$4:$P$4,0))*IF($F19="",1,INDEX('Type Chart'!$B$5:$P$19,MATCH(M$4,'Type Chart'!$A$5:$A$19,0),MATCH($F19,'Type Chart'!$B$4:$P$4,0))) -> 1 | N19: =INDEX('Type Chart'!$B$5:$P$19,MATCH(N$4,'Type Chart'!$A$5:$A$19,0),MATCH($E19,'Type Chart'!$B$4:$P$4,0))*IF($F19="",1,INDEX('Type Chart'!$B$5:$P$19,MATCH(N$4,'Type Chart'!$A$5:$A$19,0),MATCH($F19,'Type Chart'!$B$4:$P$4,0))) -> 0.5 | O19: =INDEX('Type Chart'!$B$5:$P$19,MATCH(O$4,'Type Chart'!$A$5:$A$19,0),MATCH($E19,'Type Chart'!$B$4:$P$4,0))*IF($F19="",1,INDEX('Type Chart'!$B$5:$P$19,MATCH(O$4,'Type Chart'!$A$5:$A$19,0),MATCH($F19,'Type Chart'!$B$4:$P$4,0))) -> 1 | ... V19: =INDEX('Type Chart'!$B$5:$P$19,MATCH(V$4,'Type Chart'!$A$5:$A$19,0),MATCH($E19,'Type Chart'!$B$4:$P$4,0))*IF($F19="",1,INDEX('Type Chart'!$B$5:$P$19,MATCH(V$4,'Type Chart'!$A$5:$A$19,0),MATCH($F19,'Type Chart'!$B$4:$P$4,0))) -> 1
A20: Blaine | B20: Gym 7 | C20: Ninetales | D20: 48 | E20: Fire | H20: =INDEX('Type Chart'!$B$5:$P$19,MATCH(H$4,'Type Chart'!$A$5:$A$19,0),MATCH($E20,'Type Chart'!$B$4:$P$4,0))*IF($F20="",1,INDEX('Type Chart'!$B$5:$P$19,MATCH(H$4,'Type Chart'!$A$5:$A$19,0),MATCH($F20,'Type Chart'!$B$4:$P$4,0))) -> 1 | I20: =INDEX('Type Chart'!$B$5:$P$19,MATCH(I$4,'Type Chart'!$A$5:$A$19,0),MATCH($E20,'Type Chart'!$B$4:$P$4,0))*IF($F20="",1,INDEX('Type Chart'!$B$5:$P$19,MATCH(I$4,'Type Chart'!$A$5:$A$19,0),MATCH($F20,'Type Chart'!$B$4:$P$4,0))) -> 0.5 | J20: =INDEX('Type Chart'!$B$5:$P$19,MATCH(J$4,'Type Chart'!$A$5:$A$19,0),MATCH($E20,'Type Chart'!$B$4:$P$4,0))*IF($F20="",1,INDEX('Type Chart'!$B$5:$P$19,MATCH(J$4,'Type Chart'!$A$5:$A$19,0),MATCH($F20,'Type Chart'!$B$4:$P$4,0))) -> 2 | K20: =INDEX('Type Chart'!$B$5:$P$19,MATCH(K$4,'Type Chart'!$A$5:$A$19,0),MATCH($E20,'Type Chart'!$B$4:$P$4,0))*IF($F20="",1,INDEX('Type Chart'!$B$5:$P$19,MATCH(K$4,'Type Chart'!$A$5:$A$19,0),MATCH($F20,'Type Chart'!$B$4:$P$4,0))) -> 1 | L20: =INDEX('Type Chart'!$B$5:$P$19,MATCH(L$4,'Type Chart'!$A$5:$A$19,0),MATCH($E20,'Type Chart'!$B$4:$P$4,0))*IF($F20="",1,INDEX('Type Chart'!$B$5:$P$19,MATCH(L$4,'Type Chart'!$A$5:$A$19,0),MATCH($F20,'Type Chart'!$B$4:$P$4,0))) -> 0.5 | M20: =INDEX('Type Chart'!$B$5:$P$19,MATCH(M$4,'Type Chart'!$A$5:$A$19,0),MATCH($E20,'Type Chart'!$B$4:$P$4,0))*IF($F20="",1,INDEX('Type Chart'!$B$5:$P$19,MATCH(M$4,'Type Chart'!$A$5:$A$19,0),MATCH($F20,'Type Chart'!$B$4:$P$4,0))) -> 1 | N20: =INDEX('Type Chart'!$B$5:$P$19,MATCH(N$4,'Type Chart'!$A$5:$A$19,0),MATCH($E20,'Type Chart'!$B$4:$P$4,0))*IF($F20="",1,INDEX('Type Chart'!$B$5:$P$19,MATCH(N$4,'Type Chart'!$A$5:$A$19,0),MATCH($F20,'Type Chart'!$B$4:$P$4,0))) -> 1 | O20: =INDEX('Type Chart'!$B$5:$P$19,MATCH(O$4,'Type Chart'!$A$5:$A$19,0),MATCH($E20,'Type Chart'!$B$4:$P$4,0))*IF($F20="",1,INDEX('Type Chart'!$B$5:$P$19,MATCH(O$4,'Type Chart'!$A$5:$A$19,0),MATCH($F20,'Type Chart'!$B$4:$P$4,0))) -> 1 | ... V20: =INDEX('Type Chart'!$B$5:$P$19,MATCH(V$4,'Type Chart'!$A$5:$A$19,0),MATCH($E20,'Type Chart'!$B$4:$P$4,0))*IF($F20="",1,INDEX('Type Chart'!$B$5:$P$19,MATCH(V$4,'Type Chart'!$A$5:$A$19,0),MATCH($F20,'Type Chart'!$B$4:$P$4,0))) -> 1
A21: Blaine | B21: Gym 7 | C21: Rapidash | D21: 50 | E21: Fire | H21: =INDEX('Type Chart'!$B$5:$P$19,MATCH(H$4,'Type Chart'!$A$5:$A$19,0),MATCH($E21,'Type Chart'!$B$4:$P$4,0))*IF($F21="",1,INDEX('Type Chart'!$B$5:$P$19,MATCH(H$4,'Type Chart'!$A$5:$A$19,0),MATCH($F21,'Type Chart'!$B$4:$P$4,0))) -> 1 | I21: =INDEX('Type Chart'!$B$5:$P$19,MATCH(I$4,'Type Chart'!$A$5:$A$19,0),MATCH($E21,'Type Chart'!$B$4:$P$4,0))*IF($F21="",1,INDEX('Type Chart'!$B$5:$P$19,MATCH(I$4,'Type Chart'!$A$5:$A$19,0),MATCH($F21,'Type Chart'!$B$4:$P$4,0))) -> 0.5 | J21: =INDEX('Type Chart'!$B$5:$P$19,MATCH(J$4,'Type Chart'!$A$5:$A$19,0),MATCH($E21,'Type Chart'!$B$4:$P$4,0))*IF($F21="",1,INDEX('Type Chart'!$B$5:$P$19,MATCH(J$4,'Type Chart'!$A$5:$A$19,0),MATCH($F21,'Type Chart'!$B$4:$P$4,0))) -> 2 | K21: =INDEX('Type Chart'!$B$5:$P$19,MATCH(K$4,'Type Chart'!$A$5:$A$19,0),MATCH($E21,'Type Chart'!$B$4:$P$4,0))*IF($F21="",1,INDEX('Type Chart'!$B$5:$P$19,MATCH(K$4,'Type Chart'!$A$5:$A$19,0),MATCH($F21,'Type Chart'!$B$4:$P$4,0))) -> 1 | L21: =INDEX('Type Chart'!$B$5:$P$19,MATCH(L$4,'Type Chart'!$A$5:$A$19,0),MATCH($E21,'Type Chart'!$B$4:$P$4,0))*IF($F21="",1,INDEX('Type Chart'!$B$5:$P$19,MATCH(L$4,'Type Chart'!$A$5:$A$19,0),MATCH($F21,'Type Chart'!$B$4:$P$4,0))) -> 0.5 | M21: =INDEX('Type Chart'!$B$5:$P$19,MATCH(M$4,'Type Chart'!$A$5:$A$19,0),MATCH($E21,'Type Chart'!$B$4:$P$4,0))*IF($F21="",1,INDEX('Type Chart'!$B$5:$P$19,MATCH(M$4,'Type Chart'!$A$5:$A$19,0),MATCH($F21,'Type Chart'!$B$4:$P$4,0))) -> 1 | N21: =INDEX('Type Chart'!$B$5:$P$19,MATCH(N$4,'Type Chart'!$A$5:$A$19,0),MATCH($E21,'Type Chart'!$B$4:$P$4,0))*IF($F21="",1,INDEX('Type Chart'!$B$5:$P$19,MATCH(N$4,'Type Chart'!$A$5:$A$19,0),MATCH($F21,'Type Chart'!$B$4:$P$4,0))) -> 1 | O21: =INDEX('Type Chart'!$B$5:$P$19,MATCH(O$4,'Type Chart'!$A$5:$A$19,0),MATCH($E21,'Type Chart'!$B$4:$P$4,0))*IF($F21="",1,INDEX('Type Chart'!$B$5:$P$19,MATCH(O$4,'Type Chart'!$A$5:$A$19,0),MATCH($F21,'Type Chart'!$B$4:$P$4,0))) -> 1 | ... V21: =INDEX('Type Chart'!$B$5:$P$19,MATCH(V$4,'Type Chart'!$A$5:$A$19,0),MATCH($E21,'Type Chart'!$B$4:$P$4,0))*IF($F21="",1,INDEX('Type Chart'!$B$5:$P$19,MATCH(V$4,'Type Chart'!$A$5:$A$19,0),MATCH($F21,'Type Chart'!$B$4:$P$4,0))) -> 1
A22: Blaine | B22: Gym 7 | C22: Arcanine | D22: 54 | E22: Fire | G22: ACE | H22: =INDEX('Type Chart'!$B$5:$P$19,MATCH(H$4,'Type Chart'!$A$5:$A$19,0),MATCH($E22,'Type Chart'!$B$4:$P$4,0))*IF($F22="",1,INDEX('Type Chart'!$B$5:$P$19,MATCH(H$4,'Type Chart'!$A$5:$A$19,0),MATCH($F22,'Type Chart'!$B$4:$P$4,0))) -> 1 | I22: =INDEX('Type Chart'!$B$5:$P$19,MATCH(I$4,'Type Chart'!$A$5:$A$19,0),MATCH($E22,'Type Chart'!$B$4:$P$4,0))*IF($F22="",1,INDEX('Type Chart'!$B$5:$P$19,MATCH(I$4,'Type Chart'!$A$5:$A$19,0),MATCH($F22,'Type Chart'!$B$4:$P$4,0))) -> 0.5 | J22: =INDEX('Type Chart'!$B$5:$P$19,MATCH(J$4,'Type Chart'!$A$5:$A$19,0),MATCH($E22,'Type Chart'!$B$4:$P$4,0))*IF($F22="",1,INDEX('Type Chart'!$B$5:$P$19,MATCH(J$4,'Type Chart'!$A$5:$A$19,0),MATCH($F22,'Type Chart'!$B$4:$P$4,0))) -> 2 | K22: =INDEX('Type Chart'!$B$5:$P$19,MATCH(K$4,'Type Chart'!$A$5:$A$19,0),MATCH($E22,'Type Chart'!$B$4:$P$4,0))*IF($F22="",1,INDEX('Type Chart'!$B$5:$P$19,MATCH(K$4,'Type Chart'!$A$5:$A$19,0),MATCH($F22,'Type Chart'!$B$4:$P$4,0))) -> 1 | L22: =INDEX('Type Chart'!$B$5:$P$19,MATCH(L$4,'Type Chart'!$A$5:$A$19,0),MATCH($E22,'Type Chart'!$B$4:$P$4,0))*IF($F22="",1,INDEX('Type Chart'!$B$5:$P$19,MATCH(L$4,'Type Chart'!$A$5:$A$19,0),MATCH($F22,'Type Chart'!$B$4:$P$4,0))) -> 0.5 | M22: =INDEX('Type Chart'!$B$5:$P$19,MATCH(M$4,'Type Chart'!$A$5:$A$19,0),MATCH($E22,'Type Chart'!$B$4:$P$4,0))*IF($F22="",1,INDEX('Type Chart'!$B$5:$P$19,MATCH(M$4,'Type Chart'!$A$5:$A$19,0),MATCH($F22,'Type Chart'!$B$4:$P$4,0))) -> 1 | N22: =INDEX('Type Chart'!$B$5:$P$19,MATCH(N$4,'Type Chart'!$A$5:$A$19,0),MATCH($E22,'Type Chart'!$B$4:$P$4,0))*IF($F22="",1,INDEX('Type Chart'!$B$5:$P$19,MATCH(N$4,'Type Chart'!$A$5:$A$19,0),MATCH($F22,'Type Chart'!$B$4:$P$4,0))) -> 1 | O22: =INDEX('Type Chart'!$B$5:$P$19,MATCH(O$4,'Type Chart'!$A$5:$A$19,0),MATCH($E22,'Type Chart'!$B$4:$P$4,0))*IF($F22="",1,INDEX('Type Chart'!$B$5:$P$19,MATCH(O$4,'Type Chart'!$A$5:$A$19,0),MATCH($F22,'Type Chart'!$B$4:$P$4,0))) -> 1 | ... V22: =INDEX('Type Chart'!$B$5:$P$19,MATCH(V$4,'Type Chart'!$A$5:$A$19,0),MATCH($E22,'Type Chart'!$B$4:$P$4,0))*IF($F22="",1,INDEX('Type Chart'!$B$5:$P$19,MATCH(V$4,'Type Chart'!$A$5:$A$19,0),MATCH($F22,'Type Chart'!$B$4:$P$4,0))) -> 1
A23: Giovanni | B23: Gym 8 | C23: Dugtrio | D23: 50 | E23: Ground | H23: =INDEX('Type Chart'!$B$5:$P$19,MATCH(H$4,'Type Chart'!$A$5:$A$19,0),MATCH($E23,'Type Chart'!$B$4:$P$4,0))*IF($F23="",1,INDEX('Type Chart'!$B$5:$P$19,MATCH(H$4,'Type Chart'!$A$5:$A$19,0),MATCH($F23,'Type Chart'!$B$4:$P$4,0))) -> 1 | I23: =INDEX('Type Chart'!$B$5:$P$19,MATCH(I$4,'Type Chart'!$A$5:$A$19,0),MATCH($E23,'Type Chart'!$B$4:$P$4,0))*IF($F23="",1,INDEX('Type Chart'!$B$5:$P$19,MATCH(I$4,'Type Chart'!$A$5:$A$19,0),MATCH($F23,'Type Chart'!$B$4:$P$4,0))) -> 1 | J23: =INDEX('Type Chart'!$B$5:$P$19,MATCH(J$4,'Type Chart'!$A$5:$A$19,0),MATCH($E23,'Type Chart'!$B$4:$P$4,0))*IF($F23="",1,INDEX('Type Chart'!$B$5:$P$19,MATCH(J$4,'Type Chart'!$A$5:$A$19,0),MATCH($F23,'Type Chart'!$B$4:$P$4,0))) -> 2 | K23: =INDEX('Type Chart'!$B$5:$P$19,MATCH(K$4,'Type Chart'!$A$5:$A$19,0),MATCH($E23,'Type Chart'!$B$4:$P$4,0))*IF($F23="",1,INDEX('Type Chart'!$B$5:$P$19,MATCH(K$4,'Type Chart'!$A$5:$A$19,0),MATCH($F23,'Type Chart'!$B$4:$P$4,0))) -> 0 | L23: =INDEX('Type Chart'!$B$5:$P$19,MATCH(L$4,'Type Chart'!$A$5:$A$19,0),MATCH($E23,'Type Chart'!$B$4:$P$4,0))*IF($F23="",1,INDEX('Type Chart'!$B$5:$P$19,MATCH(L$4,'Type Chart'!$A$5:$A$19,0),MATCH($F23,'Type Chart'!$B$4:$P$4,0))) -> 2 | M23: =INDEX('Type Chart'!$B$5:$P$19,MATCH(M$4,'Type Chart'!$A$5:$A$19,0),MATCH($E23,'Type Chart'!$B$4:$P$4,0))*IF($F23="",1,INDEX('Type Chart'!$B$5:$P$19,MATCH(M$4,'Type Chart'!$A$5:$A$19,0),MATCH($F23,'Type Chart'!$B$4:$P$4,0))) -> 2 | N23: =INDEX('Type Chart'!$B$5:$P$19,MATCH(N$4,'Type Chart'!$A$5:$A$19,0),MATCH($E23,'Type Chart'!$B$4:$P$4,0))*IF($F23="",1,INDEX('Type Chart'!$B$5:$P$19,MATCH(N$4,'Type Chart'!$A$5:$A$19,0),MATCH($F23,'Type Chart'!$B$4:$P$4,0))) -> 1 | O23: =INDEX('Type Chart'!$B$5:$P$19,MATCH(O$4,'Type Chart'!$A$5:$A$19,0),MATCH($E23,'Type Chart'!$B$4:$P$4,0))*IF($F23="",1,INDEX('Type Chart'!$B$5:$P$19,MATCH(O$4,'Type Chart'!$A$5:$A$19,0),MATCH($F23,'Type Chart'!$B$4:$P$4,0))) -> 0.5 | ... V23: =INDEX('Type Chart'!$B$5:$P$19,MATCH(V$4,'Type Chart'!$A$5:$A$19,0),MATCH($E23,'Type Chart'!$B$4:$P$4,0))*IF($F23="",1,INDEX('Type Chart'!$B$5:$P$19,MATCH(V$4,'Type Chart'!$A$5:$A$19,0),MATCH($F23,'Type Chart'!$B$4:$P$4,0))) -> 1
A24: Giovanni | B24: Gym 8 | C24: Persian | D24: 53 | E24: Normal | H24: =INDEX('Type Chart'!$B$5:$P$19,MATCH(H$4,'Type Chart'!$A$5:$A$19,0),MATCH($E24,'Type Chart'!$B$4:$P$4,0))*IF($F24="",1,INDEX('Type Chart'!$B$5:$P$19,MATCH(H$4,'Type Chart'!$A$5:$A$19,0),MATCH($F24,'Type Chart'!$B$4:$P$4,0))) -> 1 | I24: =INDEX('Type Chart'!$B$5:$P$19,MATCH(I$4,'Type Chart'!$A$5:$A$19,0),MATCH($E24,'Type Chart'!$B$4:$P$4,0))*IF($F24="",1,INDEX('Type Chart'!$B$5:$P$19,MATCH(I$4,'Type Chart'!$A$5:$A$19,0),MATCH($F24,'Type Chart'!$B$4:$P$4,0))) -> 1 | J24: =INDEX('Type Chart'!$B$5:$P$19,MATCH(J$4,'Type Chart'!$A$5:$A$19,0),MATCH($E24,'Type Chart'!$B$4:$P$4,0))*IF($F24="",1,INDEX('Type Chart'!$B$5:$P$19,MATCH(J$4,'Type Chart'!$A$5:$A$19,0),MATCH($F24,'Type Chart'!$B$4:$P$4,0))) -> 1 | K24: =INDEX('Type Chart'!$B$5:$P$19,MATCH(K$4,'Type Chart'!$A$5:$A$19,0),MATCH($E24,'Type Chart'!$B$4:$P$4,0))*IF($F24="",1,INDEX('Type Chart'!$B$5:$P$19,MATCH(K$4,'Type Chart'!$A$5:$A$19,0),MATCH($F24,'Type Chart'!$B$4:$P$4,0))) -> 1 | L24: =INDEX('Type Chart'!$B$5:$P$19,MATCH(L$4,'Type Chart'!$A$5:$A$19,0),MATCH($E24,'Type Chart'!$B$4:$P$4,0))*IF($F24="",1,INDEX('Type Chart'!$B$5:$P$19,MATCH(L$4,'Type Chart'!$A$5:$A$19,0),MATCH($F24,'Type Chart'!$B$4:$P$4,0))) -> 1 | M24: =INDEX('Type Chart'!$B$5:$P$19,MATCH(M$4,'Type Chart'!$A$5:$A$19,0),MATCH($E24,'Type Chart'!$B$4:$P$4,0))*IF($F24="",1,INDEX('Type Chart'!$B$5:$P$19,MATCH(M$4,'Type Chart'!$A$5:$A$19,0),MATCH($F24,'Type Chart'!$B$4:$P$4,0))) -> 1 | N24: =INDEX('Type Chart'!$B$5:$P$19,MATCH(N$4,'Type Chart'!$A$5:$A$19,0),MATCH($E24,'Type Chart'!$B$4:$P$4,0))*IF($F24="",1,INDEX('Type Chart'!$B$5:$P$19,MATCH(N$4,'Type Chart'!$A$5:$A$19,0),MATCH($F24,'Type Chart'!$B$4:$P$4,0))) -> 2 | O24: =INDEX('Type Chart'!$B$5:$P$19,MATCH(O$4,'Type Chart'!$A$5:$A$19,0),MATCH($E24,'Type Chart'!$B$4:$P$4,0))*IF($F24="",1,INDEX('Type Chart'!$B$5:$P$19,MATCH(O$4,'Type Chart'!$A$5:$A$19,0),MATCH($F24,'Type Chart'!$B$4:$P$4,0))) -> 1 | ... V24: =INDEX('Type Chart'!$B$5:$P$19,MATCH(V$4,'Type Chart'!$A$5:$A$19,0),MATCH($E24,'Type Chart'!$B$4:$P$4,0))*IF($F24="",1,INDEX('Type Chart'!$B$5:$P$19,MATCH(V$4,'Type Chart'!$A$5:$A$19,0),MATCH($F24,'Type Chart'!$B$4:$P$4,0))) -> 1
A25: Giovanni | B25: Gym 8 | C25: Nidoqueen | D25: 53 | E25: Poison | F25: Ground | H25: =INDEX('Type Chart'!$B$5:$P$19,MATCH(H$4,'Type Chart'!$A$5:$A$19,0),MATCH($E25,'Type Chart'!$B$4:$P$4,0))*IF($F25="",1,INDEX('Type Chart'!$B$5:$P$19,MATCH(H$4,'Type Chart'!$A$5:$A$19,0),MATCH($F25,'Type Chart'!$B$4:$P$4,0))) -> 1 | I25: =INDEX('Type Chart'!$B$5:$P$19,MATCH(I$4,'Type Chart'!$A$5:$A$19,0),MATCH($E25,'Type Chart'!$B$4:$P$4,0))*IF($F25="",1,INDEX('Type Chart'!$B$5:$P$19,MATCH(I$4,'Type Chart'!$A$5:$A$19,0),MATCH($F25,'Type Chart'!$B$4:$P$4,0))) -> 1 | J25: =INDEX('Type Chart'!$B$5:$P$19,MATCH(J$4,'Type Chart'!$A$5:$A$19,0),MATCH($E25,'Type Chart'!$B$4:$P$4,0))*IF($F25="",1,INDEX('Type Chart'!$B$5:$P$19,MATCH(J$4,'Type Chart'!$A$5:$A$19,0),MATCH($F25,'Type Chart'!$B$4:$P$4,0))) -> 2 | K25: =INDEX('Type Chart'!$B$5:$P$19,MATCH(K$4,'Type Chart'!$A$5:$A$19,0),MATCH($E25,'Type Chart'!$B$4:$P$4,0))*IF($F25="",1,INDEX('Type Chart'!$B$5:$P$19,MATCH(K$4,'Type Chart'!$A$5:$A$19,0),MATCH($F25,'Type Chart'!$B$4:$P$4,0))) -> 0 | L25: =INDEX('Type Chart'!$B$5:$P$19,MATCH(L$4,'Type Chart'!$A$5:$A$19,0),MATCH($E25,'Type Chart'!$B$4:$P$4,0))*IF($F25="",1,INDEX('Type Chart'!$B$5:$P$19,MATCH(L$4,'Type Chart'!$A$5:$A$19,0),MATCH($F25,'Type Chart'!$B$4:$P$4,0))) -> 1 | M25: =INDEX('Type Chart'!$B$5:$P$19,MATCH(M$4,'Type Chart'!$A$5:$A$19,0),MATCH($E25,'Type Chart'!$B$4:$P$4,0))*IF($F25="",1,INDEX('Type Chart'!$B$5:$P$19,MATCH(M$4,'Type Chart'!$A$5:$A$19,0),MATCH($F25,'Type Chart'!$B$4:$P$4,0))) -> 2 | N25: =INDEX('Type Chart'!$B$5:$P$19,MATCH(N$4,'Type Chart'!$A$5:$A$19,0),MATCH($E25,'Type Chart'!$B$4:$P$4,0))*IF($F25="",1,INDEX('Type Chart'!$B$5:$P$19,MATCH(N$4,'Type Chart'!$A$5:$A$19,0),MATCH($F25,'Type Chart'!$B$4:$P$4,0))) -> 0.5 | O25: =INDEX('Type Chart'!$B$5:$P$19,MATCH(O$4,'Type Chart'!$A$5:$A$19,0),MATCH($E25,'Type Chart'!$B$4:$P$4,0))*IF($F25="",1,INDEX('Type Chart'!$B$5:$P$19,MATCH(O$4,'Type Chart'!$A$5:$A$19,0),MATCH($F25,'Type Chart'!$B$4:$P$4,0))) -> 0.25 | ... V25: =INDEX('Type Chart'!$B$5:$P$19,MATCH(V$4,'Type Chart'!$A$5:$A$19,0),MATCH($E25,'Type Chart'!$B$4:$P$4,0))*IF($F25="",1,INDEX('Type Chart'!$B$5:$P$19,MATCH(V$4,'Type Chart'!$A$5:$A$19,0),MATCH($F25,'Type Chart'!$B$4:$P$4,0))) -> 1
A26: Giovanni | B26: Gym 8 | C26: Nidoking | D26: 55 | E26: Poison | F26: Ground | H26: =INDEX('Type Chart'!$B$5:$P$19,MATCH(H$4,'Type Chart'!$A$5:$A$19,0),MATCH($E26,'Type Chart'!$B$4:$P$4,0))*IF($F26="",1,INDEX('Type Chart'!$B$5:$P$19,MATCH(H$4,'Type Chart'!$A$5:$A$19,0),MATCH($F26,'Type Chart'!$B$4:$P$4,0))) -> 1 | I26: =INDEX('Type Chart'!$B$5:$P$19,MATCH(I$4,'Type Chart'!$A$5:$A$19,0),MATCH($E26,'Type Chart'!$B$4:$P$4,0))*IF($F26="",1,INDEX('Type Chart'!$B$5:$P$19,MATCH(I$4,'Type Chart'!$A$5:$A$19,0),MATCH($F26,'Type Chart'!$B$4:$P$4,0))) -> 1 | J26: =INDEX('Type Chart'!$B$5:$P$19,MATCH(J$4,'Type Chart'!$A$5:$A$19,0),MATCH($E26,'Type Chart'!$B$4:$P$4,0))*IF($F26="",1,INDEX('Type Chart'!$B$5:$P$19,MATCH(J$4,'Type Chart'!$A$5:$A$19,0),MATCH($F26,'Type Chart'!$B$4:$P$4,0))) -> 2 | K26: =INDEX('Type Chart'!$B$5:$P$19,MATCH(K$4,'Type Chart'!$A$5:$A$19,0),MATCH($E26,'Type Chart'!$B$4:$P$4,0))*IF($F26="",1,INDEX('Type Chart'!$B$5:$P$19,MATCH(K$4,'Type Chart'!$A$5:$A$19,0),MATCH($F26,'Type Chart'!$B$4:$P$4,0))) -> 0 | L26: =INDEX('Type Chart'!$B$5:$P$19,MATCH(L$4,'Type Chart'!$A$5:$A$19,0),MATCH($E26,'Type Chart'!$B$4:$P$4,0))*IF($F26="",1,INDEX('Type Chart'!$B$5:$P$19,MATCH(L$4,'Type Chart'!$A$5:$A$19,0),MATCH($F26,'Type Chart'!$B$4:$P$4,0))) -> 1 | M26: =INDEX('Type Chart'!$B$5:$P$19,MATCH(M$4,'Type Chart'!$A$5:$A$19,0),MATCH($E26,'Type Chart'!$B$4:$P$4,0))*IF($F26="",1,INDEX('Type Chart'!$B$5:$P$19,MATCH(M$4,'Type Chart'!$A$5:$A$19,0),MATCH($F26,'Type Chart'!$B$4:$P$4,0))) -> 2 | N26: =INDEX('Type Chart'!$B$5:$P$19,MATCH(N$4,'Type Chart'!$A$5:$A$19,0),MATCH($E26,'Type Chart'!$B$4:$P$4,0))*IF($F26="",1,INDEX('Type Chart'!$B$5:$P$19,MATCH(N$4,'Type Chart'!$A$5:$A$19,0),MATCH($F26,'Type Chart'!$B$4:$P$4,0))) -> 0.5 | O26: =INDEX('Type Chart'!$B$5:$P$19,MATCH(O$4,'Type Chart'!$A$5:$A$19,0),MATCH($E26,'Type Chart'!$B$4:$P$4,0))*IF($F26="",1,INDEX('Type Chart'!$B$5:$P$19,MATCH(O$4,'Type Chart'!$A$5:$A$19,0),MATCH($F26,'Type Chart'!$B$4:$P$4,0))) -> 0.25 | ... V26: =INDEX('Type Chart'!$B$5:$P$19,MATCH(V$4,'Type Chart'!$A$5:$A$19,0),MATCH($E26,'Type Chart'!$B$4:$P$4,0))*IF($F26="",1,INDEX('Type Chart'!$B$5:$P$19,MATCH(V$4,'Type Chart'!$A$5:$A$19,0),MATCH($F26,'Type Chart'!$B$4:$P$4,0))) -> 1
A27: Giovanni | B27: Gym 8 | C27: Rhydon | D27: 55 | E27: Ground | F27: Rock | G27: ACE | H27: =INDEX('Type Chart'!$B$5:$P$19,MATCH(H$4,'Type Chart'!$A$5:$A$19,0),MATCH($E27,'Type Chart'!$B$4:$P$4,0))*IF($F27="",1,INDEX('Type Chart'!$B$5:$P$19,MATCH(H$4,'Type Chart'!$A$5:$A$19,0),MATCH($F27,'Type Chart'!$B$4:$P$4,0))) -> 0.5 | I27: =INDEX('Type Chart'!$B$5:$P$19,MATCH(I$4,'Type Chart'!$A$5:$A$19,0),MATCH($E27,'Type Chart'!$B$4:$P$4,0))*IF($F27="",1,INDEX('Type Chart'!$B$5:$P$19,MATCH(I$4,'Type Chart'!$A$5:$A$19,0),MATCH($F27,'Type Chart'!$B$4:$P$4,0))) -> 0.5 | J27: =INDEX('Type Chart'!$B$5:$P$19,MATCH(J$4,'Type Chart'!$A$5:$A$19,0),MATCH($E27,'Type Chart'!$B$4:$P$4,0))*IF($F27="",1,INDEX('Type Chart'!$B$5:$P$19,MATCH(J$4,'Type Chart'!$A$5:$A$19,0),MATCH($F27,'Type Chart'!$B$4:$P$4,0))) -> 4 | K27: =INDEX('Type Chart'!$B$5:$P$19,MATCH(K$4,'Type Chart'!$A$5:$A$19,0),MATCH($E27,'Type Chart'!$B$4:$P$4,0))*IF($F27="",1,INDEX('Type Chart'!$B$5:$P$19,MATCH(K$4,'Type Chart'!$A$5:$A$19,0),MATCH($F27,'Type Chart'!$B$4:$P$4,0))) -> 0 | L27: =INDEX('Type Chart'!$B$5:$P$19,MATCH(L$4,'Type Chart'!$A$5:$A$19,0),MATCH($E27,'Type Chart'!$B$4:$P$4,0))*IF($F27="",1,INDEX('Type Chart'!$B$5:$P$19,MATCH(L$4,'Type Chart'!$A$5:$A$19,0),MATCH($F27,'Type Chart'!$B$4:$P$4,0))) -> 4 | M27: =INDEX('Type Chart'!$B$5:$P$19,MATCH(M$4,'Type Chart'!$A$5:$A$19,0),MATCH($E27,'Type Chart'!$B$4:$P$4,0))*IF($F27="",1,INDEX('Type Chart'!$B$5:$P$19,MATCH(M$4,'Type Chart'!$A$5:$A$19,0),MATCH($F27,'Type Chart'!$B$4:$P$4,0))) -> 2 | N27: =INDEX('Type Chart'!$B$5:$P$19,MATCH(N$4,'Type Chart'!$A$5:$A$19,0),MATCH($E27,'Type Chart'!$B$4:$P$4,0))*IF($F27="",1,INDEX('Type Chart'!$B$5:$P$19,MATCH(N$4,'Type Chart'!$A$5:$A$19,0),MATCH($F27,'Type Chart'!$B$4:$P$4,0))) -> 2 | O27: =INDEX('Type Chart'!$B$5:$P$19,MATCH(O$4,'Type Chart'!$A$5:$A$19,0),MATCH($E27,'Type Chart'!$B$4:$P$4,0))*IF($F27="",1,INDEX('Type Chart'!$B$5:$P$19,MATCH(O$4,'Type Chart'!$A$5:$A$19,0),MATCH($F27,'Type Chart'!$B$4:$P$4,0))) -> 0.25 | ... V27: =INDEX('Type Chart'!$B$5:$P$19,MATCH(V$4,'Type Chart'!$A$5:$A$19,0),MATCH($E27,'Type Chart'!$B$4:$P$4,0))*IF($F27="",1,INDEX('Type Chart'!$B$5:$P$19,MATCH(V$4,'Type Chart'!$A$5:$A$19,0),MATCH($F27,'Type Chart'!$B$4:$P$4,0))) -> 1
A28: Lorelei | B28: Elite Four | C28: Dewgong | D28: 54 | E28: Water | F28: Ice | H28: =INDEX('Type Chart'!$B$5:$P$19,MATCH(H$4,'Type Chart'!$A$5:$A$19,0),MATCH($E28,'Type Chart'!$B$4:$P$4,0))*IF($F28="",1,INDEX('Type Chart'!$B$5:$P$19,MATCH(H$4,'Type Chart'!$A$5:$A$19,0),MATCH($F28,'Type Chart'!$B$4:$P$4,0))) -> 1 | I28: =INDEX('Type Chart'!$B$5:$P$19,MATCH(I$4,'Type Chart'!$A$5:$A$19,0),MATCH($E28,'Type Chart'!$B$4:$P$4,0))*IF($F28="",1,INDEX('Type Chart'!$B$5:$P$19,MATCH(I$4,'Type Chart'!$A$5:$A$19,0),MATCH($F28,'Type Chart'!$B$4:$P$4,0))) -> 1 | J28: =INDEX('Type Chart'!$B$5:$P$19,MATCH(J$4,'Type Chart'!$A$5:$A$19,0),MATCH($E28,'Type Chart'!$B$4:$P$4,0))*IF($F28="",1,INDEX('Type Chart'!$B$5:$P$19,MATCH(J$4,'Type Chart'!$A$5:$A$19,0),MATCH($F28,'Type Chart'!$B$4:$P$4,0))) -> 0.5 | K28: =INDEX('Type Chart'!$B$5:$P$19,MATCH(K$4,'Type Chart'!$A$5:$A$19,0),MATCH($E28,'Type Chart'!$B$4:$P$4,0))*IF($F28="",1,INDEX('Type Chart'!$B$5:$P$19,MATCH(K$4,'Type Chart'!$A$5:$A$19,0),MATCH($F28,'Type Chart'!$B$4:$P$4,0))) -> 2 | L28: =INDEX('Type Chart'!$B$5:$P$19,MATCH(L$4,'Type Chart'!$A$5:$A$19,0),MATCH($E28,'Type Chart'!$B$4:$P$4,0))*IF($F28="",1,INDEX('Type Chart'!$B$5:$P$19,MATCH(L$4,'Type Chart'!$A$5:$A$19,0),MATCH($F28,'Type Chart'!$B$4:$P$4,0))) -> 2 | M28: =INDEX('Type Chart'!$B$5:$P$19,MATCH(M$4,'Type Chart'!$A$5:$A$19,0),MATCH($E28,'Type Chart'!$B$4:$P$4,0))*IF($F28="",1,INDEX('Type Chart'!$B$5:$P$19,MATCH(M$4,'Type Chart'!$A$5:$A$19,0),MATCH($F28,'Type Chart'!$B$4:$P$4,0))) -> 0.25 | N28: =INDEX('Type Chart'!$B$5:$P$19,MATCH(N$4,'Type Chart'!$A$5:$A$19,0),MATCH($E28,'Type Chart'!$B$4:$P$4,0))*IF($F28="",1,INDEX('Type Chart'!$B$5:$P$19,MATCH(N$4,'Type Chart'!$A$5:$A$19,0),MATCH($F28,'Type Chart'!$B$4:$P$4,0))) -> 2 | O28: =INDEX('Type Chart'!$B$5:$P$19,MATCH(O$4,'Type Chart'!$A$5:$A$19,0),MATCH($E28,'Type Chart'!$B$4:$P$4,0))*IF($F28="",1,INDEX('Type Chart'!$B$5:$P$19,MATCH(O$4,'Type Chart'!$A$5:$A$19,0),MATCH($F28,'Type Chart'!$B$4:$P$4,0))) -> 1 | ... V28: =INDEX('Type Chart'!$B$5:$P$19,MATCH(V$4,'Type Chart'!$A$5:$A$19,0),MATCH($E28,'Type Chart'!$B$4:$P$4,0))*IF($F28="",1,INDEX('Type Chart'!$B$5:$P$19,MATCH(V$4,'Type Chart'!$A$5:$A$19,0),MATCH($F28,'Type Chart'!$B$4:$P$4,0))) -> 1
A29: Lorelei | B29: Elite Four | C29: Cloyster | D29: 53 | E29: Water | F29: Ice | H29: =INDEX('Type Chart'!$B$5:$P$19,MATCH(H$4,'Type Chart'!$A$5:$A$19,0),MATCH($E29,'Type Chart'!$B$4:$P$4,0))*IF($F29="",1,INDEX('Type Chart'!$B$5:$P$19,MATCH(H$4,'Type Chart'!$A$5:$A$19,0),MATCH($F29,'Type Chart'!$B$4:$P$4,0))) -> 1 | I29: =INDEX('Type Chart'!$B$5:$P$19,MATCH(I$4,'Type Chart'!$A$5:$A$19,0),MATCH($E29,'Type Chart'!$B$4:$P$4,0))*IF($F29="",1,INDEX('Type Chart'!$B$5:$P$19,MATCH(I$4,'Type Chart'!$A$5:$A$19,0),MATCH($F29,'Type Chart'!$B$4:$P$4,0))) -> 1 | J29: =INDEX('Type Chart'!$B$5:$P$19,MATCH(J$4,'Type Chart'!$A$5:$A$19,0),MATCH($E29,'Type Chart'!$B$4:$P$4,0))*IF($F29="",1,INDEX('Type Chart'!$B$5:$P$19,MATCH(J$4,'Type Chart'!$A$5:$A$19,0),MATCH($F29,'Type Chart'!$B$4:$P$4,0))) -> 0.5 | K29: =INDEX('Type Chart'!$B$5:$P$19,MATCH(K$4,'Type Chart'!$A$5:$A$19,0),MATCH($E29,'Type Chart'!$B$4:$P$4,0))*IF($F29="",1,INDEX('Type Chart'!$B$5:$P$19,MATCH(K$4,'Type Chart'!$A$5:$A$19,0),MATCH($F29,'Type Chart'!$B$4:$P$4,0))) -> 2 | L29: =INDEX('Type Chart'!$B$5:$P$19,MATCH(L$4,'Type Chart'!$A$5:$A$19,0),MATCH($E29,'Type Chart'!$B$4:$P$4,0))*IF($F29="",1,INDEX('Type Chart'!$B$5:$P$19,MATCH(L$4,'Type Chart'!$A$5:$A$19,0),MATCH($F29,'Type Chart'!$B$4:$P$4,0))) -> 2 | M29: =INDEX('Type Chart'!$B$5:$P$19,MATCH(M$4,'Type Chart'!$A$5:$A$19,0),MATCH($E29,'Type Chart'!$B$4:$P$4,0))*IF($F29="",1,INDEX('Type Chart'!$B$5:$P$19,MATCH(M$4,'Type Chart'!$A$5:$A$19,0),MATCH($F29,'Type Chart'!$B$4:$P$4,0))) -> 0.25 | N29: =INDEX('Type Chart'!$B$5:$P$19,MATCH(N$4,'Type Chart'!$A$5:$A$19,0),MATCH($E29,'Type Chart'!$B$4:$P$4,0))*IF($F29="",1,INDEX('Type Chart'!$B$5:$P$19,MATCH(N$4,'Type Chart'!$A$5:$A$19,0),MATCH($F29,'Type Chart'!$B$4:$P$4,0))) -> 2 | O29: =INDEX('Type Chart'!$B$5:$P$19,MATCH(O$4,'Type Chart'!$A$5:$A$19,0),MATCH($E29,'Type Chart'!$B$4:$P$4,0))*IF($F29="",1,INDEX('Type Chart'!$B$5:$P$19,MATCH(O$4,'Type Chart'!$A$5:$A$19,0),MATCH($F29,'Type Chart'!$B$4:$P$4,0))) -> 1 | ... V29: =INDEX('Type Chart'!$B$5:$P$19,MATCH(V$4,'Type Chart'!$A$5:$A$19,0),MATCH($E29,'Type Chart'!$B$4:$P$4,0))*IF($F29="",1,INDEX('Type Chart'!$B$5:$P$19,MATCH(V$4,'Type Chart'!$A$5:$A$19,0),MATCH($F29,'Type Chart'!$B$4:$P$4,0))) -> 1
A30: Lorelei | B30: Elite Four | C30: Slowbro | D30: 54 | E30: Water | F30: Psychic | H30: =INDEX('Type Chart'!$B$5:$P$19,MATCH(H$4,'Type Chart'!$A$5:$A$19,0),MATCH($E30,'Type Chart'!$B$4:$P$4,0))*IF($F30="",1,INDEX('Type Chart'!$B$5:$P$19,MATCH(H$4,'Type Chart'!$A$5:$A$19,0),MATCH($F30,'Type Chart'!$B$4:$P$4,0))) -> 1 | I30: =INDEX('Type Chart'!$B$5:$P$19,MATCH(I$4,'Type Chart'!$A$5:$A$19,0),MATCH($E30,'Type Chart'!$B$4:$P$4,0))*IF($F30="",1,INDEX('Type Chart'!$B$5:$P$19,MATCH(I$4,'Type Chart'!$A$5:$A$19,0),MATCH($F30,'Type Chart'!$B$4:$P$4,0))) -> 0.5 | J30: =INDEX('Type Chart'!$B$5:$P$19,MATCH(J$4,'Type Chart'!$A$5:$A$19,0),MATCH($E30,'Type Chart'!$B$4:$P$4,0))*IF($F30="",1,INDEX('Type Chart'!$B$5:$P$19,MATCH(J$4,'Type Chart'!$A$5:$A$19,0),MATCH($F30,'Type Chart'!$B$4:$P$4,0))) -> 0.5 | K30: =INDEX('Type Chart'!$B$5:$P$19,MATCH(K$4,'Type Chart'!$A$5:$A$19,0),MATCH($E30,'Type Chart'!$B$4:$P$4,0))*IF($F30="",1,INDEX('Type Chart'!$B$5:$P$19,MATCH(K$4,'Type Chart'!$A$5:$A$19,0),MATCH($F30,'Type Chart'!$B$4:$P$4,0))) -> 2 | L30: =INDEX('Type Chart'!$B$5:$P$19,MATCH(L$4,'Type Chart'!$A$5:$A$19,0),MATCH($E30,'Type Chart'!$B$4:$P$4,0))*IF($F30="",1,INDEX('Type Chart'!$B$5:$P$19,MATCH(L$4,'Type Chart'!$A$5:$A$19,0),MATCH($F30,'Type Chart'!$B$4:$P$4,0))) -> 2 | M30: =INDEX('Type Chart'!$B$5:$P$19,MATCH(M$4,'Type Chart'!$A$5:$A$19,0),MATCH($E30,'Type Chart'!$B$4:$P$4,0))*IF($F30="",1,INDEX('Type Chart'!$B$5:$P$19,MATCH(M$4,'Type Chart'!$A$5:$A$19,0),MATCH($F30,'Type Chart'!$B$4:$P$4,0))) -> 0.5 | N30: =INDEX('Type Chart'!$B$5:$P$19,MATCH(N$4,'Type Chart'!$A$5:$A$19,0),MATCH($E30,'Type Chart'!$B$4:$P$4,0))*IF($F30="",1,INDEX('Type Chart'!$B$5:$P$19,MATCH(N$4,'Type Chart'!$A$5:$A$19,0),MATCH($F30,'Type Chart'!$B$4:$P$4,0))) -> 0.5 | O30: =INDEX('Type Chart'!$B$5:$P$19,MATCH(O$4,'Type Chart'!$A$5:$A$19,0),MATCH($E30,'Type Chart'!$B$4:$P$4,0))*IF($F30="",1,INDEX('Type Chart'!$B$5:$P$19,MATCH(O$4,'Type Chart'!$A$5:$A$19,0),MATCH($F30,'Type Chart'!$B$4:$P$4,0))) -> 1 | ... V30: =INDEX('Type Chart'!$B$5:$P$19,MATCH(V$4,'Type Chart'!$A$5:$A$19,0),MATCH($E30,'Type Chart'!$B$4:$P$4,0))*IF($F30="",1,INDEX('Type Chart'!$B$5:$P$19,MATCH(V$4,'Type Chart'!$A$5:$A$19,0),MATCH($F30,'Type Chart'!$B$4:$P$4,0))) -> 1
A31: Lorelei | B31: Elite Four | C31: Jynx | D31: 56 | E31: Ice | F31: Psychic | H31: =INDEX('Type Chart'!$B$5:$P$19,MATCH(H$4,'Type Chart'!$A$5:$A$19,0),MATCH($E31,'Type Chart'!$B$4:$P$4,0))*IF($F31="",1,INDEX('Type Chart'!$B$5:$P$19,MATCH(H$4,'Type Chart'!$A$5:$A$19,0),MATCH($F31,'Type Chart'!$B$4:$P$4,0))) -> 1 | I31: =INDEX('Type Chart'!$B$5:$P$19,MATCH(I$4,'Type Chart'!$A$5:$A$19,0),MATCH($E31,'Type Chart'!$B$4:$P$4,0))*IF($F31="",1,INDEX('Type Chart'!$B$5:$P$19,MATCH(I$4,'Type Chart'!$A$5:$A$19,0),MATCH($F31,'Type Chart'!$B$4:$P$4,0))) -> 2 | J31: =INDEX('Type Chart'!$B$5:$P$19,MATCH(J$4,'Type Chart'!$A$5:$A$19,0),MATCH($E31,'Type Chart'!$B$4:$P$4,0))*IF($F31="",1,INDEX('Type Chart'!$B$5:$P$19,MATCH(J$4,'Type Chart'!$A$5:$A$19,0),MATCH($F31,'Type Chart'!$B$4:$P$4,0))) -> 1 | K31: =INDEX('Type Chart'!$B$5:$P$19,MATCH(K$4,'Type Chart'!$A$5:$A$19,0),MATCH($E31,'Type Chart'!$B$4:$P$4,0))*IF($F31="",1,INDEX('Type Chart'!$B$5:$P$19,MATCH(K$4,'Type Chart'!$A$5:$A$19,0),MATCH($F31,'Type Chart'!$B$4:$P$4,0))) -> 1 | L31: =INDEX('Type Chart'!$B$5:$P$19,MATCH(L$4,'Type Chart'!$A$5:$A$19,0),MATCH($E31,'Type Chart'!$B$4:$P$4,0))*IF($F31="",1,INDEX('Type Chart'!$B$5:$P$19,MATCH(L$4,'Type Chart'!$A$5:$A$19,0),MATCH($F31,'Type Chart'!$B$4:$P$4,0))) -> 1 | M31: =INDEX('Type Chart'!$B$5:$P$19,MATCH(M$4,'Type Chart'!$A$5:$A$19,0),MATCH($E31,'Type Chart'!$B$4:$P$4,0))*IF($F31="",1,INDEX('Type Chart'!$B$5:$P$19,MATCH(M$4,'Type Chart'!$A$5:$A$19,0),MATCH($F31,'Type Chart'!$B$4:$P$4,0))) -> 0.5 | N31: =INDEX('Type Chart'!$B$5:$P$19,MATCH(N$4,'Type Chart'!$A$5:$A$19,0),MATCH($E31,'Type Chart'!$B$4:$P$4,0))*IF($F31="",1,INDEX('Type Chart'!$B$5:$P$19,MATCH(N$4,'Type Chart'!$A$5:$A$19,0),MATCH($F31,'Type Chart'!$B$4:$P$4,0))) -> 1 | O31: =INDEX('Type Chart'!$B$5:$P$19,MATCH(O$4,'Type Chart'!$A$5:$A$19,0),MATCH($E31,'Type Chart'!$B$4:$P$4,0))*IF($F31="",1,INDEX('Type Chart'!$B$5:$P$19,MATCH(O$4,'Type Chart'!$A$5:$A$19,0),MATCH($F31,'Type Chart'!$B$4:$P$4,0))) -> 1 | ... V31: =INDEX('Type Chart'!$B$5:$P$19,MATCH(V$4,'Type Chart'!$A$5:$A$19,0),MATCH($E31,'Type Chart'!$B$4:$P$4,0))*IF($F31="",1,INDEX('Type Chart'!$B$5:$P$19,MATCH(V$4,'Type Chart'!$A$5:$A$19,0),MATCH($F31,'Type Chart'!$B$4:$P$4,0))) -> 1
A32: Lorelei | B32: Elite Four | C32: Lapras | D32: 56 | E32: Water | F32: Ice | G32: ACE | H32: =INDEX('Type Chart'!$B$5:$P$19,MATCH(H$4,'Type Chart'!$A$5:$A$19,0),MATCH($E32,'Type Chart'!$B$4:$P$4,0))*IF($F32="",1,INDEX('Type Chart'!$B$5:$P$19,MATCH(H$4,'Type Chart'!$A$5:$A$19,0),MATCH($F32,'Type Chart'!$B$4:$P$4,0))) -> 1 | I32: =INDEX('Type Chart'!$B$5:$P$19,MATCH(I$4,'Type Chart'!$A$5:$A$19,0),MATCH($E32,'Type Chart'!$B$4:$P$4,0))*IF($F32="",1,INDEX('Type Chart'!$B$5:$P$19,MATCH(I$4,'Type Chart'!$A$5:$A$19,0),MATCH($F32,'Type Chart'!$B$4:$P$4,0))) -> 1 | J32: =INDEX('Type Chart'!$B$5:$P$19,MATCH(J$4,'Type Chart'!$A$5:$A$19,0),MATCH($E32,'Type Chart'!$B$4:$P$4,0))*IF($F32="",1,INDEX('Type Chart'!$B$5:$P$19,MATCH(J$4,'Type Chart'!$A$5:$A$19,0),MATCH($F32,'Type Chart'!$B$4:$P$4,0))) -> 0.5 | K32: =INDEX('Type Chart'!$B$5:$P$19,MATCH(K$4,'Type Chart'!$A$5:$A$19,0),MATCH($E32,'Type Chart'!$B$4:$P$4,0))*IF($F32="",1,INDEX('Type Chart'!$B$5:$P$19,MATCH(K$4,'Type Chart'!$A$5:$A$19,0),MATCH($F32,'Type Chart'!$B$4:$P$4,0))) -> 2 | L32: =INDEX('Type Chart'!$B$5:$P$19,MATCH(L$4,'Type Chart'!$A$5:$A$19,0),MATCH($E32,'Type Chart'!$B$4:$P$4,0))*IF($F32="",1,INDEX('Type Chart'!$B$5:$P$19,MATCH(L$4,'Type Chart'!$A$5:$A$19,0),MATCH($F32,'Type Chart'!$B$4:$P$4,0))) -> 2 | M32: =INDEX('Type Chart'!$B$5:$P$19,MATCH(M$4,'Type Chart'!$A$5:$A$19,0),MATCH($E32,'Type Chart'!$B$4:$P$4,0))*IF($F32="",1,INDEX('Type Chart'!$B$5:$P$19,MATCH(M$4,'Type Chart'!$A$5:$A$19,0),MATCH($F32,'Type Chart'!$B$4:$P$4,0))) -> 0.25 | N32: =INDEX('Type Chart'!$B$5:$P$19,MATCH(N$4,'Type Chart'!$A$5:$A$19,0),MATCH($E32,'Type Chart'!$B$4:$P$4,0))*IF($F32="",1,INDEX('Type Chart'!$B$5:$P$19,MATCH(N$4,'Type Chart'!$A$5:$A$19,0),MATCH($F32,'Type Chart'!$B$4:$P$4,0))) -> 2 | O32: =INDEX('Type Chart'!$B$5:$P$19,MATCH(O$4,'Type Chart'!$A$5:$A$19,0),MATCH($E32,'Type Chart'!$B$4:$P$4,0))*IF($F32="",1,INDEX('Type Chart'!$B$5:$P$19,MATCH(O$4,'Type Chart'!$A$5:$A$19,0),MATCH($F32,'Type Chart'!$B$4:$P$4,0))) -> 1 | ... V32: =INDEX('Type Chart'!$B$5:$P$19,MATCH(V$4,'Type Chart'!$A$5:$A$19,0),MATCH($E32,'Type Chart'!$B$4:$P$4,0))*IF($F32="",1,INDEX('Type Chart'!$B$5:$P$19,MATCH(V$4,'Type Chart'!$A$5:$A$19,0),MATCH($F32,'Type Chart'!$B$4:$P$4,0))) -> 1
A33: Bruno | B33: Elite Four | C33: Onix | D33: 53 | E33: Rock | F33: Ground | H33: =INDEX('Type Chart'!$B$5:$P$19,MATCH(H$4,'Type Chart'!$A$5:$A$19,0),MATCH($E33,'Type Chart'!$B$4:$P$4,0))*IF($F33="",1,INDEX('Type Chart'!$B$5:$P$19,MATCH(H$4,'Type Chart'!$A$5:$A$19,0),MATCH($F33,'Type Chart'!$B$4:$P$4,0))) -> 0.5 | I33: =INDEX('Type Chart'!$B$5:$P$19,MATCH(I$4,'Type Chart'!$A$5:$A$19,0),MATCH($E33,'Type Chart'!$B$4:$P$4,0))*IF($F33="",1,INDEX('Type Chart'!$B$5:$P$19,MATCH(I$4,'Type Chart'!$A$5:$A$19,0),MATCH($F33,'Type Chart'!$B$4:$P$4,0))) -> 0.5 | J33: =INDEX('Type Chart'!$B$5:$P$19,MATCH(J$4,'Type Chart'!$A$5:$A$19,0),MATCH($E33,'Type Chart'!$B$4:$P$4,0))*IF($F33="",1,INDEX('Type Chart'!$B$5:$P$19,MATCH(J$4,'Type Chart'!$A$5:$A$19,0),MATCH($F33,'Type Chart'!$B$4:$P$4,0))) -> 4 | K33: =INDEX('Type Chart'!$B$5:$P$19,MATCH(K$4,'Type Chart'!$A$5:$A$19,0),MATCH($E33,'Type Chart'!$B$4:$P$4,0))*IF($F33="",1,INDEX('Type Chart'!$B$5:$P$19,MATCH(K$4,'Type Chart'!$A$5:$A$19,0),MATCH($F33,'Type Chart'!$B$4:$P$4,0))) -> 0 | L33: =INDEX('Type Chart'!$B$5:$P$19,MATCH(L$4,'Type Chart'!$A$5:$A$19,0),MATCH($E33,'Type Chart'!$B$4:$P$4,0))*IF($F33="",1,INDEX('Type Chart'!$B$5:$P$19,MATCH(L$4,'Type Chart'!$A$5:$A$19,0),MATCH($F33,'Type Chart'!$B$4:$P$4,0))) -> 4 | M33: =INDEX('Type Chart'!$B$5:$P$19,MATCH(M$4,'Type Chart'!$A$5:$A$19,0),MATCH($E33,'Type Chart'!$B$4:$P$4,0))*IF($F33="",1,INDEX('Type Chart'!$B$5:$P$19,MATCH(M$4,'Type Chart'!$A$5:$A$19,0),MATCH($F33,'Type Chart'!$B$4:$P$4,0))) -> 2 | N33: =INDEX('Type Chart'!$B$5:$P$19,MATCH(N$4,'Type Chart'!$A$5:$A$19,0),MATCH($E33,'Type Chart'!$B$4:$P$4,0))*IF($F33="",1,INDEX('Type Chart'!$B$5:$P$19,MATCH(N$4,'Type Chart'!$A$5:$A$19,0),MATCH($F33,'Type Chart'!$B$4:$P$4,0))) -> 2 | O33: =INDEX('Type Chart'!$B$5:$P$19,MATCH(O$4,'Type Chart'!$A$5:$A$19,0),MATCH($E33,'Type Chart'!$B$4:$P$4,0))*IF($F33="",1,INDEX('Type Chart'!$B$5:$P$19,MATCH(O$4,'Type Chart'!$A$5:$A$19,0),MATCH($F33,'Type Chart'!$B$4:$P$4,0))) -> 0.25 | ... V33: =INDEX('Type Chart'!$B$5:$P$19,MATCH(V$4,'Type Chart'!$A$5:$A$19,0),MATCH($E33,'Type Chart'!$B$4:$P$4,0))*IF($F33="",1,INDEX('Type Chart'!$B$5:$P$19,MATCH(V$4,'Type Chart'!$A$5:$A$19,0),MATCH($F33,'Type Chart'!$B$4:$P$4,0))) -> 1
A34: Bruno | B34: Elite Four | C34: Hitmonchan | D34: 55 | E34: Fighting | H34: =INDEX('Type Chart'!$B$5:$P$19,MATCH(H$4,'Type Chart'!$A$5:$A$19,0),MATCH($E34,'Type Chart'!$B$4:$P$4,0))*IF($F34="",1,INDEX('Type Chart'!$B$5:$P$19,MATCH(H$4,'Type Chart'!$A$5:$A$19,0),MATCH($F34,'Type Chart'!$B$4:$P$4,0))) -> 1 | I34: =INDEX('Type Chart'!$B$5:$P$19,MATCH(I$4,'Type Chart'!$A$5:$A$19,0),MATCH($E34,'Type Chart'!$B$4:$P$4,0))*IF($F34="",1,INDEX('Type Chart'!$B$5:$P$19,MATCH(I$4,'Type Chart'!$A$5:$A$19,0),MATCH($F34,'Type Chart'!$B$4:$P$4,0))) -> 1 | J34: =INDEX('Type Chart'!$B$5:$P$19,MATCH(J$4,'Type Chart'!$A$5:$A$19,0),MATCH($E34,'Type Chart'!$B$4:$P$4,0))*IF($F34="",1,INDEX('Type Chart'!$B$5:$P$19,MATCH(J$4,'Type Chart'!$A$5:$A$19,0),MATCH($F34,'Type Chart'!$B$4:$P$4,0))) -> 1 | K34: =INDEX('Type Chart'!$B$5:$P$19,MATCH(K$4,'Type Chart'!$A$5:$A$19,0),MATCH($E34,'Type Chart'!$B$4:$P$4,0))*IF($F34="",1,INDEX('Type Chart'!$B$5:$P$19,MATCH(K$4,'Type Chart'!$A$5:$A$19,0),MATCH($F34,'Type Chart'!$B$4:$P$4,0))) -> 1 | L34: =INDEX('Type Chart'!$B$5:$P$19,MATCH(L$4,'Type Chart'!$A$5:$A$19,0),MATCH($E34,'Type Chart'!$B$4:$P$4,0))*IF($F34="",1,INDEX('Type Chart'!$B$5:$P$19,MATCH(L$4,'Type Chart'!$A$5:$A$19,0),MATCH($F34,'Type Chart'!$B$4:$P$4,0))) -> 1 | M34: =INDEX('Type Chart'!$B$5:$P$19,MATCH(M$4,'Type Chart'!$A$5:$A$19,0),MATCH($E34,'Type Chart'!$B$4:$P$4,0))*IF($F34="",1,INDEX('Type Chart'!$B$5:$P$19,MATCH(M$4,'Type Chart'!$A$5:$A$19,0),MATCH($F34,'Type Chart'!$B$4:$P$4,0))) -> 1 | N34: =INDEX('Type Chart'!$B$5:$P$19,MATCH(N$4,'Type Chart'!$A$5:$A$19,0),MATCH($E34,'Type Chart'!$B$4:$P$4,0))*IF($F34="",1,INDEX('Type Chart'!$B$5:$P$19,MATCH(N$4,'Type Chart'!$A$5:$A$19,0),MATCH($F34,'Type Chart'!$B$4:$P$4,0))) -> 1 | O34: =INDEX('Type Chart'!$B$5:$P$19,MATCH(O$4,'Type Chart'!$A$5:$A$19,0),MATCH($E34,'Type Chart'!$B$4:$P$4,0))*IF($F34="",1,INDEX('Type Chart'!$B$5:$P$19,MATCH(O$4,'Type Chart'!$A$5:$A$19,0),MATCH($F34,'Type Chart'!$B$4:$P$4,0))) -> 1 | ... V34: =INDEX('Type Chart'!$B$5:$P$19,MATCH(V$4,'Type Chart'!$A$5:$A$19,0),MATCH($E34,'Type Chart'!$B$4:$P$4,0))*IF($F34="",1,INDEX('Type Chart'!$B$5:$P$19,MATCH(V$4,'Type Chart'!$A$5:$A$19,0),MATCH($F34,'Type Chart'!$B$4:$P$4,0))) -> 1
A35: Bruno | B35: Elite Four | C35: Hitmonlee | D35: 55 | E35: Fighting | H35: =INDEX('Type Chart'!$B$5:$P$19,MATCH(H$4,'Type Chart'!$A$5:$A$19,0),MATCH($E35,'Type Chart'!$B$4:$P$4,0))*IF($F35="",1,INDEX('Type Chart'!$B$5:$P$19,MATCH(H$4,'Type Chart'!$A$5:$A$19,0),MATCH($F35,'Type Chart'!$B$4:$P$4,0))) -> 1 | I35: =INDEX('Type Chart'!$B$5:$P$19,MATCH(I$4,'Type Chart'!$A$5:$A$19,0),MATCH($E35,'Type Chart'!$B$4:$P$4,0))*IF($F35="",1,INDEX('Type Chart'!$B$5:$P$19,MATCH(I$4,'Type Chart'!$A$5:$A$19,0),MATCH($F35,'Type Chart'!$B$4:$P$4,0))) -> 1 | J35: =INDEX('Type Chart'!$B$5:$P$19,MATCH(J$4,'Type Chart'!$A$5:$A$19,0),MATCH($E35,'Type Chart'!$B$4:$P$4,0))*IF($F35="",1,INDEX('Type Chart'!$B$5:$P$19,MATCH(J$4,'Type Chart'!$A$5:$A$19,0),MATCH($F35,'Type Chart'!$B$4:$P$4,0))) -> 1 | K35: =INDEX('Type Chart'!$B$5:$P$19,MATCH(K$4,'Type Chart'!$A$5:$A$19,0),MATCH($E35,'Type Chart'!$B$4:$P$4,0))*IF($F35="",1,INDEX('Type Chart'!$B$5:$P$19,MATCH(K$4,'Type Chart'!$A$5:$A$19,0),MATCH($F35,'Type Chart'!$B$4:$P$4,0))) -> 1 | L35: =INDEX('Type Chart'!$B$5:$P$19,MATCH(L$4,'Type Chart'!$A$5:$A$19,0),MATCH($E35,'Type Chart'!$B$4:$P$4,0))*IF($F35="",1,INDEX('Type Chart'!$B$5:$P$19,MATCH(L$4,'Type Chart'!$A$5:$A$19,0),MATCH($F35,'Type Chart'!$B$4:$P$4,0))) -> 1 | M35: =INDEX('Type Chart'!$B$5:$P$19,MATCH(M$4,'Type Chart'!$A$5:$A$19,0),MATCH($E35,'Type Chart'!$B$4:$P$4,0))*IF($F35="",1,INDEX('Type Chart'!$B$5:$P$19,MATCH(M$4,'Type Chart'!$A$5:$A$19,0),MATCH($F35,'Type Chart'!$B$4:$P$4,0))) -> 1 | N35: =INDEX('Type Chart'!$B$5:$P$19,MATCH(N$4,'Type Chart'!$A$5:$A$19,0),MATCH($E35,'Type Chart'!$B$4:$P$4,0))*IF($F35="",1,INDEX('Type Chart'!$B$5:$P$19,MATCH(N$4,'Type Chart'!$A$5:$A$19,0),MATCH($F35,'Type Chart'!$B$4:$P$4,0))) -> 1 | O35: =INDEX('Type Chart'!$B$5:$P$19,MATCH(O$4,'Type Chart'!$A$5:$A$19,0),MATCH($E35,'Type Chart'!$B$4:$P$4,0))*IF($F35="",1,INDEX('Type Chart'!$B$5:$P$19,MATCH(O$4,'Type Chart'!$A$5:$A$19,0),MATCH($F35,'Type Chart'!$B$4:$P$4,0))) -> 1 | ... V35: =INDEX('Type Chart'!$B$5:$P$19,MATCH(V$4,'Type Chart'!$A$5:$A$19,0),MATCH($E35,'Type Chart'!$B$4:$P$4,0))*IF($F35="",1,INDEX('Type Chart'!$B$5:$P$19,MATCH(V$4,'Type Chart'!$A$5:$A$19,0),MATCH($F35,'Type Chart'!$B$4:$P$4,0))) -> 1
A36: Bruno | B36: Elite Four | C36: Onix | D36: 56 | E36: Rock | F36: Ground | H36: =INDEX('Type Chart'!$B$5:$P$19,MATCH(H$4,'Type Chart'!$A$5:$A$19,0),MATCH($E36,'Type Chart'!$B$4:$P$4,0))*IF($F36="",1,INDEX('Type Chart'!$B$5:$P$19,MATCH(H$4,'Type Chart'!$A$5:$A$19,0),MATCH($F36,'Type Chart'!$B$4:$P$4,0))) -> 0.5 | I36: =INDEX('Type Chart'!$B$5:$P$19,MATCH(I$4,'Type Chart'!$A$5:$A$19,0),MATCH($E36,'Type Chart'!$B$4:$P$4,0))*IF($F36="",1,INDEX('Type Chart'!$B$5:$P$19,MATCH(I$4,'Type Chart'!$A$5:$A$19,0),MATCH($F36,'Type Chart'!$B$4:$P$4,0))) -> 0.5 | J36: =INDEX('Type Chart'!$B$5:$P$19,MATCH(J$4,'Type Chart'!$A$5:$A$19,0),MATCH($E36,'Type Chart'!$B$4:$P$4,0))*IF($F36="",1,INDEX('Type Chart'!$B$5:$P$19,MATCH(J$4,'Type Chart'!$A$5:$A$19,0),MATCH($F36,'Type Chart'!$B$4:$P$4,0))) -> 4 | K36: =INDEX('Type Chart'!$B$5:$P$19,MATCH(K$4,'Type Chart'!$A$5:$A$19,0),MATCH($E36,'Type Chart'!$B$4:$P$4,0))*IF($F36="",1,INDEX('Type Chart'!$B$5:$P$19,MATCH(K$4,'Type Chart'!$A$5:$A$19,0),MATCH($F36,'Type Chart'!$B$4:$P$4,0))) -> 0 | L36: =INDEX('Type Chart'!$B$5:$P$19,MATCH(L$4,'Type Chart'!$A$5:$A$19,0),MATCH($E36,'Type Chart'!$B$4:$P$4,0))*IF($F36="",1,INDEX('Type Chart'!$B$5:$P$19,MATCH(L$4,'Type Chart'!$A$5:$A$19,0),MATCH($F36,'Type Chart'!$B$4:$P$4,0))) -> 4 | M36: =INDEX('Type Chart'!$B$5:$P$19,MATCH(M$4,'Type Chart'!$A$5:$A$19,0),MATCH($E36,'Type Chart'!$B$4:$P$4,0))*IF($F36="",1,INDEX('Type Chart'!$B$5:$P$19,MATCH(M$4,'Type Chart'!$A$5:$A$19,0),MATCH($F36,'Type Chart'!$B$4:$P$4,0))) -> 2 | N36: =INDEX('Type Chart'!$B$5:$P$19,MATCH(N$4,'Type Chart'!$A$5:$A$19,0),MATCH($E36,'Type Chart'!$B$4:$P$4,0))*IF($F36="",1,INDEX('Type Chart'!$B$5:$P$19,MATCH(N$4,'Type Chart'!$A$5:$A$19,0),MATCH($F36,'Type Chart'!$B$4:$P$4,0))) -> 2 | O36: =INDEX('Type Chart'!$B$5:$P$19,MATCH(O$4,'Type Chart'!$A$5:$A$19,0),MATCH($E36,'Type Chart'!$B$4:$P$4,0))*IF($F36="",1,INDEX('Type Chart'!$B$5:$P$19,MATCH(O$4,'Type Chart'!$A$5:$A$19,0),MATCH($F36,'Type Chart'!$B$4:$P$4,0))) -> 0.25 | ... V36: =INDEX('Type Chart'!$B$5:$P$19,MATCH(V$4,'Type Chart'!$A$5:$A$19,0),MATCH($E36,'Type Chart'!$B$4:$P$4,0))*IF($F36="",1,INDEX('Type Chart'!$B$5:$P$19,MATCH(V$4,'Type Chart'!$A$5:$A$19,0),MATCH($F36,'Type Chart'!$B$4:$P$4,0))) -> 1
A37: Bruno | B37: Elite Four | C37: Machamp | D37: 58 | E37: Fighting | G37: ACE | H37: =INDEX('Type Chart'!$B$5:$P$19,MATCH(H$4,'Type Chart'!$A$5:$A$19,0),MATCH($E37,'Type Chart'!$B$4:$P$4,0))*IF($F37="",1,INDEX('Type Chart'!$B$5:$P$19,MATCH(H$4,'Type Chart'!$A$5:$A$19,0),MATCH($F37,'Type Chart'!$B$4:$P$4,0))) -> 1 | I37: =INDEX('Type Chart'!$B$5:$P$19,MATCH(I$4,'Type Chart'!$A$5:$A$19,0),MATCH($E37,'Type Chart'!$B$4:$P$4,0))*IF($F37="",1,INDEX('Type Chart'!$B$5:$P$19,MATCH(I$4,'Type Chart'!$A$5:$A$19,0),MATCH($F37,'Type Chart'!$B$4:$P$4,0))) -> 1 | J37: =INDEX('Type Chart'!$B$5:$P$19,MATCH(J$4,'Type Chart'!$A$5:$A$19,0),MATCH($E37,'Type Chart'!$B$4:$P$4,0))*IF($F37="",1,INDEX('Type Chart'!$B$5:$P$19,MATCH(J$4,'Type Chart'!$A$5:$A$19,0),MATCH($F37,'Type Chart'!$B$4:$P$4,0))) -> 1 | K37: =INDEX('Type Chart'!$B$5:$P$19,MATCH(K$4,'Type Chart'!$A$5:$A$19,0),MATCH($E37,'Type Chart'!$B$4:$P$4,0))*IF($F37="",1,INDEX('Type Chart'!$B$5:$P$19,MATCH(K$4,'Type Chart'!$A$5:$A$19,0),MATCH($F37,'Type Chart'!$B$4:$P$4,0))) -> 1 | L37: =INDEX('Type Chart'!$B$5:$P$19,MATCH(L$4,'Type Chart'!$A$5:$A$19,0),MATCH($E37,'Type Chart'!$B$4:$P$4,0))*IF($F37="",1,INDEX('Type Chart'!$B$5:$P$19,MATCH(L$4,'Type Chart'!$A$5:$A$19,0),MATCH($F37,'Type Chart'!$B$4:$P$4,0))) -> 1 | M37: =INDEX('Type Chart'!$B$5:$P$19,MATCH(M$4,'Type Chart'!$A$5:$A$19,0),MATCH($E37,'Type Chart'!$B$4:$P$4,0))*IF($F37="",1,INDEX('Type Chart'!$B$5:$P$19,MATCH(M$4,'Type Chart'!$A$5:$A$19,0),MATCH($F37,'Type Chart'!$B$4:$P$4,0))) -> 1 | N37: =INDEX('Type Chart'!$B$5:$P$19,MATCH(N$4,'Type Chart'!$A$5:$A$19,0),MATCH($E37,'Type Chart'!$B$4:$P$4,0))*IF($F37="",1,INDEX('Type Chart'!$B$5:$P$19,MATCH(N$4,'Type Chart'!$A$5:$A$19,0),MATCH($F37,'Type Chart'!$B$4:$P$4,0))) -> 1 | O37: =INDEX('Type Chart'!$B$5:$P$19,MATCH(O$4,'Type Chart'!$A$5:$A$19,0),MATCH($E37,'Type Chart'!$B$4:$P$4,0))*IF($F37="",1,INDEX('Type Chart'!$B$5:$P$19,MATCH(O$4,'Type Chart'!$A$5:$A$19,0),MATCH($F37,'Type Chart'!$B$4:$P$4,0))) -> 1 | ... V37: =INDEX('Type Chart'!$B$5:$P$19,MATCH(V$4,'Type Chart'!$A$5:$A$19,0),MATCH($E37,'Type Chart'!$B$4:$P$4,0))*IF($F37="",1,INDEX('Type Chart'!$B$5:$P$19,MATCH(V$4,'Type Chart'!$A$5:$A$19,0),MATCH($F37,'Type Chart'!$B$4:$P$4,0))) -> 1
A38: Agatha | B38: Elite Four | C38: Gengar | D38: 56 | E38: Ghost | F38: Poison | H38: =INDEX('Type Chart'!$B$5:$P$19,MATCH(H$4,'Type Chart'!$A$5:$A$19,0),MATCH($E38,'Type Chart'!$B$4:$P$4,0))*IF($F38="",1,INDEX('Type Chart'!$B$5:$P$19,MATCH(H$4,'Type Chart'!$A$5:$A$19,0),MATCH($F38,'Type Chart'!$B$4:$P$4,0))) -> 0 | I38: =INDEX('Type Chart'!$B$5:$P$19,MATCH(I$4,'Type Chart'!$A$5:$A$19,0),MATCH($E38,'Type Chart'!$B$4:$P$4,0))*IF($F38="",1,INDEX('Type Chart'!$B$5:$P$19,MATCH(I$4,'Type Chart'!$A$5:$A$19,0),MATCH($F38,'Type Chart'!$B$4:$P$4,0))) -> 1 | J38: =INDEX('Type Chart'!$B$5:$P$19,MATCH(J$4,'Type Chart'!$A$5:$A$19,0),MATCH($E38,'Type Chart'!$B$4:$P$4,0))*IF($F38="",1,INDEX('Type Chart'!$B$5:$P$19,MATCH(J$4,'Type Chart'!$A$5:$A$19,0),MATCH($F38,'Type Chart'!$B$4:$P$4,0))) -> 1 | K38: =INDEX('Type Chart'!$B$5:$P$19,MATCH(K$4,'Type Chart'!$A$5:$A$19,0),MATCH($E38,'Type Chart'!$B$4:$P$4,0))*IF($F38="",1,INDEX('Type Chart'!$B$5:$P$19,MATCH(K$4,'Type Chart'!$A$5:$A$19,0),MATCH($F38,'Type Chart'!$B$4:$P$4,0))) -> 1 | L38: =INDEX('Type Chart'!$B$5:$P$19,MATCH(L$4,'Type Chart'!$A$5:$A$19,0),MATCH($E38,'Type Chart'!$B$4:$P$4,0))*IF($F38="",1,INDEX('Type Chart'!$B$5:$P$19,MATCH(L$4,'Type Chart'!$A$5:$A$19,0),MATCH($F38,'Type Chart'!$B$4:$P$4,0))) -> 0.5 | M38: =INDEX('Type Chart'!$B$5:$P$19,MATCH(M$4,'Type Chart'!$A$5:$A$19,0),MATCH($E38,'Type Chart'!$B$4:$P$4,0))*IF($F38="",1,INDEX('Type Chart'!$B$5:$P$19,MATCH(M$4,'Type Chart'!$A$5:$A$19,0),MATCH($F38,'Type Chart'!$B$4:$P$4,0))) -> 1 | N38: =INDEX('Type Chart'!$B$5:$P$19,MATCH(N$4,'Type Chart'!$A$5:$A$19,0),MATCH($E38,'Type Chart'!$B$4:$P$4,0))*IF($F38="",1,INDEX('Type Chart'!$B$5:$P$19,MATCH(N$4,'Type Chart'!$A$5:$A$19,0),MATCH($F38,'Type Chart'!$B$4:$P$4,0))) -> 0 | O38: =INDEX('Type Chart'!$B$5:$P$19,MATCH(O$4,'Type Chart'!$A$5:$A$19,0),MATCH($E38,'Type Chart'!$B$4:$P$4,0))*IF($F38="",1,INDEX('Type Chart'!$B$5:$P$19,MATCH(O$4,'Type Chart'!$A$5:$A$19,0),MATCH($F38,'Type Chart'!$B$4:$P$4,0))) -> 0.25 | ... V38: =INDEX('Type Chart'!$B$5:$P$19,MATCH(V$4,'Type Chart'!$A$5:$A$19,0),MATCH($E38,'Type Chart'!$B$4:$P$4,0))*IF($F38="",1,INDEX('Type Chart'!$B$5:$P$19,MATCH(V$4,'Type Chart'!$A$5:$A$19,0),MATCH($F38,'Type Chart'!$B$4:$P$4,0))) -> 1
A39: Agatha | B39: Elite Four | C39: Golbat | D39: 56 | E39: Poison | F39: Flying | H39: =INDEX('Type Chart'!$B$5:$P$19,MATCH(H$4,'Type Chart'!$A$5:$A$19,0),MATCH($E39,'Type Chart'!$B$4:$P$4,0))*IF($F39="",1,INDEX('Type Chart'!$B$5:$P$19,MATCH(H$4,'Type Chart'!$A$5:$A$19,0),MATCH($F39,'Type Chart'!$B$4:$P$4,0))) -> 1 | I39: =INDEX('Type Chart'!$B$5:$P$19,MATCH(I$4,'Type Chart'!$A$5:$A$19,0),MATCH($E39,'Type Chart'!$B$4:$P$4,0))*IF($F39="",1,INDEX('Type Chart'!$B$5:$P$19,MATCH(I$4,'Type Chart'!$A$5:$A$19,0),MATCH($F39,'Type Chart'!$B$4:$P$4,0))) -> 1 | J39: =INDEX('Type Chart'!$B$5:$P$19,MATCH(J$4,'Type Chart'!$A$5:$A$19,0),MATCH($E39,'Type Chart'!$B$4:$P$4,0))*IF($F39="",1,INDEX('Type Chart'!$B$5:$P$19,MATCH(J$4,'Type Chart'!$A$5:$A$19,0),MATCH($F39,'Type Chart'!$B$4:$P$4,0))) -> 1 | K39: =INDEX('Type Chart'!$B$5:$P$19,MATCH(K$4,'Type Chart'!$A$5:$A$19,0),MATCH($E39,'Type Chart'!$B$4:$P$4,0))*IF($F39="",1,INDEX('Type Chart'!$B$5:$P$19,MATCH(K$4,'Type Chart'!$A$5:$A$19,0),MATCH($F39,'Type Chart'!$B$4:$P$4,0))) -> 2 | L39: =INDEX('Type Chart'!$B$5:$P$19,MATCH(L$4,'Type Chart'!$A$5:$A$19,0),MATCH($E39,'Type Chart'!$B$4:$P$4,0))*IF($F39="",1,INDEX('Type Chart'!$B$5:$P$19,MATCH(L$4,'Type Chart'!$A$5:$A$19,0),MATCH($F39,'Type Chart'!$B$4:$P$4,0))) -> 0.25 | M39: =INDEX('Type Chart'!$B$5:$P$19,MATCH(M$4,'Type Chart'!$A$5:$A$19,0),MATCH($E39,'Type Chart'!$B$4:$P$4,0))*IF($F39="",1,INDEX('Type Chart'!$B$5:$P$19,MATCH(M$4,'Type Chart'!$A$5:$A$19,0),MATCH($F39,'Type Chart'!$B$4:$P$4,0))) -> 2 | N39: =INDEX('Type Chart'!$B$5:$P$19,MATCH(N$4,'Type Chart'!$A$5:$A$19,0),MATCH($E39,'Type Chart'!$B$4:$P$4,0))*IF($F39="",1,INDEX('Type Chart'!$B$5:$P$19,MATCH(N$4,'Type Chart'!$A$5:$A$19,0),MATCH($F39,'Type Chart'!$B$4:$P$4,0))) -> 0.25 | O39: =INDEX('Type Chart'!$B$5:$P$19,MATCH(O$4,'Type Chart'!$A$5:$A$19,0),MATCH($E39,'Type Chart'!$B$4:$P$4,0))*IF($F39="",1,INDEX('Type Chart'!$B$5:$P$19,MATCH(O$4,'Type Chart'!$A$5:$A$19,0),MATCH($F39,'Type Chart'!$B$4:$P$4,0))) -> 0.5 | ... V39: =INDEX('Type Chart'!$B$5:$P$19,MATCH(V$4,'Type Chart'!$A$5:$A$19,0),MATCH($E39,'Type Chart'!$B$4:$P$4,0))*IF($F39="",1,INDEX('Type Chart'!$B$5:$P$19,MATCH(V$4,'Type Chart'!$A$5:$A$19,0),MATCH($F39,'Type Chart'!$B$4:$P$4,0))) -> 1
A40: Agatha | B40: Elite Four | C40: Haunter | D40: 55 | E40: Ghost | F40: Poison | H40: =INDEX('Type Chart'!$B$5:$P$19,MATCH(H$4,'Type Chart'!$A$5:$A$19,0),MATCH($E40,'Type Chart'!$B$4:$P$4,0))*IF($F40="",1,INDEX('Type Chart'!$B$5:$P$19,MATCH(H$4,'Type Chart'!$A$5:$A$19,0),MATCH($F40,'Type Chart'!$B$4:$P$4,0))) -> 0 | I40: =INDEX('Type Chart'!$B$5:$P$19,MATCH(I$4,'Type Chart'!$A$5:$A$19,0),MATCH($E40,'Type Chart'!$B$4:$P$4,0))*IF($F40="",1,INDEX('Type Chart'!$B$5:$P$19,MATCH(I$4,'Type Chart'!$A$5:$A$19,0),MATCH($F40,'Type Chart'!$B$4:$P$4,0))) -> 1 | J40: =INDEX('Type Chart'!$B$5:$P$19,MATCH(J$4,'Type Chart'!$A$5:$A$19,0),MATCH($E40,'Type Chart'!$B$4:$P$4,0))*IF($F40="",1,INDEX('Type Chart'!$B$5:$P$19,MATCH(J$4,'Type Chart'!$A$5:$A$19,0),MATCH($F40,'Type Chart'!$B$4:$P$4,0))) -> 1 | K40: =INDEX('Type Chart'!$B$5:$P$19,MATCH(K$4,'Type Chart'!$A$5:$A$19,0),MATCH($E40,'Type Chart'!$B$4:$P$4,0))*IF($F40="",1,INDEX('Type Chart'!$B$5:$P$19,MATCH(K$4,'Type Chart'!$A$5:$A$19,0),MATCH($F40,'Type Chart'!$B$4:$P$4,0))) -> 1 | L40: =INDEX('Type Chart'!$B$5:$P$19,MATCH(L$4,'Type Chart'!$A$5:$A$19,0),MATCH($E40,'Type Chart'!$B$4:$P$4,0))*IF($F40="",1,INDEX('Type Chart'!$B$5:$P$19,MATCH(L$4,'Type Chart'!$A$5:$A$19,0),MATCH($F40,'Type Chart'!$B$4:$P$4,0))) -> 0.5 | M40: =INDEX('Type Chart'!$B$5:$P$19,MATCH(M$4,'Type Chart'!$A$5:$A$19,0),MATCH($E40,'Type Chart'!$B$4:$P$4,0))*IF($F40="",1,INDEX('Type Chart'!$B$5:$P$19,MATCH(M$4,'Type Chart'!$A$5:$A$19,0),MATCH($F40,'Type Chart'!$B$4:$P$4,0))) -> 1 | N40: =INDEX('Type Chart'!$B$5:$P$19,MATCH(N$4,'Type Chart'!$A$5:$A$19,0),MATCH($E40,'Type Chart'!$B$4:$P$4,0))*IF($F40="",1,INDEX('Type Chart'!$B$5:$P$19,MATCH(N$4,'Type Chart'!$A$5:$A$19,0),MATCH($F40,'Type Chart'!$B$4:$P$4,0))) -> 0 | O40: =INDEX('Type Chart'!$B$5:$P$19,MATCH(O$4,'Type Chart'!$A$5:$A$19,0),MATCH($E40,'Type Chart'!$B$4:$P$4,0))*IF($F40="",1,INDEX('Type Chart'!$B$5:$P$19,MATCH(O$4,'Type Chart'!$A$5:$A$19,0),MATCH($F40,'Type Chart'!$B$4:$P$4,0))) -> 0.25 | ... V40: =INDEX('Type Chart'!$B$5:$P$19,MATCH(V$4,'Type Chart'!$A$5:$A$19,0),MATCH($E40,'Type Chart'!$B$4:$P$4,0))*IF($F40="",1,INDEX('Type Chart'!$B$5:$P$19,MATCH(V$4,'Type Chart'!$A$5:$A$19,0),MATCH($F40,'Type Chart'!$B$4:$P$4,0))) -> 1
A41: Agatha | B41: Elite Four | C41: Arbok | D41: 58 | E41: Poison | H41: =INDEX('Type Chart'!$B$5:$P$19,MATCH(H$4,'Type Chart'!$A$5:$A$19,0),MATCH($E41,'Type Chart'!$B$4:$P$4,0))*IF($F41="",1,INDEX('Type Chart'!$B$5:$P$19,MATCH(H$4,'Type Chart'!$A$5:$A$19,0),MATCH($F41,'Type Chart'!$B$4:$P$4,0))) -> 1 | I41: =INDEX('Type Chart'!$B$5:$P$19,MATCH(I$4,'Type Chart'!$A$5:$A$19,0),MATCH($E41,'Type Chart'!$B$4:$P$4,0))*IF($F41="",1,INDEX('Type Chart'!$B$5:$P$19,MATCH(I$4,'Type Chart'!$A$5:$A$19,0),MATCH($F41,'Type Chart'!$B$4:$P$4,0))) -> 1 | J41: =INDEX('Type Chart'!$B$5:$P$19,MATCH(J$4,'Type Chart'!$A$5:$A$19,0),MATCH($E41,'Type Chart'!$B$4:$P$4,0))*IF($F41="",1,INDEX('Type Chart'!$B$5:$P$19,MATCH(J$4,'Type Chart'!$A$5:$A$19,0),MATCH($F41,'Type Chart'!$B$4:$P$4,0))) -> 1 | K41: =INDEX('Type Chart'!$B$5:$P$19,MATCH(K$4,'Type Chart'!$A$5:$A$19,0),MATCH($E41,'Type Chart'!$B$4:$P$4,0))*IF($F41="",1,INDEX('Type Chart'!$B$5:$P$19,MATCH(K$4,'Type Chart'!$A$5:$A$19,0),MATCH($F41,'Type Chart'!$B$4:$P$4,0))) -> 1 | L41: =INDEX('Type Chart'!$B$5:$P$19,MATCH(L$4,'Type Chart'!$A$5:$A$19,0),MATCH($E41,'Type Chart'!$B$4:$P$4,0))*IF($F41="",1,INDEX('Type Chart'!$B$5:$P$19,MATCH(L$4,'Type Chart'!$A$5:$A$19,0),MATCH($F41,'Type Chart'!$B$4:$P$4,0))) -> 0.5 | M41: =INDEX('Type Chart'!$B$5:$P$19,MATCH(M$4,'Type Chart'!$A$5:$A$19,0),MATCH($E41,'Type Chart'!$B$4:$P$4,0))*IF($F41="",1,INDEX('Type Chart'!$B$5:$P$19,MATCH(M$4,'Type Chart'!$A$5:$A$19,0),MATCH($F41,'Type Chart'!$B$4:$P$4,0))) -> 1 | N41: =INDEX('Type Chart'!$B$5:$P$19,MATCH(N$4,'Type Chart'!$A$5:$A$19,0),MATCH($E41,'Type Chart'!$B$4:$P$4,0))*IF($F41="",1,INDEX('Type Chart'!$B$5:$P$19,MATCH(N$4,'Type Chart'!$A$5:$A$19,0),MATCH($F41,'Type Chart'!$B$4:$P$4,0))) -> 0.5 | O41: =INDEX('Type Chart'!$B$5:$P$19,MATCH(O$4,'Type Chart'!$A$5:$A$19,0),MATCH($E41,'Type Chart'!$B$4:$P$4,0))*IF($F41="",1,INDEX('Type Chart'!$B$5:$P$19,MATCH(O$4,'Type Chart'!$A$5:$A$19,0),MATCH($F41,'Type Chart'!$B$4:$P$4,0))) -> 0.5 | ... V41: =INDEX('Type Chart'!$B$5:$P$19,MATCH(V$4,'Type Chart'!$A$5:$A$19,0),MATCH($E41,'Type Chart'!$B$4:$P$4,0))*IF($F41="",1,INDEX('Type Chart'!$B$5:$P$19,MATCH(V$4,'Type Chart'!$A$5:$A$19,0),MATCH($F41,'Type Chart'!$B$4:$P$4,0))) -> 1
A42: Agatha | B42: Elite Four | C42: Gengar | D42: 60 | E42: Ghost | F42: Poison | G42: ACE | H42: =INDEX('Type Chart'!$B$5:$P$19,MATCH(H$4,'Type Chart'!$A$5:$A$19,0),MATCH($E42,'Type Chart'!$B$4:$P$4,0))*IF($F42="",1,INDEX('Type Chart'!$B$5:$P$19,MATCH(H$4,'Type Chart'!$A$5:$A$19,0),MATCH($F42,'Type Chart'!$B$4:$P$4,0))) -> 0 | I42: =INDEX('Type Chart'!$B$5:$P$19,MATCH(I$4,'Type Chart'!$A$5:$A$19,0),MATCH($E42,'Type Chart'!$B$4:$P$4,0))*IF($F42="",1,INDEX('Type Chart'!$B$5:$P$19,MATCH(I$4,'Type Chart'!$A$5:$A$19,0),MATCH($F42,'Type Chart'!$B$4:$P$4,0))) -> 1 | J42: =INDEX('Type Chart'!$B$5:$P$19,MATCH(J$4,'Type Chart'!$A$5:$A$19,0),MATCH($E42,'Type Chart'!$B$4:$P$4,0))*IF($F42="",1,INDEX('Type Chart'!$B$5:$P$19,MATCH(J$4,'Type Chart'!$A$5:$A$19,0),MATCH($F42,'Type Chart'!$B$4:$P$4,0))) -> 1 | K42: =INDEX('Type Chart'!$B$5:$P$19,MATCH(K$4,'Type Chart'!$A$5:$A$19,0),MATCH($E42,'Type Chart'!$B$4:$P$4,0))*IF($F42="",1,INDEX('Type Chart'!$B$5:$P$19,MATCH(K$4,'Type Chart'!$A$5:$A$19,0),MATCH($F42,'Type Chart'!$B$4:$P$4,0))) -> 1 | L42: =INDEX('Type Chart'!$B$5:$P$19,MATCH(L$4,'Type Chart'!$A$5:$A$19,0),MATCH($E42,'Type Chart'!$B$4:$P$4,0))*IF($F42="",1,INDEX('Type Chart'!$B$5:$P$19,MATCH(L$4,'Type Chart'!$A$5:$A$19,0),MATCH($F42,'Type Chart'!$B$4:$P$4,0))) -> 0.5 | M42: =INDEX('Type Chart'!$B$5:$P$19,MATCH(M$4,'Type Chart'!$A$5:$A$19,0),MATCH($E42,'Type Chart'!$B$4:$P$4,0))*IF($F42="",1,INDEX('Type Chart'!$B$5:$P$19,MATCH(M$4,'Type Chart'!$A$5:$A$19,0),MATCH($F42,'Type Chart'!$B$4:$P$4,0))) -> 1 | N42: =INDEX('Type Chart'!$B$5:$P$19,MATCH(N$4,'Type Chart'!$A$5:$A$19,0),MATCH($E42,'Type Chart'!$B$4:$P$4,0))*IF($F42="",1,INDEX('Type Chart'!$B$5:$P$19,MATCH(N$4,'Type Chart'!$A$5:$A$19,0),MATCH($F42,'Type Chart'!$B$4:$P$4,0))) -> 0 | O42: =INDEX('Type Chart'!$B$5:$P$19,MATCH(O$4,'Type Chart'!$A$5:$A$19,0),MATCH($E42,'Type Chart'!$B$4:$P$4,0))*IF($F42="",1,INDEX('Type Chart'!$B$5:$P$19,MATCH(O$4,'Type Chart'!$A$5:$A$19,0),MATCH($F42,'Type Chart'!$B$4:$P$4,0))) -> 0.25 | ... V42: =INDEX('Type Chart'!$B$5:$P$19,MATCH(V$4,'Type Chart'!$A$5:$A$19,0),MATCH($E42,'Type Chart'!$B$4:$P$4,0))*IF($F42="",1,INDEX('Type Chart'!$B$5:$P$19,MATCH(V$4,'Type Chart'!$A$5:$A$19,0),MATCH($F42,'Type Chart'!$B$4:$P$4,0))) -> 1
A43: Lance | B43: Elite Four | C43: Gyarados | D43: 58 | E43: Water | F43: Flying | H43: =INDEX('Type Chart'!$B$5:$P$19,MATCH(H$4,'Type Chart'!$A$5:$A$19,0),MATCH($E43,'Type Chart'!$B$4:$P$4,0))*IF($F43="",1,INDEX('Type Chart'!$B$5:$P$19,MATCH(H$4,'Type Chart'!$A$5:$A$19,0),MATCH($F43,'Type Chart'!$B$4:$P$4,0))) -> 1 | I43: =INDEX('Type Chart'!$B$5:$P$19,MATCH(I$4,'Type Chart'!$A$5:$A$19,0),MATCH($E43,'Type Chart'!$B$4:$P$4,0))*IF($F43="",1,INDEX('Type Chart'!$B$5:$P$19,MATCH(I$4,'Type Chart'!$A$5:$A$19,0),MATCH($F43,'Type Chart'!$B$4:$P$4,0))) -> 0.5 | J43: =INDEX('Type Chart'!$B$5:$P$19,MATCH(J$4,'Type Chart'!$A$5:$A$19,0),MATCH($E43,'Type Chart'!$B$4:$P$4,0))*IF($F43="",1,INDEX('Type Chart'!$B$5:$P$19,MATCH(J$4,'Type Chart'!$A$5:$A$19,0),MATCH($F43,'Type Chart'!$B$4:$P$4,0))) -> 0.5 | K43: =INDEX('Type Chart'!$B$5:$P$19,MATCH(K$4,'Type Chart'!$A$5:$A$19,0),MATCH($E43,'Type Chart'!$B$4:$P$4,0))*IF($F43="",1,INDEX('Type Chart'!$B$5:$P$19,MATCH(K$4,'Type Chart'!$A$5:$A$19,0),MATCH($F43,'Type Chart'!$B$4:$P$4,0))) -> 4 | L43: =INDEX('Type Chart'!$B$5:$P$19,MATCH(L$4,'Type Chart'!$A$5:$A$19,0),MATCH($E43,'Type Chart'!$B$4:$P$4,0))*IF($F43="",1,INDEX('Type Chart'!$B$5:$P$19,MATCH(L$4,'Type Chart'!$A$5:$A$19,0),MATCH($F43,'Type Chart'!$B$4:$P$4,0))) -> 1 | M43: =INDEX('Type Chart'!$B$5:$P$19,MATCH(M$4,'Type Chart'!$A$5:$A$19,0),MATCH($E43,'Type Chart'!$B$4:$P$4,0))*IF($F43="",1,INDEX('Type Chart'!$B$5:$P$19,MATCH(M$4,'Type Chart'!$A$5:$A$19,0),MATCH($F43,'Type Chart'!$B$4:$P$4,0))) -> 1 | N43: =INDEX('Type Chart'!$B$5:$P$19,MATCH(N$4,'Type Chart'!$A$5:$A$19,0),MATCH($E43,'Type Chart'!$B$4:$P$4,0))*IF($F43="",1,INDEX('Type Chart'!$B$5:$P$19,MATCH(N$4,'Type Chart'!$A$5:$A$19,0),MATCH($F43,'Type Chart'!$B$4:$P$4,0))) -> 0.5 | O43: =INDEX('Type Chart'!$B$5:$P$19,MATCH(O$4,'Type Chart'!$A$5:$A$19,0),MATCH($E43,'Type Chart'!$B$4:$P$4,0))*IF($F43="",1,INDEX('Type Chart'!$B$5:$P$19,MATCH(O$4,'Type Chart'!$A$5:$A$19,0),MATCH($F43,'Type Chart'!$B$4:$P$4,0))) -> 1 | ... V43: =INDEX('Type Chart'!$B$5:$P$19,MATCH(V$4,'Type Chart'!$A$5:$A$19,0),MATCH($E43,'Type Chart'!$B$4:$P$4,0))*IF($F43="",1,INDEX('Type Chart'!$B$5:$P$19,MATCH(V$4,'Type Chart'!$A$5:$A$19,0),MATCH($F43,'Type Chart'!$B$4:$P$4,0))) -> 1
A44: Lance | B44: Elite Four | C44: Dragonair | D44: 56 | E44: Dragon | H44: =INDEX('Type Chart'!$B$5:$P$19,MATCH(H$4,'Type Chart'!$A$5:$A$19,0),MATCH($E44,'Type Chart'!$B$4:$P$4,0))*IF($F44="",1,INDEX('Type Chart'!$B$5:$P$19,MATCH(H$4,'Type Chart'!$A$5:$A$19,0),MATCH($F44,'Type Chart'!$B$4:$P$4,0))) -> 1 | I44: =INDEX('Type Chart'!$B$5:$P$19,MATCH(I$4,'Type Chart'!$A$5:$A$19,0),MATCH($E44,'Type Chart'!$B$4:$P$4,0))*IF($F44="",1,INDEX('Type Chart'!$B$5:$P$19,MATCH(I$4,'Type Chart'!$A$5:$A$19,0),MATCH($F44,'Type Chart'!$B$4:$P$4,0))) -> 0.5 | J44: =INDEX('Type Chart'!$B$5:$P$19,MATCH(J$4,'Type Chart'!$A$5:$A$19,0),MATCH($E44,'Type Chart'!$B$4:$P$4,0))*IF($F44="",1,INDEX('Type Chart'!$B$5:$P$19,MATCH(J$4,'Type Chart'!$A$5:$A$19,0),MATCH($F44,'Type Chart'!$B$4:$P$4,0))) -> 0.5 | K44: =INDEX('Type Chart'!$B$5:$P$19,MATCH(K$4,'Type Chart'!$A$5:$A$19,0),MATCH($E44,'Type Chart'!$B$4:$P$4,0))*IF($F44="",1,INDEX('Type Chart'!$B$5:$P$19,MATCH(K$4,'Type Chart'!$A$5:$A$19,0),MATCH($F44,'Type Chart'!$B$4:$P$4,0))) -> 0.5 | L44: =INDEX('Type Chart'!$B$5:$P$19,MATCH(L$4,'Type Chart'!$A$5:$A$19,0),MATCH($E44,'Type Chart'!$B$4:$P$4,0))*IF($F44="",1,INDEX('Type Chart'!$B$5:$P$19,MATCH(L$4,'Type Chart'!$A$5:$A$19,0),MATCH($F44,'Type Chart'!$B$4:$P$4,0))) -> 0.5 | M44: =INDEX('Type Chart'!$B$5:$P$19,MATCH(M$4,'Type Chart'!$A$5:$A$19,0),MATCH($E44,'Type Chart'!$B$4:$P$4,0))*IF($F44="",1,INDEX('Type Chart'!$B$5:$P$19,MATCH(M$4,'Type Chart'!$A$5:$A$19,0),MATCH($F44,'Type Chart'!$B$4:$P$4,0))) -> 2 | N44: =INDEX('Type Chart'!$B$5:$P$19,MATCH(N$4,'Type Chart'!$A$5:$A$19,0),MATCH($E44,'Type Chart'!$B$4:$P$4,0))*IF($F44="",1,INDEX('Type Chart'!$B$5:$P$19,MATCH(N$4,'Type Chart'!$A$5:$A$19,0),MATCH($F44,'Type Chart'!$B$4:$P$4,0))) -> 1 | O44: =INDEX('Type Chart'!$B$5:$P$19,MATCH(O$4,'Type Chart'!$A$5:$A$19,0),MATCH($E44,'Type Chart'!$B$4:$P$4,0))*IF($F44="",1,INDEX('Type Chart'!$B$5:$P$19,MATCH(O$4,'Type Chart'!$A$5:$A$19,0),MATCH($F44,'Type Chart'!$B$4:$P$4,0))) -> 1 | ... V44: =INDEX('Type Chart'!$B$5:$P$19,MATCH(V$4,'Type Chart'!$A$5:$A$19,0),MATCH($E44,'Type Chart'!$B$4:$P$4,0))*IF($F44="",1,INDEX('Type Chart'!$B$5:$P$19,MATCH(V$4,'Type Chart'!$A$5:$A$19,0),MATCH($F44,'Type Chart'!$B$4:$P$4,0))) -> 2
A45: Lance | B45: Elite Four | C45: Dragonair | D45: 56 | E45: Dragon | H45: =INDEX('Type Chart'!$B$5:$P$19,MATCH(H$4,'Type Chart'!$A$5:$A$19,0),MATCH($E45,'Type Chart'!$B$4:$P$4,0))*IF($F45="",1,INDEX('Type Chart'!$B$5:$P$19,MATCH(H$4,'Type Chart'!$A$5:$A$19,0),MATCH($F45,'Type Chart'!$B$4:$P$4,0))) -> 1 | I45: =INDEX('Type Chart'!$B$5:$P$19,MATCH(I$4,'Type Chart'!$A$5:$A$19,0),MATCH($E45,'Type Chart'!$B$4:$P$4,0))*IF($F45="",1,INDEX('Type Chart'!$B$5:$P$19,MATCH(I$4,'Type Chart'!$A$5:$A$19,0),MATCH($F45,'Type Chart'!$B$4:$P$4,0))) -> 0.5 | J45: =INDEX('Type Chart'!$B$5:$P$19,MATCH(J$4,'Type Chart'!$A$5:$A$19,0),MATCH($E45,'Type Chart'!$B$4:$P$4,0))*IF($F45="",1,INDEX('Type Chart'!$B$5:$P$19,MATCH(J$4,'Type Chart'!$A$5:$A$19,0),MATCH($F45,'Type Chart'!$B$4:$P$4,0))) -> 0.5 | K45: =INDEX('Type Chart'!$B$5:$P$19,MATCH(K$4,'Type Chart'!$A$5:$A$19,0),MATCH($E45,'Type Chart'!$B$4:$P$4,0))*IF($F45="",1,INDEX('Type Chart'!$B$5:$P$19,MATCH(K$4,'Type Chart'!$A$5:$A$19,0),MATCH($F45,'Type Chart'!$B$4:$P$4,0))) -> 0.5 | L45: =INDEX('Type Chart'!$B$5:$P$19,MATCH(L$4,'Type Chart'!$A$5:$A$19,0),MATCH($E45,'Type Chart'!$B$4:$P$4,0))*IF($F45="",1,INDEX('Type Chart'!$B$5:$P$19,MATCH(L$4,'Type Chart'!$A$5:$A$19,0),MATCH($F45,'Type Chart'!$B$4:$P$4,0))) -> 0.5 | M45: =INDEX('Type Chart'!$B$5:$P$19,MATCH(M$4,'Type Chart'!$A$5:$A$19,0),MATCH($E45,'Type Chart'!$B$4:$P$4,0))*IF($F45="",1,INDEX('Type Chart'!$B$5:$P$19,MATCH(M$4,'Type Chart'!$A$5:$A$19,0),MATCH($F45,'Type Chart'!$B$4:$P$4,0))) -> 2 | N45: =INDEX('Type Chart'!$B$5:$P$19,MATCH(N$4,'Type Chart'!$A$5:$A$19,0),MATCH($E45,'Type Chart'!$B$4:$P$4,0))*IF($F45="",1,INDEX('Type Chart'!$B$5:$P$19,MATCH(N$4,'Type Chart'!$A$5:$A$19,0),MATCH($F45,'Type Chart'!$B$4:$P$4,0))) -> 1 | O45: =INDEX('Type Chart'!$B$5:$P$19,MATCH(O$4,'Type Chart'!$A$5:$A$19,0),MATCH($E45,'Type Chart'!$B$4:$P$4,0))*IF($F45="",1,INDEX('Type Chart'!$B$5:$P$19,MATCH(O$4,'Type Chart'!$A$5:$A$19,0),MATCH($F45,'Type Chart'!$B$4:$P$4,0))) -> 1 | ... V45: =INDEX('Type Chart'!$B$5:$P$19,MATCH(V$4,'Type Chart'!$A$5:$A$19,0),MATCH($E45,'Type Chart'!$B$4:$P$4,0))*IF($F45="",1,INDEX('Type Chart'!$B$5:$P$19,MATCH(V$4,'Type Chart'!$A$5:$A$19,0),MATCH($F45,'Type Chart'!$B$4:$P$4,0))) -> 2
A46: Lance | B46: Elite Four | C46: Aerodactyl | D46: 60 | E46: Rock | F46: Flying | H46: =INDEX('Type Chart'!$B$5:$P$19,MATCH(H$4,'Type Chart'!$A$5:$A$19,0),MATCH($E46,'Type Chart'!$B$4:$P$4,0))*IF($F46="",1,INDEX('Type Chart'!$B$5:$P$19,MATCH(H$4,'Type Chart'!$A$5:$A$19,0),MATCH($F46,'Type Chart'!$B$4:$P$4,0))) -> 0.5 | I46: =INDEX('Type Chart'!$B$5:$P$19,MATCH(I$4,'Type Chart'!$A$5:$A$19,0),MATCH($E46,'Type Chart'!$B$4:$P$4,0))*IF($F46="",1,INDEX('Type Chart'!$B$5:$P$19,MATCH(I$4,'Type Chart'!$A$5:$A$19,0),MATCH($F46,'Type Chart'!$B$4:$P$4,0))) -> 0.5 | J46: =INDEX('Type Chart'!$B$5:$P$19,MATCH(J$4,'Type Chart'!$A$5:$A$19,0),MATCH($E46,'Type Chart'!$B$4:$P$4,0))*IF($F46="",1,INDEX('Type Chart'!$B$5:$P$19,MATCH(J$4,'Type Chart'!$A$5:$A$19,0),MATCH($F46,'Type Chart'!$B$4:$P$4,0))) -> 2 | K46: =INDEX('Type Chart'!$B$5:$P$19,MATCH(K$4,'Type Chart'!$A$5:$A$19,0),MATCH($E46,'Type Chart'!$B$4:$P$4,0))*IF($F46="",1,INDEX('Type Chart'!$B$5:$P$19,MATCH(K$4,'Type Chart'!$A$5:$A$19,0),MATCH($F46,'Type Chart'!$B$4:$P$4,0))) -> 2 | L46: =INDEX('Type Chart'!$B$5:$P$19,MATCH(L$4,'Type Chart'!$A$5:$A$19,0),MATCH($E46,'Type Chart'!$B$4:$P$4,0))*IF($F46="",1,INDEX('Type Chart'!$B$5:$P$19,MATCH(L$4,'Type Chart'!$A$5:$A$19,0),MATCH($F46,'Type Chart'!$B$4:$P$4,0))) -> 1 | M46: =INDEX('Type Chart'!$B$5:$P$19,MATCH(M$4,'Type Chart'!$A$5:$A$19,0),MATCH($E46,'Type Chart'!$B$4:$P$4,0))*IF($F46="",1,INDEX('Type Chart'!$B$5:$P$19,MATCH(M$4,'Type Chart'!$A$5:$A$19,0),MATCH($F46,'Type Chart'!$B$4:$P$4,0))) -> 2 | N46: =INDEX('Type Chart'!$B$5:$P$19,MATCH(N$4,'Type Chart'!$A$5:$A$19,0),MATCH($E46,'Type Chart'!$B$4:$P$4,0))*IF($F46="",1,INDEX('Type Chart'!$B$5:$P$19,MATCH(N$4,'Type Chart'!$A$5:$A$19,0),MATCH($F46,'Type Chart'!$B$4:$P$4,0))) -> 1 | O46: =INDEX('Type Chart'!$B$5:$P$19,MATCH(O$4,'Type Chart'!$A$5:$A$19,0),MATCH($E46,'Type Chart'!$B$4:$P$4,0))*IF($F46="",1,INDEX('Type Chart'!$B$5:$P$19,MATCH(O$4,'Type Chart'!$A$5:$A$19,0),MATCH($F46,'Type Chart'!$B$4:$P$4,0))) -> 0.5 | ... V46: =INDEX('Type Chart'!$B$5:$P$19,MATCH(V$4,'Type Chart'!$A$5:$A$19,0),MATCH($E46,'Type Chart'!$B$4:$P$4,0))*IF($F46="",1,INDEX('Type Chart'!$B$5:$P$19,MATCH(V$4,'Type Chart'!$A$5:$A$19,0),MATCH($F46,'Type Chart'!$B$4:$P$4,0))) -> 1
A47: Lance | B47: Elite Four | C47: Dragonite | D47: 62 | E47: Dragon | F47: Flying | G47: ACE | H47: =INDEX('Type Chart'!$B$5:$P$19,MATCH(H$4,'Type Chart'!$A$5:$A$19,0),MATCH($E47,'Type Chart'!$B$4:$P$4,0))*IF($F47="",1,INDEX('Type Chart'!$B$5:$P$19,MATCH(H$4,'Type Chart'!$A$5:$A$19,0),MATCH($F47,'Type Chart'!$B$4:$P$4,0))) -> 1 | I47: =INDEX('Type Chart'!$B$5:$P$19,MATCH(I$4,'Type Chart'!$A$5:$A$19,0),MATCH($E47,'Type Chart'!$B$4:$P$4,0))*IF($F47="",1,INDEX('Type Chart'!$B$5:$P$19,MATCH(I$4,'Type Chart'!$A$5:$A$19,0),MATCH($F47,'Type Chart'!$B$4:$P$4,0))) -> 0.5 | J47: =INDEX('Type Chart'!$B$5:$P$19,MATCH(J$4,'Type Chart'!$A$5:$A$19,0),MATCH($E47,'Type Chart'!$B$4:$P$4,0))*IF($F47="",1,INDEX('Type Chart'!$B$5:$P$19,MATCH(J$4,'Type Chart'!$A$5:$A$19,0),MATCH($F47,'Type Chart'!$B$4:$P$4,0))) -> 0.5 | K47: =INDEX('Type Chart'!$B$5:$P$19,MATCH(K$4,'Type Chart'!$A$5:$A$19,0),MATCH($E47,'Type Chart'!$B$4:$P$4,0))*IF($F47="",1,INDEX('Type Chart'!$B$5:$P$19,MATCH(K$4,'Type Chart'!$A$5:$A$19,0),MATCH($F47,'Type Chart'!$B$4:$P$4,0))) -> 1 | L47: =INDEX('Type Chart'!$B$5:$P$19,MATCH(L$4,'Type Chart'!$A$5:$A$19,0),MATCH($E47,'Type Chart'!$B$4:$P$4,0))*IF($F47="",1,INDEX('Type Chart'!$B$5:$P$19,MATCH(L$4,'Type Chart'!$A$5:$A$19,0),MATCH($F47,'Type Chart'!$B$4:$P$4,0))) -> 0.25 | M47: =INDEX('Type Chart'!$B$5:$P$19,MATCH(M$4,'Type Chart'!$A$5:$A$19,0),MATCH($E47,'Type Chart'!$B$4:$P$4,0))*IF($F47="",1,INDEX('Type Chart'!$B$5:$P$19,MATCH(M$4,'Type Chart'!$A$5:$A$19,0),MATCH($F47,'Type Chart'!$B$4:$P$4,0))) -> 4 | N47: =INDEX('Type Chart'!$B$5:$P$19,MATCH(N$4,'Type Chart'!$A$5:$A$19,0),MATCH($E47,'Type Chart'!$B$4:$P$4,0))*IF($F47="",1,INDEX('Type Chart'!$B$5:$P$19,MATCH(N$4,'Type Chart'!$A$5:$A$19,0),MATCH($F47,'Type Chart'!$B$4:$P$4,0))) -> 0.5 | O47: =INDEX('Type Chart'!$B$5:$P$19,MATCH(O$4,'Type Chart'!$A$5:$A$19,0),MATCH($E47,'Type Chart'!$B$4:$P$4,0))*IF($F47="",1,INDEX('Type Chart'!$B$5:$P$19,MATCH(O$4,'Type Chart'!$A$5:$A$19,0),MATCH($F47,'Type Chart'!$B$4:$P$4,0))) -> 1 | ... V47: =INDEX('Type Chart'!$B$5:$P$19,MATCH(V$4,'Type Chart'!$A$5:$A$19,0),MATCH($E47,'Type Chart'!$B$4:$P$4,0))*IF($F47="",1,INDEX('Type Chart'!$B$5:$P$19,MATCH(V$4,'Type Chart'!$A$5:$A$19,0),MATCH($F47,'Type Chart'!$B$4:$P$4,0))) -> 2
A48: Blue (Champion) | B48: Champion | C48: Sandslash | D48: 61 | E48: Ground | H48: =INDEX('Type Chart'!$B$5:$P$19,MATCH(H$4,'Type Chart'!$A$5:$A$19,0),MATCH($E48,'Type Chart'!$B$4:$P$4,0))*IF($F48="",1,INDEX('Type Chart'!$B$5:$P$19,MATCH(H$4,'Type Chart'!$A$5:$A$19,0),MATCH($F48,'Type Chart'!$B$4:$P$4,0))) -> 1 | I48: =INDEX('Type Chart'!$B$5:$P$19,MATCH(I$4,'Type Chart'!$A$5:$A$19,0),MATCH($E48,'Type Chart'!$B$4:$P$4,0))*IF($F48="",1,INDEX('Type Chart'!$B$5:$P$19,MATCH(I$4,'Type Chart'!$A$5:$A$19,0),MATCH($F48,'Type Chart'!$B$4:$P$4,0))) -> 1 | J48: =INDEX('Type Chart'!$B$5:$P$19,MATCH(J$4,'Type Chart'!$A$5:$A$19,0),MATCH($E48,'Type Chart'!$B$4:$P$4,0))*IF($F48="",1,INDEX('Type Chart'!$B$5:$P$19,MATCH(J$4,'Type Chart'!$A$5:$A$19,0),MATCH($F48,'Type Chart'!$B$4:$P$4,0))) -> 2 | K48: =INDEX('Type Chart'!$B$5:$P$19,MATCH(K$4,'Type Chart'!$A$5:$A$19,0),MATCH($E48,'Type Chart'!$B$4:$P$4,0))*IF($F48="",1,INDEX('Type Chart'!$B$5:$P$19,MATCH(K$4,'Type Chart'!$A$5:$A$19,0),MATCH($F48,'Type Chart'!$B$4:$P$4,0))) -> 0 | L48: =INDEX('Type Chart'!$B$5:$P$19,MATCH(L$4,'Type Chart'!$A$5:$A$19,0),MATCH($E48,'Type Chart'!$B$4:$P$4,0))*IF($F48="",1,INDEX('Type Chart'!$B$5:$P$19,MATCH(L$4,'Type Chart'!$A$5:$A$19,0),MATCH($F48,'Type Chart'!$B$4:$P$4,0))) -> 2 | M48: =INDEX('Type Chart'!$B$5:$P$19,MATCH(M$4,'Type Chart'!$A$5:$A$19,0),MATCH($E48,'Type Chart'!$B$4:$P$4,0))*IF($F48="",1,INDEX('Type Chart'!$B$5:$P$19,MATCH(M$4,'Type Chart'!$A$5:$A$19,0),MATCH($F48,'Type Chart'!$B$4:$P$4,0))) -> 2 | N48: =INDEX('Type Chart'!$B$5:$P$19,MATCH(N$4,'Type Chart'!$A$5:$A$19,0),MATCH($E48,'Type Chart'!$B$4:$P$4,0))*IF($F48="",1,INDEX('Type Chart'!$B$5:$P$19,MATCH(N$4,'Type Chart'!$A$5:$A$19,0),MATCH($F48,'Type Chart'!$B$4:$P$4,0))) -> 1 | O48: =INDEX('Type Chart'!$B$5:$P$19,MATCH(O$4,'Type Chart'!$A$5:$A$19,0),MATCH($E48,'Type Chart'!$B$4:$P$4,0))*IF($F48="",1,INDEX('Type Chart'!$B$5:$P$19,MATCH(O$4,'Type Chart'!$A$5:$A$19,0),MATCH($F48,'Type Chart'!$B$4:$P$4,0))) -> 0.5 | ... V48: =INDEX('Type Chart'!$B$5:$P$19,MATCH(V$4,'Type Chart'!$A$5:$A$19,0),MATCH($E48,'Type Chart'!$B$4:$P$4,0))*IF($F48="",1,INDEX('Type Chart'!$B$5:$P$19,MATCH(V$4,'Type Chart'!$A$5:$A$19,0),MATCH($F48,'Type Chart'!$B$4:$P$4,0))) -> 1
A49: Blue (Champion) | B49: Champion | C49: Alakazam | D49: 59 | E49: Psychic | H49: =INDEX('Type Chart'!$B$5:$P$19,MATCH(H$4,'Type Chart'!$A$5:$A$19,0),MATCH($E49,'Type Chart'!$B$4:$P$4,0))*IF($F49="",1,INDEX('Type Chart'!$B$5:$P$19,MATCH(H$4,'Type Chart'!$A$5:$A$19,0),MATCH($F49,'Type Chart'!$B$4:$P$4,0))) -> 1 | I49: =INDEX('Type Chart'!$B$5:$P$19,MATCH(I$4,'Type Chart'!$A$5:$A$19,0),MATCH($E49,'Type Chart'!$B$4:$P$4,0))*IF($F49="",1,INDEX('Type Chart'!$B$5:$P$19,MATCH(I$4,'Type Chart'!$A$5:$A$19,0),MATCH($F49,'Type Chart'!$B$4:$P$4,0))) -> 1 | J49: =INDEX('Type Chart'!$B$5:$P$19,MATCH(J$4,'Type Chart'!$A$5:$A$19,0),MATCH($E49,'Type Chart'!$B$4:$P$4,0))*IF($F49="",1,INDEX('Type Chart'!$B$5:$P$19,MATCH(J$4,'Type Chart'!$A$5:$A$19,0),MATCH($F49,'Type Chart'!$B$4:$P$4,0))) -> 1 | K49: =INDEX('Type Chart'!$B$5:$P$19,MATCH(K$4,'Type Chart'!$A$5:$A$19,0),MATCH($E49,'Type Chart'!$B$4:$P$4,0))*IF($F49="",1,INDEX('Type Chart'!$B$5:$P$19,MATCH(K$4,'Type Chart'!$A$5:$A$19,0),MATCH($F49,'Type Chart'!$B$4:$P$4,0))) -> 1 | L49: =INDEX('Type Chart'!$B$5:$P$19,MATCH(L$4,'Type Chart'!$A$5:$A$19,0),MATCH($E49,'Type Chart'!$B$4:$P$4,0))*IF($F49="",1,INDEX('Type Chart'!$B$5:$P$19,MATCH(L$4,'Type Chart'!$A$5:$A$19,0),MATCH($F49,'Type Chart'!$B$4:$P$4,0))) -> 1 | M49: =INDEX('Type Chart'!$B$5:$P$19,MATCH(M$4,'Type Chart'!$A$5:$A$19,0),MATCH($E49,'Type Chart'!$B$4:$P$4,0))*IF($F49="",1,INDEX('Type Chart'!$B$5:$P$19,MATCH(M$4,'Type Chart'!$A$5:$A$19,0),MATCH($F49,'Type Chart'!$B$4:$P$4,0))) -> 1 | N49: =INDEX('Type Chart'!$B$5:$P$19,MATCH(N$4,'Type Chart'!$A$5:$A$19,0),MATCH($E49,'Type Chart'!$B$4:$P$4,0))*IF($F49="",1,INDEX('Type Chart'!$B$5:$P$19,MATCH(N$4,'Type Chart'!$A$5:$A$19,0),MATCH($F49,'Type Chart'!$B$4:$P$4,0))) -> 0.5 | O49: =INDEX('Type Chart'!$B$5:$P$19,MATCH(O$4,'Type Chart'!$A$5:$A$19,0),MATCH($E49,'Type Chart'!$B$4:$P$4,0))*IF($F49="",1,INDEX('Type Chart'!$B$5:$P$19,MATCH(O$4,'Type Chart'!$A$5:$A$19,0),MATCH($F49,'Type Chart'!$B$4:$P$4,0))) -> 1 | ... V49: =INDEX('Type Chart'!$B$5:$P$19,MATCH(V$4,'Type Chart'!$A$5:$A$19,0),MATCH($E49,'Type Chart'!$B$4:$P$4,0))*IF($F49="",1,INDEX('Type Chart'!$B$5:$P$19,MATCH(V$4,'Type Chart'!$A$5:$A$19,0),MATCH($F49,'Type Chart'!$B$4:$P$4,0))) -> 1
A50: Blue (Champion) | B50: Champion | C50: Exeggutor | D50: 61 | E50: Grass | F50: Psychic | H50: =INDEX('Type Chart'!$B$5:$P$19,MATCH(H$4,'Type Chart'!$A$5:$A$19,0),MATCH($E50,'Type Chart'!$B$4:$P$4,0))*IF($F50="",1,INDEX('Type Chart'!$B$5:$P$19,MATCH(H$4,'Type Chart'!$A$5:$A$19,0),MATCH($F50,'Type Chart'!$B$4:$P$4,0))) -> 1 | I50: =INDEX('Type Chart'!$B$5:$P$19,MATCH(I$4,'Type Chart'!$A$5:$A$19,0),MATCH($E50,'Type Chart'!$B$4:$P$4,0))*IF($F50="",1,INDEX('Type Chart'!$B$5:$P$19,MATCH(I$4,'Type Chart'!$A$5:$A$19,0),MATCH($F50,'Type Chart'!$B$4:$P$4,0))) -> 2 | J50: =INDEX('Type Chart'!$B$5:$P$19,MATCH(J$4,'Type Chart'!$A$5:$A$19,0),MATCH($E50,'Type Chart'!$B$4:$P$4,0))*IF($F50="",1,INDEX('Type Chart'!$B$5:$P$19,MATCH(J$4,'Type Chart'!$A$5:$A$19,0),MATCH($F50,'Type Chart'!$B$4:$P$4,0))) -> 0.5 | K50: =INDEX('Type Chart'!$B$5:$P$19,MATCH(K$4,'Type Chart'!$A$5:$A$19,0),MATCH($E50,'Type Chart'!$B$4:$P$4,0))*IF($F50="",1,INDEX('Type Chart'!$B$5:$P$19,MATCH(K$4,'Type Chart'!$A$5:$A$19,0),MATCH($F50,'Type Chart'!$B$4:$P$4,0))) -> 0.5 | L50: =INDEX('Type Chart'!$B$5:$P$19,MATCH(L$4,'Type Chart'!$A$5:$A$19,0),MATCH($E50,'Type Chart'!$B$4:$P$4,0))*IF($F50="",1,INDEX('Type Chart'!$B$5:$P$19,MATCH(L$4,'Type Chart'!$A$5:$A$19,0),MATCH($F50,'Type Chart'!$B$4:$P$4,0))) -> 0.5 | M50: =INDEX('Type Chart'!$B$5:$P$19,MATCH(M$4,'Type Chart'!$A$5:$A$19,0),MATCH($E50,'Type Chart'!$B$4:$P$4,0))*IF($F50="",1,INDEX('Type Chart'!$B$5:$P$19,MATCH(M$4,'Type Chart'!$A$5:$A$19,0),MATCH($F50,'Type Chart'!$B$4:$P$4,0))) -> 2 | N50: =INDEX('Type Chart'!$B$5:$P$19,MATCH(N$4,'Type Chart'!$A$5:$A$19,0),MATCH($E50,'Type Chart'!$B$4:$P$4,0))*IF($F50="",1,INDEX('Type Chart'!$B$5:$P$19,MATCH(N$4,'Type Chart'!$A$5:$A$19,0),MATCH($F50,'Type Chart'!$B$4:$P$4,0))) -> 0.5 | O50: =INDEX('Type Chart'!$B$5:$P$19,MATCH(O$4,'Type Chart'!$A$5:$A$19,0),MATCH($E50,'Type Chart'!$B$4:$P$4,0))*IF($F50="",1,INDEX('Type Chart'!$B$5:$P$19,MATCH(O$4,'Type Chart'!$A$5:$A$19,0),MATCH($F50,'Type Chart'!$B$4:$P$4,0))) -> 2 | ... V50: =INDEX('Type Chart'!$B$5:$P$19,MATCH(V$4,'Type Chart'!$A$5:$A$19,0),MATCH($E50,'Type Chart'!$B$4:$P$4,0))*IF($F50="",1,INDEX('Type Chart'!$B$5:$P$19,MATCH(V$4,'Type Chart'!$A$5:$A$19,0),MATCH($F50,'Type Chart'!$B$4:$P$4,0))) -> 1
A51: Blue (Champion) | B51: Champion | C51: Ninetales | D51: 61 | E51: Fire | H51: =INDEX('Type Chart'!$B$5:$P$19,MATCH(H$4,'Type Chart'!$A$5:$A$19,0),MATCH($E51,'Type Chart'!$B$4:$P$4,0))*IF($F51="",1,INDEX('Type Chart'!$B$5:$P$19,MATCH(H$4,'Type Chart'!$A$5:$A$19,0),MATCH($F51,'Type Chart'!$B$4:$P$4,0))) -> 1 | I51: =INDEX('Type Chart'!$B$5:$P$19,MATCH(I$4,'Type Chart'!$A$5:$A$19,0),MATCH($E51,'Type Chart'!$B$4:$P$4,0))*IF($F51="",1,INDEX('Type Chart'!$B$5:$P$19,MATCH(I$4,'Type Chart'!$A$5:$A$19,0),MATCH($F51,'Type Chart'!$B$4:$P$4,0))) -> 0.5 | J51: =INDEX('Type Chart'!$B$5:$P$19,MATCH(J$4,'Type Chart'!$A$5:$A$19,0),MATCH($E51,'Type Chart'!$B$4:$P$4,0))*IF($F51="",1,INDEX('Type Chart'!$B$5:$P$19,MATCH(J$4,'Type Chart'!$A$5:$A$19,0),MATCH($F51,'Type Chart'!$B$4:$P$4,0))) -> 2 | K51: =INDEX('Type Chart'!$B$5:$P$19,MATCH(K$4,'Type Chart'!$A$5:$A$19,0),MATCH($E51,'Type Chart'!$B$4:$P$4,0))*IF($F51="",1,INDEX('Type Chart'!$B$5:$P$19,MATCH(K$4,'Type Chart'!$A$5:$A$19,0),MATCH($F51,'Type Chart'!$B$4:$P$4,0))) -> 1 | L51: =INDEX('Type Chart'!$B$5:$P$19,MATCH(L$4,'Type Chart'!$A$5:$A$19,0),MATCH($E51,'Type Chart'!$B$4:$P$4,0))*IF($F51="",1,INDEX('Type Chart'!$B$5:$P$19,MATCH(L$4,'Type Chart'!$A$5:$A$19,0),MATCH($F51,'Type Chart'!$B$4:$P$4,0))) -> 0.5 | M51: =INDEX('Type Chart'!$B$5:$P$19,MATCH(M$4,'Type Chart'!$A$5:$A$19,0),MATCH($E51,'Type Chart'!$B$4:$P$4,0))*IF($F51="",1,INDEX('Type Chart'!$B$5:$P$19,MATCH(M$4,'Type Chart'!$A$5:$A$19,0),MATCH($F51,'Type Chart'!$B$4:$P$4,0))) -> 1 | N51: =INDEX('Type Chart'!$B$5:$P$19,MATCH(N$4,'Type Chart'!$A$5:$A$19,0),MATCH($E51,'Type Chart'!$B$4:$P$4,0))*IF($F51="",1,INDEX('Type Chart'!$B$5:$P$19,MATCH(N$4,'Type Chart'!$A$5:$A$19,0),MATCH($F51,'Type Chart'!$B$4:$P$4,0))) -> 1 | O51: =INDEX('Type Chart'!$B$5:$P$19,MATCH(O$4,'Type Chart'!$A$5:$A$19,0),MATCH($E51,'Type Chart'!$B$4:$P$4,0))*IF($F51="",1,INDEX('Type Chart'!$B$5:$P$19,MATCH(O$4,'Type Chart'!$A$5:$A$19,0),MATCH($F51,'Type Chart'!$B$4:$P$4,0))) -> 1 | ... V51: =INDEX('Type Chart'!$B$5:$P$19,MATCH(V$4,'Type Chart'!$A$5:$A$19,0),MATCH($E51,'Type Chart'!$B$4:$P$4,0))*IF($F51="",1,INDEX('Type Chart'!$B$5:$P$19,MATCH(V$4,'Type Chart'!$A$5:$A$19,0),MATCH($F51,'Type Chart'!$B$4:$P$4,0))) -> 1
A52: Blue (Champion) | B52: Champion | C52: Magneton | D52: 63 | E52: Electric | H52: =INDEX('Type Chart'!$B$5:$P$19,MATCH(H$4,'Type Chart'!$A$5:$A$19,0),MATCH($E52,'Type Chart'!$B$4:$P$4,0))*IF($F52="",1,INDEX('Type Chart'!$B$5:$P$19,MATCH(H$4,'Type Chart'!$A$5:$A$19,0),MATCH($F52,'Type Chart'!$B$4:$P$4,0))) -> 1 | I52: =INDEX('Type Chart'!$B$5:$P$19,MATCH(I$4,'Type Chart'!$A$5:$A$19,0),MATCH($E52,'Type Chart'!$B$4:$P$4,0))*IF($F52="",1,INDEX('Type Chart'!$B$5:$P$19,MATCH(I$4,'Type Chart'!$A$5:$A$19,0),MATCH($F52,'Type Chart'!$B$4:$P$4,0))) -> 1 | J52: =INDEX('Type Chart'!$B$5:$P$19,MATCH(J$4,'Type Chart'!$A$5:$A$19,0),MATCH($E52,'Type Chart'!$B$4:$P$4,0))*IF($F52="",1,INDEX('Type Chart'!$B$5:$P$19,MATCH(J$4,'Type Chart'!$A$5:$A$19,0),MATCH($F52,'Type Chart'!$B$4:$P$4,0))) -> 1 | K52: =INDEX('Type Chart'!$B$5:$P$19,MATCH(K$4,'Type Chart'!$A$5:$A$19,0),MATCH($E52,'Type Chart'!$B$4:$P$4,0))*IF($F52="",1,INDEX('Type Chart'!$B$5:$P$19,MATCH(K$4,'Type Chart'!$A$5:$A$19,0),MATCH($F52,'Type Chart'!$B$4:$P$4,0))) -> 0.5 | L52: =INDEX('Type Chart'!$B$5:$P$19,MATCH(L$4,'Type Chart'!$A$5:$A$19,0),MATCH($E52,'Type Chart'!$B$4:$P$4,0))*IF($F52="",1,INDEX('Type Chart'!$B$5:$P$19,MATCH(L$4,'Type Chart'!$A$5:$A$19,0),MATCH($F52,'Type Chart'!$B$4:$P$4,0))) -> 1 | M52: =INDEX('Type Chart'!$B$5:$P$19,MATCH(M$4,'Type Chart'!$A$5:$A$19,0),MATCH($E52,'Type Chart'!$B$4:$P$4,0))*IF($F52="",1,INDEX('Type Chart'!$B$5:$P$19,MATCH(M$4,'Type Chart'!$A$5:$A$19,0),MATCH($F52,'Type Chart'!$B$4:$P$4,0))) -> 1 | N52: =INDEX('Type Chart'!$B$5:$P$19,MATCH(N$4,'Type Chart'!$A$5:$A$19,0),MATCH($E52,'Type Chart'!$B$4:$P$4,0))*IF($F52="",1,INDEX('Type Chart'!$B$5:$P$19,MATCH(N$4,'Type Chart'!$A$5:$A$19,0),MATCH($F52,'Type Chart'!$B$4:$P$4,0))) -> 1 | O52: =INDEX('Type Chart'!$B$5:$P$19,MATCH(O$4,'Type Chart'!$A$5:$A$19,0),MATCH($E52,'Type Chart'!$B$4:$P$4,0))*IF($F52="",1,INDEX('Type Chart'!$B$5:$P$19,MATCH(O$4,'Type Chart'!$A$5:$A$19,0),MATCH($F52,'Type Chart'!$B$4:$P$4,0))) -> 1 | ... V52: =INDEX('Type Chart'!$B$5:$P$19,MATCH(V$4,'Type Chart'!$A$5:$A$19,0),MATCH($E52,'Type Chart'!$B$4:$P$4,0))*IF($F52="",1,INDEX('Type Chart'!$B$5:$P$19,MATCH(V$4,'Type Chart'!$A$5:$A$19,0),MATCH($F52,'Type Chart'!$B$4:$P$4,0))) -> 1
A53: Blue (Champion) | B53: Champion | C53: Vaporeon | D53: 65 | E53: Water | G53: ACE | H53: =INDEX('Type Chart'!$B$5:$P$19,MATCH(H$4,'Type Chart'!$A$5:$A$19,0),MATCH($E53,'Type Chart'!$B$4:$P$4,0))*IF($F53="",1,INDEX('Type Chart'!$B$5:$P$19,MATCH(H$4,'Type Chart'!$A$5:$A$19,0),MATCH($F53,'Type Chart'!$B$4:$P$4,0))) -> 1 | I53: =INDEX('Type Chart'!$B$5:$P$19,MATCH(I$4,'Type Chart'!$A$5:$A$19,0),MATCH($E53,'Type Chart'!$B$4:$P$4,0))*IF($F53="",1,INDEX('Type Chart'!$B$5:$P$19,MATCH(I$4,'Type Chart'!$A$5:$A$19,0),MATCH($F53,'Type Chart'!$B$4:$P$4,0))) -> 0.5 | J53: =INDEX('Type Chart'!$B$5:$P$19,MATCH(J$4,'Type Chart'!$A$5:$A$19,0),MATCH($E53,'Type Chart'!$B$4:$P$4,0))*IF($F53="",1,INDEX('Type Chart'!$B$5:$P$19,MATCH(J$4,'Type Chart'!$A$5:$A$19,0),MATCH($F53,'Type Chart'!$B$4:$P$4,0))) -> 0.5 | K53: =INDEX('Type Chart'!$B$5:$P$19,MATCH(K$4,'Type Chart'!$A$5:$A$19,0),MATCH($E53,'Type Chart'!$B$4:$P$4,0))*IF($F53="",1,INDEX('Type Chart'!$B$5:$P$19,MATCH(K$4,'Type Chart'!$A$5:$A$19,0),MATCH($F53,'Type Chart'!$B$4:$P$4,0))) -> 2 | L53: =INDEX('Type Chart'!$B$5:$P$19,MATCH(L$4,'Type Chart'!$A$5:$A$19,0),MATCH($E53,'Type Chart'!$B$4:$P$4,0))*IF($F53="",1,INDEX('Type Chart'!$B$5:$P$19,MATCH(L$4,'Type Chart'!$A$5:$A$19,0),MATCH($F53,'Type Chart'!$B$4:$P$4,0))) -> 2 | M53: =INDEX('Type Chart'!$B$5:$P$19,MATCH(M$4,'Type Chart'!$A$5:$A$19,0),MATCH($E53,'Type Chart'!$B$4:$P$4,0))*IF($F53="",1,INDEX('Type Chart'!$B$5:$P$19,MATCH(M$4,'Type Chart'!$A$5:$A$19,0),MATCH($F53,'Type Chart'!$B$4:$P$4,0))) -> 0.5 | N53: =INDEX('Type Chart'!$B$5:$P$19,MATCH(N$4,'Type Chart'!$A$5:$A$19,0),MATCH($E53,'Type Chart'!$B$4:$P$4,0))*IF($F53="",1,INDEX('Type Chart'!$B$5:$P$19,MATCH(N$4,'Type Chart'!$A$5:$A$19,0),MATCH($F53,'Type Chart'!$B$4:$P$4,0))) -> 1 | O53: =INDEX('Type Chart'!$B$5:$P$19,MATCH(O$4,'Type Chart'!$A$5:$A$19,0),MATCH($E53,'Type Chart'!$B$4:$P$4,0))*IF($F53="",1,INDEX('Type Chart'!$B$5:$P$19,MATCH(O$4,'Type Chart'!$A$5:$A$19,0),MATCH($F53,'Type Chart'!$B$4:$P$4,0))) -> 1 | ... V53: =INDEX('Type Chart'!$B$5:$P$19,MATCH(V$4,'Type Chart'!$A$5:$A$19,0),MATCH($E53,'Type Chart'!$B$4:$P$4,0))*IF($F53="",1,INDEX('Type Chart'!$B$5:$P$19,MATCH(V$4,'Type Chart'!$A$5:$A$19,0),MATCH($F53,'Type Chart'!$B$4:$P$4,0))) -> 1
A55: Source: dittobase.com/yellow/gym-leaders-elite-four. Champion = Vaporeon branch of Blue's 3 Eevee variants.

Sheet Move Reality
A1: Move Reality Check — Can You Actually Use That Type?
A2: Coverage on the chart means nothing without a move. Viability is hand-scored 0-10 (see notes); it is the only judgment call in this workbook.
A4: Type | B4: Best Move in Yellow | C4: Power | D4: Category | E4: How to get it | F4: Viability (0-10) | G4: Notes
A5: Normal | B5: Body Slam | C5: 85 | D5: Physical | E5: TM08 (buyable, Celadon) | F5: 10 | G5: Plus Hyper Beam (150, TM15) and Double-Edge (100, TM10). 30% paralysis. Nearly universal learner.
A6: Ice | B6: Blizzard | C6: 120 | D6: Special | E6: TM14 (Celadon Dept, 5500) | F6: 10 | G6: THE best move in Gen 1. 90% accuracy here, 30% freeze, and freeze is PERMANENT with no thaw timer. Ice Beam (TM13) is the safer 95 BP option.
A7: Psychic | B7: Psychic | C7: 90 | D7: Special | E7: TM29 (Saffron Fighting Dojo area / Game Corner) | F7: 10 | G7: Also drops Special. Psychic is unresisted except by itself; its one weakness (Ghost) is broken to 0x.
A8: Electric | B8: Thunderbolt | C8: 95 | D8: Special | E8: TM24 (from Lt. Surge) | F8: 9 | G8: Free from the gym. Thunder (TM25, 110) hits harder at 70% acc. Walled hard by Ground.
A9: Ground | B9: Earthquake | C9: 100 | D9: Physical | E9: TM26 (Silph Co. 5F) | F9: 9 | G9: Best physical move that isn't Normal. Only Flying is immune. Dig (TM28) is a 100-BP 2-turn fallback.
A10: Water | B10: Surf | C10: 95 | D10: Special | E10: HM03 (Safari Zone) | F10: 9 | G10: Free, unlimited, high PP, plus field use. Hydro Pump (TM))(120) if you want the extra punch.
A11: Fire | B11: Fire Blast | C11: 120 | D11: Special | E11: TM38 (from Blaine) | F11: 7 | G11: Strong but Fire's targets (Grass/Bug/Ice) are largely also covered by Ice/Flying. Redundant on most teams.
A12: Rock | B12: Rock Slide | C12: 75 | D12: Physical | E12: TM48 (Celadon Dept) | F12: 6 | G12: Only decent Rock move. Physical, so it wants a high-Attack user.
A13: Fighting | B13: Submission | C13: 80 | D13: Physical | E13: TM17 (Celadon Dept) | F13: 5 | G13: 25% recoil. Seismic Toss (TM19) is fixed damage = level, reliable but never scales up.
A14: Flying | B14: Drill Peck | C14: 80 | D14: Physical | E14: Level-up only (Fearow/Dodrio/Zapdos) | F14: 5 | G14: No TM. Fly (HM02) is only 70 BP and burns a turn. Sky Attack (TM43, 140) charges.
A15: Grass | B15: Razor Leaf | C15: 55 | D15: Special | E15: Level-up (Bulbasaur line, Victreebel) | F15: 4 | G15: High crit ratio partly saves it. SolarBeam (TM22, 120) needs a charge turn. Grass coverage overlaps Water badly.
A16: Poison | B16: Sludge | C16: 65 | D16: Physical | E16: Level-up (Grimer/Muk line) | F16: 2 | G16: Poison is a PHYSICAL type in Gen 1, so it runs off Attack -- and Poison mons have bad Attack. Dead end.
A17: Bug | B17: Twineedle | C17: 25 | D17: Physical | E17: Level-up (Beedrill only) | F17: 1 | G17: Bug is Psychic's only real weakness and Gen 1 gives you nothing to exploit it with. Pin Missile (14 BP), Leech Life (20 BP). A cruel joke.
A18: Ghost | B18: Night Shade | C18: fixed | D18: Physical | E18: Level-up (Gastly line) | F18: 1 | G18: Fixed damage = user's level. Lick is 20 BP. And Ghost does 0x to Psychic due to the bug, killing its entire reason to exist.
A19: Dragon | B19: Dragon Rage | C19: fixed | D19: Special | E19: TM23 (Celadon Dept) | F19: 1 | G19: Fixed 40 damage, forever. Useless past the early game.

Sheet Type Scorecard
A1: Attacking Type Scorecard
A2: Sorted by Practical Score. 'Boss SE' = how many of Yellow's 49 boss Pokemon this type hits for 2x+.
A4: Type | B4: Best Move | C4: Power | D4: Viability | E4: Dex 2x+ | F4: Dex 4x | G4: Dex resists | H4: Dex immune | I4: Boss 2x+ (of 49) | J4: Boss SE % | K4: Boss resists | L4: Boss immune | M4: PRACTICAL SCORE
A5: Normal | B5: =INDEX('Move Reality'!$B$5:$B$19,MATCH($A5,'Move Reality'!$A$5:$A$19,0)) -> Body Slam | C5: =INDEX('Move Reality'!$C$5:$C$19,MATCH($A5,'Move Reality'!$A$5:$A$19,0)) -> 85 | D5: =INDEX('Move Reality'!$F$5:$F$19,MATCH($A5,'Move Reality'!$A$5:$A$19,0)) -> 10 | E5: =COUNTIF(Effectiveness!$E$5:$E$155,">=2") -> 0 | F5: =COUNTIF(Effectiveness!$E$5:$E$155,"=4") -> 0 | G5: =COUNTIFS(Effectiveness!$E$5:$E$155,">0",Effectiveness!$E$5:$E$155,"<1") -> 11 | H5: =COUNTIF(Effectiveness!$E$5:$E$155,"=0") -> 3 | I5: =COUNTIF('Yellow Bosses'!$H$5:$H$53,">=2") -> 0 | J5: =I5/49 -> 0 | K5: =COUNTIFS('Yellow Bosses'!$H$5:$H$53,">0",'Yellow Bosses'!$H$5:$H$53,"<1") -> 6 | L5: =COUNTIF('Yellow Bosses'!$H$5:$H$53,"=0") -> 3 | M5: =J5*D5/10 -> 0
A6: Fire | B6: =INDEX('Move Reality'!$B$5:$B$19,MATCH($A6,'Move Reality'!$A$5:$A$19,0)) -> Fire Blast | C6: =INDEX('Move Reality'!$C$5:$C$19,MATCH($A6,'Move Reality'!$A$5:$A$19,0)) -> 120 | D6: =INDEX('Move Reality'!$F$5:$F$19,MATCH($A6,'Move Reality'!$A$5:$A$19,0)) -> 7 | E6: =COUNTIF(Effectiveness!$F$5:$F$155,">=2") -> 26 | F6: =COUNTIF(Effectiveness!$F$5:$F$155,"=4") -> 2 | G6: =COUNTIFS(Effectiveness!$F$5:$F$155,">0",Effectiveness!$F$5:$F$155,"<1") -> 51 | H6: =COUNTIF(Effectiveness!$F$5:$F$155,"=0") -> 0 | I6: =COUNTIF('Yellow Bosses'!$I$5:$I$53,">=2") -> 9 | J6: =I6/49 -> 0.18367347 | K6: =COUNTIFS('Yellow Bosses'!$I$5:$I$53,">0",'Yellow Bosses'!$I$5:$I$53,"<1") -> 18 | L6: =COUNTIF('Yellow Bosses'!$I$5:$I$53,"=0") -> 0 | M6: =J6*D6/10 -> 0.12857143
A7: Water | B7: =INDEX('Move Reality'!$B$5:$B$19,MATCH($A7,'Move Reality'!$A$5:$A$19,0)) -> Surf | C7: =INDEX('Move Reality'!$C$5:$C$19,MATCH($A7,'Move Reality'!$A$5:$A$19,0)) -> 95 | D7: =INDEX('Move Reality'!$F$5:$F$19,MATCH($A7,'Move Reality'!$A$5:$A$19,0)) -> 9 | E7: =COUNTIF(Effectiveness!$G$5:$G$155,">=2") -> 27 | F7: =COUNTIF(Effectiveness!$G$5:$G$155,"=4") -> 6 | G7: =COUNTIFS(Effectiveness!$G$5:$G$155,">0",Effectiveness!$G$5:$G$155,"<1") -> 45 | H7: =COUNTIF(Effectiveness!$G$5:$G$155,"=0") -> 0 | I7: =COUNTIF('Yellow Bosses'!$J$5:$J$53,">=2") -> 14 | J7: =I7/49 -> 0.28571429 | K7: =COUNTIFS('Yellow Bosses'!$J$5:$J$53,">0",'Yellow Bosses'!$J$5:$J$53,"<1") -> 15 | L7: =COUNTIF('Yellow Bosses'!$J$5:$J$53,"=0") -> 0 | M7: =J7*D7/10 -> 0.25714286
A8: Electric | B8: =INDEX('Move Reality'!$B$5:$B$19,MATCH($A8,'Move Reality'!$A$5:$A$19,0)) -> Thunderbolt | C8: =INDEX('Move Reality'!$C$5:$C$19,MATCH($A8,'Move Reality'!$A$5:$A$19,0)) -> 95 | D8: =INDEX('Move Reality'!$F$5:$F$19,MATCH($A8,'Move Reality'!$A$5:$A$19,0)) -> 9 | E8: =COUNTIF(Effectiveness!$H$5:$H$155,">=2") -> 48 | F8: =COUNTIF(Effectiveness!$H$5:$H$155,"=4") -> 1 | G8: =COUNTIFS(Effectiveness!$H$5:$H$155,">0",Effectiveness!$H$5:$H$155,"<1") -> 24 | H8: =COUNTIF(Effectiveness!$H$5:$H$155,"=0") -> 14 | I8: =COUNTIF('Yellow Bosses'!$K$5:$K$53,">=2") -> 10 | J8: =I8/49 -> 0.20408163 | K8: =COUNTIFS('Yellow Bosses'!$K$5:$K$53,">0",'Yellow Bosses'!$K$5:$K$53,"<1") -> 8 | L8: =COUNTIF('Yellow Bosses'!$K$5:$K$53,"=0") -> 9 | M8: =J8*D8/10 -> 0.18367347
A9: Grass | B9: =INDEX('Move Reality'!$B$5:$B$19,MATCH($A9,'Move Reality'!$A$5:$A$19,0)) -> Razor Leaf | C9: =INDEX('Move Reality'!$C$5:$C$19,MATCH($A9,'Move Reality'!$A$5:$A$19,0)) -> 55 | D9: =INDEX('Move Reality'!$F$5:$F$19,MATCH($A9,'Move Reality'!$A$5:$A$19,0)) -> 4 | E9: =COUNTIF(Effectiveness!$I$5:$I$155,">=2") -> 41 | F9: =COUNTIF(Effectiveness!$I$5:$I$155,"=4") -> 10 | G9: =COUNTIFS(Effectiveness!$I$5:$I$155,">0",Effectiveness!$I$5:$I$155,"<1") -> 64 | H9: =COUNTIF(Effectiveness!$I$5:$I$155,"=0") -> 0 | I9: =COUNTIF('Yellow Bosses'!$L$5:$L$53,">=2") -> 14 | J9: =I9/49 -> 0.28571429 | K9: =COUNTIFS('Yellow Bosses'!$L$5:$L$53,">0",'Yellow Bosses'!$L$5:$L$53,"<1") -> 20 | L9: =COUNTIF('Yellow Bosses'!$L$5:$L$53,"=0") -> 0 | M9: =J9*D9/10 -> 0.11428571
A10: Ice | B10: =INDEX('Move Reality'!$B$5:$B$19,MATCH($A10,'Move Reality'!$A$5:$A$19,0)) -> Blizzard | C10: =INDEX('Move Reality'!$C$5:$C$19,MATCH($A10,'Move Reality'!$A$5:$A$19,0)) -> 120 | D10: =INDEX('Move Reality'!$F$5:$F$19,MATCH($A10,'Move Reality'!$A$5:$A$19,0)) -> 10 | E10: =COUNTIF(Effectiveness!$J$5:$J$155,">=2") -> 47 | F10: =COUNTIF(Effectiveness!$J$5:$J$155,"=4") -> 1 | G10: =COUNTIFS(Effectiveness!$J$5:$J$155,">0",Effectiveness!$J$5:$J$155,"<1") -> 32 | H10: =COUNTIF(Effectiveness!$J$5:$J$155,"=0") -> 0 | I10: =COUNTIF('Yellow Bosses'!$M$5:$M$53,">=2") -> 18 | J10: =I10/49 -> 0.36734694 | K10: =COUNTIFS('Yellow Bosses'!$M$5:$M$53,">0",'Yellow Bosses'!$M$5:$M$53,"<1") -> 8 | L10: =COUNTIF('Yellow Bosses'!$M$5:$M$53,"=0") -> 0 | M10: =J10*D10/10 -> 0.36734694
A11: Fighting | B11: =INDEX('Move Reality'!$B$5:$B$19,MATCH($A11,'Move Reality'!$A$5:$A$19,0)) -> Submission | C11: =INDEX('Move Reality'!$C$5:$C$19,MATCH($A11,'Move Reality'!$A$5:$A$19,0)) -> 80 | D11: =INDEX('Move Reality'!$F$5:$F$19,MATCH($A11,'Move Reality'!$A$5:$A$19,0)) -> 5 | E11: =COUNTIF(Effectiveness!$K$5:$K$155,">=2") -> 29 | F11: =COUNTIF(Effectiveness!$K$5:$K$155,"=4") -> 0 | G11: =COUNTIFS(Effectiveness!$K$5:$K$155,">0",Effectiveness!$K$5:$K$155,"<1") -> 55 | H11: =COUNTIF(Effectiveness!$K$5:$K$155,"=0") -> 3 | I11: =COUNTIF('Yellow Bosses'!$N$5:$N$53,">=2") -> 9 | J11: =I11/49 -> 0.18367347 | K11: =COUNTIFS('Yellow Bosses'!$N$5:$N$53,">0",'Yellow Bosses'!$N$5:$N$53,"<1") -> 19 | L11: =COUNTIF('Yellow Bosses'!$N$5:$N$53,"=0") -> 3 | M11: =J11*D11/10 -> 0.091836735
A12: Poison | B12: =INDEX('Move Reality'!$B$5:$B$19,MATCH($A12,'Move Reality'!$A$5:$A$19,0)) -> Sludge | C12: =INDEX('Move Reality'!$C$5:$C$19,MATCH($A12,'Move Reality'!$A$5:$A$19,0)) -> 65 | D12: =INDEX('Move Reality'!$F$5:$F$19,MATCH($A12,'Move Reality'!$A$5:$A$19,0)) -> 2 | E12: =COUNTIF(Effectiveness!$L$5:$L$155,">=2") -> 10 | F12: =COUNTIF(Effectiveness!$L$5:$L$155,"=4") -> 2 | G12: =COUNTIFS(Effectiveness!$L$5:$L$155,">0",Effectiveness!$L$5:$L$155,"<1") -> 36 | H12: =COUNTIF(Effectiveness!$L$5:$L$155,"=0") -> 0 | I12: =COUNTIF('Yellow Bosses'!$O$5:$O$53,">=2") -> 2 | J12: =I12/49 -> 0.040816327 | K12: =COUNTIFS('Yellow Bosses'!$O$5:$O$53,">0",'Yellow Bosses'!$O$5:$O$53,"<1") -> 15 | L12: =COUNTIF('Yellow Bosses'!$O$5:$O$53,"=0") -> 0 | M12: =J12*D12/10 -> 0.0081632653
A13: Ground | B13: =INDEX('Move Reality'!$B$5:$B$19,MATCH($A13,'Move Reality'!$A$5:$A$19,0)) -> Earthquake | C13: =INDEX('Move Reality'!$C$5:$C$19,MATCH($A13,'Move Reality'!$A$5:$A$19,0)) -> 100 | D13: =INDEX('Move Reality'!$F$5:$F$19,MATCH($A13,'Move Reality'!$A$5:$A$19,0)) -> 9 | E13: =COUNTIF(Effectiveness!$M$5:$M$155,">=2") -> 45 | F13: =COUNTIF(Effectiveness!$M$5:$M$155,"=4") -> 0 | G13: =COUNTIFS(Effectiveness!$M$5:$M$155,">0",Effectiveness!$M$5:$M$155,"<1") -> 8 | H13: =COUNTIF(Effectiveness!$M$5:$M$155,"=0") -> 19 | I13: =COUNTIF('Yellow Bosses'!$P$5:$P$53,">=2") -> 17 | J13: =I13/49 -> 0.34693878 | K13: =COUNTIFS('Yellow Bosses'!$P$5:$P$53,">0",'Yellow Bosses'!$P$5:$P$53,"<1") -> 2 | L13: =COUNTIF('Yellow Bosses'!$P$5:$P$53,"=0") -> 4 | M13: =J13*D13/10 -> 0.3122449
A14: Flying | B14: =INDEX('Move Reality'!$B$5:$B$19,MATCH($A14,'Move Reality'!$A$5:$A$19,0)) -> Drill Peck | C14: =INDEX('Move Reality'!$C$5:$C$19,MATCH($A14,'Move Reality'!$A$5:$A$19,0)) -> 80 | D14: =INDEX('Move Reality'!$F$5:$F$19,MATCH($A14,'Move Reality'!$A$5:$A$19,0)) -> 5 | E14: =COUNTIF(Effectiveness!$N$5:$N$155,">=2") -> 32 | F14: =COUNTIF(Effectiveness!$N$5:$N$155,"=4") -> 2 | G14: =COUNTIFS(Effectiveness!$N$5:$N$155,">0",Effectiveness!$N$5:$N$155,"<1") -> 20 | H14: =COUNTIF(Effectiveness!$N$5:$N$155,"=0") -> 0 | I14: =COUNTIF('Yellow Bosses'!$Q$5:$Q$53,">=2") -> 11 | J14: =I14/49 -> 0.2244898 | K14: =COUNTIFS('Yellow Bosses'!$Q$5:$Q$53,">0",'Yellow Bosses'!$Q$5:$Q$53,"<1") -> 8 | L14: =COUNTIF('Yellow Bosses'!$Q$5:$Q$53,"=0") -> 0 | M14: =J14*D14/10 -> 0.1122449
A15: Psychic | B15: =INDEX('Move Reality'!$B$5:$B$19,MATCH($A15,'Move Reality'!$A$5:$A$19,0)) -> Psychic | C15: =INDEX('Move Reality'!$C$5:$C$19,MATCH($A15,'Move Reality'!$A$5:$A$19,0)) -> 90 | D15: =INDEX('Move Reality'!$F$5:$F$19,MATCH($A15,'Move Reality'!$A$5:$A$19,0)) -> 10 | E15: =COUNTIF(Effectiveness!$O$5:$O$155,">=2") -> 41 | F15: =COUNTIF(Effectiveness!$O$5:$O$155,"=4") -> 0 | G15: =COUNTIFS(Effectiveness!$O$5:$O$155,">0",Effectiveness!$O$5:$O$155,"<1") -> 14 | H15: =COUNTIF(Effectiveness!$O$5:$O$155,"=0") -> 0 | I15: =COUNTIF('Yellow Bosses'!$R$5:$R$53,">=2") -> 16 | J15: =I15/49 -> 0.32653061 | K15: =COUNTIFS('Yellow Bosses'!$R$5:$R$53,">0",'Yellow Bosses'!$R$5:$R$53,"<1") -> 8 | L15: =COUNTIF('Yellow Bosses'!$R$5:$R$53,"=0") -> 0 | M15: =J15*D15/10 -> 0.32653061
A16: Bug | B16: =INDEX('Move Reality'!$B$5:$B$19,MATCH($A16,'Move Reality'!$A$5:$A$19,0)) -> Twineedle | C16: =INDEX('Move Reality'!$C$5:$C$19,MATCH($A16,'Move Reality'!$A$5:$A$19,0)) -> 25 | D16: =INDEX('Move Reality'!$F$5:$F$19,MATCH($A16,'Move Reality'!$A$5:$A$19,0)) -> 1 | E16: =COUNTIF(Effectiveness!$P$5:$P$155,">=2") -> 45 | F16: =COUNTIF(Effectiveness!$P$5:$P$155,"=4") -> 11 | G16: =COUNTIFS(Effectiveness!$P$5:$P$155,">0",Effectiveness!$P$5:$P$155,"<1") -> 35 | H16: =COUNTIF(Effectiveness!$P$5:$P$155,"=0") -> 0 | I16: =COUNTIF('Yellow Bosses'!$S$5:$S$53,">=2") -> 18 | J16: =I16/49 -> 0.36734694 | K16: =COUNTIFS('Yellow Bosses'!$S$5:$S$53,">0",'Yellow Bosses'!$S$5:$S$53,"<1") -> 10 | L16: =COUNTIF('Yellow Bosses'!$S$5:$S$53,"=0") -> 0 | M16: =J16*D16/10 -> 0.036734694
A17: Rock | B17: =INDEX('Move Reality'!$B$5:$B$19,MATCH($A17,'Move Reality'!$A$5:$A$19,0)) -> Rock Slide | C17: =INDEX('Move Reality'!$C$5:$C$19,MATCH($A17,'Move Reality'!$A$5:$A$19,0)) -> 75 | D17: =INDEX('Move Reality'!$F$5:$F$19,MATCH($A17,'Move Reality'!$A$5:$A$19,0)) -> 6 | E17: =COUNTIF(Effectiveness!$Q$5:$Q$155,">=2") -> 43 | F17: =COUNTIF(Effectiveness!$Q$5:$Q$155,"=4") -> 5 | G17: =COUNTIFS(Effectiveness!$Q$5:$Q$155,">0",Effectiveness!$Q$5:$Q$155,"<1") -> 22 | H17: =COUNTIF(Effectiveness!$Q$5:$Q$155,"=0") -> 0 | I17: =COUNTIF('Yellow Bosses'!$T$5:$T$53,">=2") -> 16 | J17: =I17/49 -> 0.32653061 | K17: =COUNTIFS('Yellow Bosses'!$T$5:$T$53,">0",'Yellow Bosses'!$T$5:$T$53,"<1") -> 12 | L17: =COUNTIF('Yellow Bosses'!$T$5:$T$53,"=0") -> 0 | M17: =J17*D17/10 -> 0.19591837
A18: Ghost | B18: =INDEX('Move Reality'!$B$5:$B$19,MATCH($A18,'Move Reality'!$A$5:$A$19,0)) -> Night Shade | C18: =INDEX('Move Reality'!$C$5:$C$19,MATCH($A18,'Move Reality'!$A$5:$A$19,0)) -> fixed | D18: =INDEX('Move Reality'!$F$5:$F$19,MATCH($A18,'Move Reality'!$A$5:$A$19,0)) -> 1 | E18: =COUNTIF(Effectiveness!$R$5:$R$155,">=2") -> 3 | F18: =COUNTIF(Effectiveness!$R$5:$R$155,"=4") -> 0 | G18: =COUNTIFS(Effectiveness!$R$5:$R$155,">0",Effectiveness!$R$5:$R$155,"<1") -> 0 | H18: =COUNTIF(Effectiveness!$R$5:$R$155,"=0") -> 38 | I18: =COUNTIF('Yellow Bosses'!$U$5:$U$53,">=2") -> 3 | J18: =I18/49 -> 0.06122449 | K18: =COUNTIFS('Yellow Bosses'!$U$5:$U$53,">0",'Yellow Bosses'!$U$5:$U$53,"<1") -> 0 | L18: =COUNTIF('Yellow Bosses'!$U$5:$U$53,"=0") -> 9 | M18: =J18*D18/10 -> 0.006122449
A19: Dragon | B19: =INDEX('Move Reality'!$B$5:$B$19,MATCH($A19,'Move Reality'!$A$5:$A$19,0)) -> Dragon Rage | C19: =INDEX('Move Reality'!$C$5:$C$19,MATCH($A19,'Move Reality'!$A$5:$A$19,0)) -> fixed | D19: =INDEX('Move Reality'!$F$5:$F$19,MATCH($A19,'Move Reality'!$A$5:$A$19,0)) -> 1 | E19: =COUNTIF(Effectiveness!$S$5:$S$155,">=2") -> 3 | F19: =COUNTIF(Effectiveness!$S$5:$S$155,"=4") -> 0 | G19: =COUNTIFS(Effectiveness!$S$5:$S$155,">0",Effectiveness!$S$5:$S$155,"<1") -> 0 | H19: =COUNTIF(Effectiveness!$S$5:$S$155,"=0") -> 0 | I19: =COUNTIF('Yellow Bosses'!$V$5:$V$53,">=2") -> 3 | J19: =I19/49 -> 0.06122449 | K19: =COUNTIFS('Yellow Bosses'!$V$5:$V$53,">0",'Yellow Bosses'!$V$5:$V$53,"<1") -> 0 | L19: =COUNTIF('Yellow Bosses'!$V$5:$V$53,"=0") -> 0 | M19: =J19*D19/10 -> 0.006122449
A21: PRACTICAL SCORE = Boss SE% x Viability / 10. Assumption: viability weights are hand-scored on 'Move Reality' and are the single subjective input here.
A22: Watch Bug and Ghost: elite raw coverage, near-zero practical value. That gap IS the Gen 1 experience.
A23: LIMITATION, read this: Practical Score measures SUPER-EFFECTIVE coverage, so Normal scores 0.0% by construction. That is the metric failing, not Normal. Normal is resisted by only 1 type and immune-blocked by 1, has the best moves in the game (Body Slam 85 / Hyper Beam 150), and is carried by the best stat-lines (Tauros, Snorlax). Read its low score as 'brings no coverage', NOT as 'do not use'. Every good Gen 1 team runs a Normal move.

Sheet Combo Search
A1: Brute Force: All 1,365 Four-Type Attack Combos
A2: A 4-move Pokemon, or a team's whole offensive spread. Scored against Yellow's actual 49 bosses. Sorted by Boss 2x+, then Dex 2x+.
A4: Rank | B4: Type 1 | C4: Type 2 | D4: Type 3 | E4: Type 4 | F4: Boss 2x+ (of 49) | G4: Boss SE % | H4: Bosses WALLED | I4: Bosses IMMUNE to all 4 | J4: Dex 2x+ (of 151) | K4: Dex SE % | L4: Weakest move viability | M4: Actually buildable?
A5: 1 | B5: Electric | C5: Ice | D5: Ground | E5: Bug | F5: =SUMPRODUCT(--((('Yellow Bosses'!$K$5:$K$53>=2)+('Yellow Bosses'!$M$5:$M$53>=2)+('Yellow Bosses'!$P$5:$P$53>=2)+('Yellow Bosses'!$S$5:$S$53>=2))>0)) -> 45 | G5: =F5/49 -> 0.91836735 | H5: =49-SUMPRODUCT(--((('Yellow Bosses'!$K$5:$K$53>=1)+('Yellow Bosses'!$M$5:$M$53>=1)+('Yellow Bosses'!$P$5:$P$53>=1)+('Yellow Bosses'!$S$5:$S$53>=1))>0)) -> 0 | I5: =SUMPRODUCT(--((('Yellow Bosses'!$K$5:$K$53>0)+('Yellow Bosses'!$M$5:$M$53>0)+('Yellow Bosses'!$P$5:$P$53>0)+('Yellow Bosses'!$S$5:$S$53>0))=0)) -> 0 | J5: =SUMPRODUCT(--(((Effectiveness!$H$5:$H$155>=2)+(Effectiveness!$J$5:$J$155>=2)+(Effectiveness!$M$5:$M$155>=2)+(Effectiveness!$P$5:$P$155>=2))>0)) -> 125 | K5: =J5/151 -> 0.82781457 | L5: =MIN(INDEX('Move Reality'!$F$5:$F$19,MATCH(B5,'Move Reality'!$A$5:$A$19,0)),INDEX('Move Reality'!$F$5:$F$19,MATCH(C5,'Move Reality'!$A$5:$A$19,0)),INDEX('Move Reality'!$F$5:$F$19,MATCH(D5,'Move Reality'!$A$5:$A$19,0)),INDEX('Move Reality'!$F$5:$F$19,MATCH(E5,'Move Reality'!$A$5:$A$19,0))) -> 1 | M5: =IF(L5>=5,"YES","no - dead move") -> no - dead move
A6: 2 | B6: Grass | C6: Psychic | D6: Bug | E6: Rock | F6: =SUMPRODUCT(--((('Yellow Bosses'!$L$5:$L$53>=2)+('Yellow Bosses'!$R$5:$R$53>=2)+('Yellow Bosses'!$S$5:$S$53>=2)+('Yellow Bosses'!$T$5:$T$53>=2))>0)) -> 44 | G6: =F6/49 -> 0.89795918 | H6: =49-SUMPRODUCT(--((('Yellow Bosses'!$L$5:$L$53>=1)+('Yellow Bosses'!$R$5:$R$53>=1)+('Yellow Bosses'!$S$5:$S$53>=1)+('Yellow Bosses'!$T$5:$T$53>=1))>0)) -> 0 | I6: =SUMPRODUCT(--((('Yellow Bosses'!$L$5:$L$53>0)+('Yellow Bosses'!$R$5:$R$53>0)+('Yellow Bosses'!$S$5:$S$53>0)+('Yellow Bosses'!$T$5:$T$53>0))=0)) -> 0 | J6: =SUMPRODUCT(--(((Effectiveness!$I$5:$I$155>=2)+(Effectiveness!$O$5:$O$155>=2)+(Effectiveness!$P$5:$P$155>=2)+(Effectiveness!$Q$5:$Q$155>=2))>0)) -> 125 | K6: =J6/151 -> 0.82781457 | L6: =MIN(INDEX('Move Reality'!$F$5:$F$19,MATCH(B6,'Move Reality'!$A$5:$A$19,0)),INDEX('Move Reality'!$F$5:$F$19,MATCH(C6,'Move Reality'!$A$5:$A$19,0)),INDEX('Move Reality'!$F$5:$F$19,MATCH(D6,'Move Reality'!$A$5:$A$19,0)),INDEX('Move Reality'!$F$5:$F$19,MATCH(E6,'Move Reality'!$A$5:$A$19,0))) -> 1 | M6: =IF(L6>=5,"YES","no - dead move") -> no - dead move
A7: 3 | B7: Grass | C7: Ice | D7: Ground | E7: Bug | F7: =SUMPRODUCT(--((('Yellow Bosses'!$L$5:$L$53>=2)+('Yellow Bosses'!$M$5:$M$53>=2)+('Yellow Bosses'!$P$5:$P$53>=2)+('Yellow Bosses'!$S$5:$S$53>=2))>0)) -> 44 | G7: =F7/49 -> 0.89795918 | H7: =49-SUMPRODUCT(--((('Yellow Bosses'!$L$5:$L$53>=1)+('Yellow Bosses'!$M$5:$M$53>=1)+('Yellow Bosses'!$P$5:$P$53>=1)+('Yellow Bosses'!$S$5:$S$53>=1))>0)) -> 0 | I7: =SUMPRODUCT(--((('Yellow Bosses'!$L$5:$L$53>0)+('Yellow Bosses'!$M$5:$M$53>0)+('Yellow Bosses'!$P$5:$P$53>0)+('Yellow Bosses'!$S$5:$S$53>0))=0)) -> 0 | J7: =SUMPRODUCT(--(((Effectiveness!$I$5:$I$155>=2)+(Effectiveness!$J$5:$J$155>=2)+(Effectiveness!$M$5:$M$155>=2)+(Effectiveness!$P$5:$P$155>=2))>0)) -> 123 | K7: =J7/151 -> 0.81456954 | L7: =MIN(INDEX('Move Reality'!$F$5:$F$19,MATCH(B7,'Move Reality'!$A$5:$A$19,0)),INDEX('Move Reality'!$F$5:$F$19,MATCH(C7,'Move Reality'!$A$5:$A$19,0)),INDEX('Move Reality'!$F$5:$F$19,MATCH(D7,'Move Reality'!$A$5:$A$19,0)),INDEX('Move Reality'!$F$5:$F$19,MATCH(E7,'Move Reality'!$A$5:$A$19,0))) -> 1 | M7: =IF(L7>=5,"YES","no - dead move") -> no - dead move
A8: 4 | B8: Ice | C8: Psychic | D8: Bug | E8: Rock | F8: =SUMPRODUCT(--((('Yellow Bosses'!$M$5:$M$53>=2)+('Yellow Bosses'!$R$5:$R$53>=2)+('Yellow Bosses'!$S$5:$S$53>=2)+('Yellow Bosses'!$T$5:$T$53>=2))>0)) -> 44 | G8: =F8/49 -> 0.89795918 | H8: =49-SUMPRODUCT(--((('Yellow Bosses'!$M$5:$M$53>=1)+('Yellow Bosses'!$R$5:$R$53>=1)+('Yellow Bosses'!$S$5:$S$53>=1)+('Yellow Bosses'!$T$5:$T$53>=1))>0)) -> 0 | I8: =SUMPRODUCT(--((('Yellow Bosses'!$M$5:$M$53>0)+('Yellow Bosses'!$R$5:$R$53>0)+('Yellow Bosses'!$S$5:$S$53>0)+('Yellow Bosses'!$T$5:$T$53>0))=0)) -> 0 | J8: =SUMPRODUCT(--(((Effectiveness!$J$5:$J$155>=2)+(Effectiveness!$O$5:$O$155>=2)+(Effectiveness!$P$5:$P$155>=2)+(Effectiveness!$Q$5:$Q$155>=2))>0)) -> 105 | K8: =J8/151 -> 0.69536424 | L8: =MIN(INDEX('Move Reality'!$F$5:$F$19,MATCH(B8,'Move Reality'!$A$5:$A$19,0)),INDEX('Move Reality'!$F$5:$F$19,MATCH(C8,'Move Reality'!$A$5:$A$19,0)),INDEX('Move Reality'!$F$5:$F$19,MATCH(D8,'Move Reality'!$A$5:$A$19,0)),INDEX('Move Reality'!$F$5:$F$19,MATCH(E8,'Move Reality'!$A$5:$A$19,0))) -> 1 | M8: =IF(L8>=5,"YES","no - dead move") -> no - dead move
A9: 5 | B9: Electric | C9: Ice | D9: Ground | E9: Flying | F9: =SUMPRODUCT(--((('Yellow Bosses'!$K$5:$K$53>=2)+('Yellow Bosses'!$M$5:$M$53>=2)+('Yellow Bosses'!$P$5:$P$53>=2)+('Yellow Bosses'!$Q$5:$Q$53>=2))>0)) -> 43 | G9: =F9/49 -> 0.87755102 | H9: =49-SUMPRODUCT(--((('Yellow Bosses'!$K$5:$K$53>=1)+('Yellow Bosses'!$M$5:$M$53>=1)+('Yellow Bosses'!$P$5:$P$53>=1)+('Yellow Bosses'!$Q$5:$Q$53>=1))>0)) -> 0 | I9: =SUMPRODUCT(--((('Yellow Bosses'!$K$5:$K$53>0)+('Yellow Bosses'!$M$5:$M$53>0)+('Yellow Bosses'!$P$5:$P$53>0)+('Yellow Bosses'!$Q$5:$Q$53>0))=0)) -> 0 | J9: =SUMPRODUCT(--(((Effectiveness!$H$5:$H$155>=2)+(Effectiveness!$J$5:$J$155>=2)+(Effectiveness!$M$5:$M$155>=2)+(Effectiveness!$N$5:$N$155>=2))>0)) -> 126 | K9: =J9/151 -> 0.83443709 | L9: =MIN(INDEX('Move Reality'!$F$5:$F$19,MATCH(B9,'Move Reality'!$A$5:$A$19,0)),INDEX('Move Reality'!$F$5:$F$19,MATCH(C9,'Move Reality'!$A$5:$A$19,0)),INDEX('Move Reality'!$F$5:$F$19,MATCH(D9,'Move Reality'!$A$5:$A$19,0)),INDEX('Move Reality'!$F$5:$F$19,MATCH(E9,'Move Reality'!$A$5:$A$19,0))) -> 5 | M9: =IF(L9>=5,"YES","no - dead move") -> YES
A10: 6 | B10: Grass | C10: Ground | D10: Bug | E10: Rock | F10: =SUMPRODUCT(--((('Yellow Bosses'!$L$5:$L$53>=2)+('Yellow Bosses'!$P$5:$P$53>=2)+('Yellow Bosses'!$S$5:$S$53>=2)+('Yellow Bosses'!$T$5:$T$53>=2))>0)) -> 43 | G10: =F10/49 -> 0.87755102 | H10: =49-SUMPRODUCT(--((('Yellow Bosses'!$L$5:$L$53>=1)+('Yellow Bosses'!$P$5:$P$53>=1)+('Yellow Bosses'!$S$5:$S$53>=1)+('Yellow Bosses'!$T$5:$T$53>=1))>0)) -> 0 | I10: =SUMPRODUCT(--((('Yellow Bosses'!$L$5:$L$53>0)+('Yellow Bosses'!$P$5:$P$53>0)+('Yellow Bosses'!$S$5:$S$53>0)+('Yellow Bosses'!$T$5:$T$53>0))=0)) -> 0 | J10: =SUMPRODUCT(--(((Effectiveness!$I$5:$I$155>=2)+(Effectiveness!$M$5:$M$155>=2)+(Effectiveness!$P$5:$P$155>=2)+(Effectiveness!$Q$5:$Q$155>=2))>0)) -> 126 | K10: =J10/151 -> 0.83443709 | L10: =MIN(INDEX('Move Reality'!$F$5:$F$19,MATCH(B10,'Move Reality'!$A$5:$A$19,0)),INDEX('Move Reality'!$F$5:$F$19,MATCH(C10,'Move Reality'!$A$5:$A$19,0)),INDEX('Move Reality'!$F$5:$F$19,MATCH(D10,'Move Reality'!$A$5:$A$19,0)),INDEX('Move Reality'!$F$5:$F$19,MATCH(E10,'Move Reality'!$A$5:$A$19,0))) -> 1 | M10: =IF(L10>=5,"YES","no - dead move") -> no - dead move
A11: 7 | B11: Electric | C11: Ground | D11: Flying | E11: Bug | F11: =SUMPRODUCT(--((('Yellow Bosses'!$K$5:$K$53>=2)+('Yellow Bosses'!$P$5:$P$53>=2)+('Yellow Bosses'!$Q$5:$Q$53>=2)+('Yellow Bosses'!$S$5:$S$53>=2))>0)) -> 43 | G11: =F11/49 -> 0.87755102 | H11: =49-SUMPRODUCT(--((('Yellow Bosses'!$K$5:$K$53>=1)+('Yellow Bosses'!$P$5:$P$53>=1)+('Yellow Bosses'!$Q$5:$Q$53>=1)+('Yellow Bosses'!$S$5:$S$53>=1))>0)) -> 0 | I11: =SUMPRODUCT(--((('Yellow Bosses'!$K$5:$K$53>0)+('Yellow Bosses'!$P$5:$P$53>0)+('Yellow Bosses'!$Q$5:$Q$53>0)+('Yellow Bosses'!$S$5:$S$53>0))=0)) -> 0 | J11: =SUMPRODUCT(--(((Effectiveness!$H$5:$H$155>=2)+(Effectiveness!$M$5:$M$155>=2)+(Effectiveness!$N$5:$N$155>=2)+(Effectiveness!$P$5:$P$155>=2))>0)) -> 125 | K11: =J11/151 -> 0.82781457 | L11: =MIN(INDEX('Move Reality'!$F$5:$F$19,MATCH(B11,'Move Reality'!$A$5:$A$19,0)),INDEX('Move Reality'!$F$5:$F$19,MATCH(C11,'Move Reality'!$A$5:$A$19,0)),INDEX('Move Reality'!$F$5:$F$19,MATCH(D11,'Move Reality'!$A$5:$A$19,0)),INDEX('Move Reality'!$F$5:$F$19,MATCH(E11,'Move Reality'!$A$5:$A$19,0))) -> 1 | M11: =IF(L11>=5,"YES","no - dead move") -> no - dead move
A12: 8 | B12: Electric | C12: Ice | D12: Ground | E12: Psychic | F12: =SUMPRODUCT(--((('Yellow Bosses'!$K$5:$K$53>=2)+('Yellow Bosses'!$M$5:$M$53>=2)+('Yellow Bosses'!$P$5:$P$53>=2)+('Yellow Bosses'!$R$5:$R$53>=2))>0)) -> 43 | G12: =F12/49 -> 0.87755102 | H12: =49-SUMPRODUCT(--((('Yellow Bosses'!$K$5:$K$53>=1)+('Yellow Bosses'!$M$5:$M$53>=1)+('Yellow Bosses'!$P$5:$P$53>=1)+('Yellow Bosses'!$R$5:$R$53>=1))>0)) -> 0 | I12: =SUMPRODUCT(--((('Yellow Bosses'!$K$5:$K$53>0)+('Yellow Bosses'!$M$5:$M$53>0)+('Yellow Bosses'!$P$5:$P$53>0)+('Yellow Bosses'!$R$5:$R$53>0))=0)) -> 0 | J12: =SUMPRODUCT(--(((Effectiveness!$H$5:$H$155>=2)+(Effectiveness!$J$5:$J$155>=2)+(Effectiveness!$M$5:$M$155>=2)+(Effectiveness!$O$5:$O$155>=2))>0)) -> 123 | K12: =J12/151 -> 0.81456954 | L12: =MIN(INDEX('Move Reality'!$F$5:$F$19,MATCH(B12,'Move Reality'!$A$5:$A$19,0)),INDEX('Move Reality'!$F$5:$F$19,MATCH(C12,'Move Reality'!$A$5:$A$19,0)),INDEX('Move Reality'!$F$5:$F$19,MATCH(D12,'Move Reality'!$A$5:$A$19,0)),INDEX('Move Reality'!$F$5:$F$19,MATCH(E12,'Move Reality'!$A$5:$A$19,0))) -> 9 | M12: =IF(L12>=5,"YES","no - dead move") -> YES
A13: 9 | B13: Electric | C13: Ground | D13: Psychic | E13: Bug | F13: =SUMPRODUCT(--((('Yellow Bosses'!$K$5:$K$53>=2)+('Yellow Bosses'!$P$5:$P$53>=2)+('Yellow Bosses'!$R$5:$R$53>=2)+('Yellow Bosses'!$S$5:$S$53>=2))>0)) -> 43 | G13: =F13/49 -> 0.87755102 | H13: =49-SUMPRODUCT(--((('Yellow Bosses'!$K$5:$K$53>=1)+('Yellow Bosses'!$P$5:$P$53>=1)+('Yellow Bosses'!$R$5:$R$53>=1)+('Yellow Bosses'!$S$5:$S$53>=1))>0)) -> 0 | I13: =SUMPRODUCT(--((('Yellow Bosses'!$K$5:$K$53>0)+('Yellow Bosses'!$P$5:$P$53>0)+('Yellow Bosses'!$R$5:$R$53>0)+('Yellow Bosses'!$S$5:$S$53>0))=0)) -> 0 | J13: =SUMPRODUCT(--(((Effectiveness!$H$5:$H$155>=2)+(Effectiveness!$M$5:$M$155>=2)+(Effectiveness!$O$5:$O$155>=2)+(Effectiveness!$P$5:$P$155>=2))>0)) -> 122 | K13: =J13/151 -> 0.80794702 | L13: =MIN(INDEX('Move Reality'!$F$5:$F$19,MATCH(B13,'Move Reality'!$A$5:$A$19,0)),INDEX('Move Reality'!$F$5:$F$19,MATCH(C13,'Move Reality'!$A$5:$A$19,0)),INDEX('Move Reality'!$F$5:$F$19,MATCH(D13,'Move Reality'!$A$5:$A$19,0)),INDEX('Move Reality'!$F$5:$F$19,MATCH(E13,'Move Reality'!$A$5:$A$19,0))) -> 1 | M13: =IF(L13>=5,"YES","no - dead move") -> no - dead move
A14: 10 | B14: Water | C14: Electric | D14: Psychic | E14: Bug | F14: =SUMPRODUCT(--((('Yellow Bosses'!$J$5:$J$53>=2)+('Yellow Bosses'!$K$5:$K$53>=2)+('Yellow Bosses'!$R$5:$R$53>=2)+('Yellow Bosses'!$S$5:$S$53>=2))>0)) -> 43 | G14: =F14/49 -> 0.87755102 | H14: =49-SUMPRODUCT(--((('Yellow Bosses'!$J$5:$J$53>=1)+('Yellow Bosses'!$K$5:$K$53>=1)+('Yellow Bosses'!$R$5:$R$53>=1)+('Yellow Bosses'!$S$5:$S$53>=1))>0)) -> 0 | I14: =SUMPRODUCT(--((('Yellow Bosses'!$J$5:$J$53>0)+('Yellow Bosses'!$K$5:$K$53>0)+('Yellow Bosses'!$R$5:$R$53>0)+('Yellow Bosses'!$S$5:$S$53>0))=0)) -> 0 | J14: =SUMPRODUCT(--(((Effectiveness!$G$5:$G$155>=2)+(Effectiveness!$H$5:$H$155>=2)+(Effectiveness!$O$5:$O$155>=2)+(Effectiveness!$P$5:$P$155>=2))>0)) -> 120 | K14: =J14/151 -> 0.79470199 | L14: =MIN(INDEX('Move Reality'!$F$5:$F$19,MATCH(B14,'Move Reality'!$A$5:$A$19,0)),INDEX('Move Reality'!$F$5:$F$19,MATCH(C14,'Move Reality'!$A$5:$A$19,0)),INDEX('Move Reality'!$F$5:$F$19,MATCH(D14,'Move Reality'!$A$5:$A$19,0)),INDEX('Move Reality'!$F$5:$F$19,MATCH(E14,'Move Reality'!$A$5:$A$19,0))) -> 1 | M14: =IF(L14>=5,"YES","no - dead move") -> no - dead move
A15: 11 | B15: Ice | C15: Fighting | D15: Ground | E15: Bug | F15: =SUMPRODUCT(--((('Yellow Bosses'!$M$5:$M$53>=2)+('Yellow Bosses'!$N$5:$N$53>=2)+('Yellow Bosses'!$P$5:$P$53>=2)+('Yellow Bosses'!$S$5:$S$53>=2))>0)) -> 43 | G15: =F15/49 -> 0.87755102 | H15: =49-SUMPRODUCT(--((('Yellow Bosses'!$M$5:$M$53>=1)+('Yellow Bosses'!$N$5:$N$53>=1)+('Yellow Bosses'!$P$5:$P$53>=1)+('Yellow Bosses'!$S$5:$S$53>=1))>0)) -> 0 | I15: =SUMPRODUCT(--((('Yellow Bosses'!$M$5:$M$53>0)+('Yellow Bosses'!$N$5:$N$53>0)+('Yellow Bosses'!$P$5:$P$53>0)+('Yellow Bosses'!$S$5:$S$53>0))=0)) -> 0 | J15: =SUMPRODUCT(--(((Effectiveness!$J$5:$J$155>=2)+(Effectiveness!$K$5:$K$155>=2)+(Effectiveness!$M$5:$M$155>=2)+(Effectiveness!$P$5:$P$155>=2))>0)) -> 120 | K15: =J15/151 -> 0.79470199 | L15: =MIN(INDEX('Move Reality'!$F$5:$F$19,MATCH(B15,'Move Reality'!$A$5:$A$19,0)),INDEX('Move Reality'!$F$5:$F$19,MATCH(C15,'Move Reality'!$A$5:$A$19,0)),INDEX('Move Reality'!$F$5:$F$19,MATCH(D15,'Move Reality'!$A$5:$A$19,0)),INDEX('Move Reality'!$F$5:$F$19,MATCH(E15,'Move Reality'!$A$5:$A$19,0))) -> 1 | M15: =IF(L15>=5,"YES","no - dead move") -> no - dead move
A16: 12 | B16: Electric | C16: Ground | D16: Bug | E16: Dragon | F16: =SUMPRODUCT(--((('Yellow Bosses'!$K$5:$K$53>=2)+('Yellow Bosses'!$P$5:$P$53>=2)+('Yellow Bosses'!$S$5:$S$53>=2)+('Yellow Bosses'!$V$5:$V$53>=2))>0)) -> 43 | G16: =F16/49 -> 0.87755102 | H16: =49-SUMPRODUCT(--((('Yellow Bosses'!$K$5:$K$53>=1)+('Yellow Bosses'!$P$5:$P$53>=1)+('Yellow Bosses'!$S$5:$S$53>=1)+('Yellow Bosses'!$V$5:$V$53>=1))>0)) -> 0 | I16: =SUMPRODUCT(--((('Yellow Bosses'!$K$5:$K$53>0)+('Yellow Bosses'!$P$5:$P$53>0)+('Yellow Bosses'!$S$5:$S$53>0)+('Yellow Bosses'!$V$5:$V$53>0))=0)) -> 0 | J16: =SUMPRODUCT(--(((Effectiveness!$H$5:$H$155>=2)+(Effectiveness!$M$5:$M$155>=2)+(Effectiveness!$P$5:$P$155>=2)+(Effectiveness!$S$5:$S$155>=2))>0)) -> 118 | K16: =J16/151 -> 0.78145695 | L16: =MIN(INDEX('Move Reality'!$F$5:$F$19,MATCH(B16,'Move Reality'!$A$5:$A$19,0)),INDEX('Move Reality'!$F$5:$F$19,MATCH(C16,'Move Reality'!$A$5:$A$19,0)),INDEX('Move Reality'!$F$5:$F$19,MATCH(D16,'Move Reality'!$A$5:$A$19,0)),INDEX('Move Reality'!$F$5:$F$19,MATCH(E16,'Move Reality'!$A$5:$A$19,0))) -> 1 | M16: =IF(L16>=5,"YES","no - dead move") -> no - dead move
A17: 13 | B17: Grass | C17: Ground | D17: Psychic | E17: Bug | F17: =SUMPRODUCT(--((('Yellow Bosses'!$L$5:$L$53>=2)+('Yellow Bosses'!$P$5:$P$53>=2)+('Yellow Bosses'!$R$5:$R$53>=2)+('Yellow Bosses'!$S$5:$S$53>=2))>0)) -> 43 | G17: =F17/49 -> 0.87755102 | H17: =49-SUMPRODUCT(--((('Yellow Bosses'!$L$5:$L$53>=1)+('Yellow Bosses'!$P$5:$P$53>=1)+('Yellow Bosses'!$R$5:$R$53>=1)+('Yellow Bosses'!$S$5:$S$53>=1))>0)) -> 0 | I17: =SUMPRODUCT(--((('Yellow Bosses'!$L$5:$L$53>0)+('Yellow Bosses'!$P$5:$P$53>0)+('Yellow Bosses'!$R$5:$R$53>0)+('Yellow Bosses'!$S$5:$S$53>0))=0)) -> 0 | J17: =SUMPRODUCT(--(((Effectiveness!$I$5:$I$155>=2)+(Effectiveness!$M$5:$M$155>=2)+(Effectiveness!$O$5:$O$155>=2)+(Effectiveness!$P$5:$P$155>=2))>0)) -> 113 | K17: =J17/151 -> 0.74834437 | L17: =MIN(INDEX('Move Reality'!$F$5:$F$19,MATCH(B17,'Move Reality'!$A$5:$A$19,0)),INDEX('Move Reality'!$F$5:$F$19,MATCH(C17,'Move Reality'!$A$5:$A$19,0)),INDEX('Move Reality'!$F$5:$F$19,MATCH(D17,'Move Reality'!$A$5:$A$19,0)),INDEX('Move Reality'!$F$5:$F$19,MATCH(E17,'Move Reality'!$A$5:$A$19,0))) -> 1 | M17: =IF(L17>=5,"YES","no - dead move") -> no - dead move
A18: 14 | B18: Ice | C18: Ground | D18: Bug | E18: Rock | F18: =SUMPRODUCT(--((('Yellow Bosses'!$M$5:$M$53>=2)+('Yellow Bosses'!$P$5:$P$53>=2)+('Yellow Bosses'!$S$5:$S$53>=2)+('Yellow Bosses'!$T$5:$T$53>=2))>0)) -> 43 | G18: =F18/49 -> 0.87755102 | H18: =49-SUMPRODUCT(--((('Yellow Bosses'!$M$5:$M$53>=1)+('Yellow Bosses'!$P$5:$P$53>=1)+('Yellow Bosses'!$S$5:$S$53>=1)+('Yellow Bosses'!$T$5:$T$53>=1))>0)) -> 0 | I18: =SUMPRODUCT(--((('Yellow Bosses'!$M$5:$M$53>0)+('Yellow Bosses'!$P$5:$P$53>0)+('Yellow Bosses'!$S$5:$S$53>0)+('Yellow Bosses'!$T$5:$T$53>0))=0)) -> 0 | J18: =SUMPRODUCT(--(((Effectiveness!$J$5:$J$155>=2)+(Effectiveness!$M$5:$M$155>=2)+(Effectiveness!$P$5:$P$155>=2)+(Effectiveness!$Q$5:$Q$155>=2))>0)) -> 109 | K18: =J18/151 -> 0.7218543 | L18: =MIN(INDEX('Move Reality'!$F$5:$F$19,MATCH(B18,'Move Reality'!$A$5:$A$19,0)),INDEX('Move Reality'!$F$5:$F$19,MATCH(C18,'Move Reality'!$A$5:$A$19,0)),INDEX('Move Reality'!$F$5:$F$19,MATCH(D18,'Move Reality'!$A$5:$A$19,0)),INDEX('Move Reality'!$F$5:$F$19,MATCH(E18,'Move Reality'!$A$5:$A$19,0))) -> 1 | M18: =IF(L18>=5,"YES","no - dead move") -> no - dead move
A19: 15 | B19: Grass | C19: Ground | D19: Flying | E19: Rock | F19: =SUMPRODUCT(--((('Yellow Bosses'!$L$5:$L$53>=2)+('Yellow Bosses'!$P$5:$P$53>=2)+('Yellow Bosses'!$Q$5:$Q$53>=2)+('Yellow Bosses'!$T$5:$T$53>=2))>0)) -> 42 | G19: =F19/49 -> 0.85714286 | H19: =49-SUMPRODUCT(--((('Yellow Bosses'!$L$5:$L$53>=1)+('Yellow Bosses'!$P$5:$P$53>=1)+('Yellow Bosses'!$Q$5:$Q$53>=1)+('Yellow Bosses'!$T$5:$T$53>=1))>0)) -> 0 | I19: =SUMPRODUCT(--((('Yellow Bosses'!$L$5:$L$53>0)+('Yellow Bosses'!$P$5:$P$53>0)+('Yellow Bosses'!$Q$5:$Q$53>0)+('Yellow Bosses'!$T$5:$T$53>0))=0)) -> 0 | J19: =SUMPRODUCT(--(((Effectiveness!$I$5:$I$155>=2)+(Effectiveness!$M$5:$M$155>=2)+(Effectiveness!$N$5:$N$155>=2)+(Effectiveness!$Q$5:$Q$155>=2))>0)) -> 125 | K19: =J19/151 -> 0.82781457 | L19: =MIN(INDEX('Move Reality'!$F$5:$F$19,MATCH(B19,'Move Reality'!$A$5:$A$19,0)),INDEX('Move Reality'!$F$5:$F$19,MATCH(C19,'Move Reality'!$A$5:$A$19,0)),INDEX('Move Reality'!$F$5:$F$19,MATCH(D19,'Move Reality'!$A$5:$A$19,0)),INDEX('Move Reality'!$F$5:$F$19,MATCH(E19,'Move Reality'!$A$5:$A$19,0))) -> 4 | M19: =IF(L19>=5,"YES","no - dead move") -> no - dead move
A20: 16 | B20: Grass | C20: Ice | D20: Ground | E20: Flying | F20: =SUMPRODUCT(--((('Yellow Bosses'!$L$5:$L$53>=2)+('Yellow Bosses'!$M$5:$M$53>=2)+('Yellow Bosses'!$P$5:$P$53>=2)+('Yellow Bosses'!$Q$5:$Q$53>=2))>0)) -> 42 | G20: =F20/49 -> 0.85714286 | H20: =49-SUMPRODUCT(--((('Yellow Bosses'!$L$5:$L$53>=1)+('Yellow Bosses'!$M$5:$M$53>=1)+('Yellow Bosses'!$P$5:$P$53>=1)+('Yellow Bosses'!$Q$5:$Q$53>=1))>0)) -> 0 | I20: =SUMPRODUCT(--((('Yellow Bosses'!$L$5:$L$53>0)+('Yellow Bosses'!$M$5:$M$53>0)+('Yellow Bosses'!$P$5:$P$53>0)+('Yellow Bosses'!$Q$5:$Q$53>0))=0)) -> 0 | J20: =SUMPRODUCT(--(((Effectiveness!$I$5:$I$155>=2)+(Effectiveness!$J$5:$J$155>=2)+(Effectiveness!$M$5:$M$155>=2)+(Effectiveness!$N$5:$N$155>=2))>0)) -> 124 | K20: =J20/151 -> 0.82119205 | L20: =MIN(INDEX('Move Reality'!$F$5:$F$19,MATCH(B20,'Move Reality'!$A$5:$A$19,0)),INDEX('Move Reality'!$F$5:$F$19,MATCH(C20,'Move Reality'!$A$5:$A$19,0)),INDEX('Move Reality'!$F$5:$F$19,MATCH(D20,'Move Reality'!$A$5:$A$19,0)),INDEX('Move Reality'!$F$5:$F$19,MATCH(E20,'Move Reality'!$A$5:$A$19,0))) -> 4 | M20: =IF(L20>=5,"YES","no - dead move") -> no - dead move
A21: 17 | B21: Water | C21: Electric | D21: Ground | E21: Bug | F21: =SUMPRODUCT(--((('Yellow Bosses'!$J$5:$J$53>=2)+('Yellow Bosses'!$K$5:$K$53>=2)+('Yellow Bosses'!$P$5:$P$53>=2)+('Yellow Bosses'!$S$5:$S$53>=2))>0)) -> 42 | G21: =F21/49 -> 0.85714286 | H21: =49-SUMPRODUCT(--((('Yellow Bosses'!$J$5:$J$53>=1)+('Yellow Bosses'!$K$5:$K$53>=1)+('Yellow Bosses'!$P$5:$P$53>=1)+('Yellow Bosses'!$S$5:$S$53>=1))>0)) -> 0 | I21: =SUMPRODUCT(--((('Yellow Bosses'!$J$5:$J$53>0)+('Yellow Bosses'!$K$5:$K$53>0)+('Yellow Bosses'!$P$5:$P$53>0)+('Yellow Bosses'!$S$5:$S$53>0))=0)) -> 0 | J21: =SUMPRODUCT(--(((Effectiveness!$G$5:$G$155>=2)+(Effectiveness!$H$5:$H$155>=2)+(Effectiveness!$M$5:$M$155>=2)+(Effectiveness!$P$5:$P$155>=2))>0)) -> 121 | K21: =J21/151 -> 0.8013245 | L21: =MIN(INDEX('Move Reality'!$F$5:$F$19,MATCH(B21,'Move Reality'!$A$5:$A$19,0)),INDEX('Move Reality'!$F$5:$F$19,MATCH(C21,'Move Reality'!$A$5:$A$19,0)),INDEX('Move Reality'!$F$5:$F$19,MATCH(D21,'Move Reality'!$A$5:$A$19,0)),INDEX('Move Reality'!$F$5:$F$19,MATCH(E21,'Move Reality'!$A$5:$A$19,0))) -> 1 | M21: =IF(L21>=5,"YES","no - dead move") -> no - dead move
A22: 18 | B22: Electric | C22: Grass | D22: Ground | E22: Bug | F22: =SUMPRODUCT(--((('Yellow Bosses'!$K$5:$K$53>=2)+('Yellow Bosses'!$L$5:$L$53>=2)+('Yellow Bosses'!$P$5:$P$53>=2)+('Yellow Bosses'!$S$5:$S$53>=2))>0)) -> 42 | G22: =F22/49 -> 0.85714286 | H22: =49-SUMPRODUCT(--((('Yellow Bosses'!$K$5:$K$53>=1)+('Yellow Bosses'!$L$5:$L$53>=1)+('Yellow Bosses'!$P$5:$P$53>=1)+('Yellow Bosses'!$S$5:$S$53>=1))>0)) -> 0 | I22: =SUMPRODUCT(--((('Yellow Bosses'!$K$5:$K$53>0)+('Yellow Bosses'!$L$5:$L$53>0)+('Yellow Bosses'!$P$5:$P$53>0)+('Yellow Bosses'!$S$5:$S$53>0))=0)) -> 0 | J22: =SUMPRODUCT(--(((Effectiveness!$H$5:$H$155>=2)+(Effectiveness!$I$5:$I$155>=2)+(Effectiveness!$M$5:$M$155>=2)+(Effectiveness!$P$5:$P$155>=2))>0)) -> 121 | K22: =J22/151 -> 0.8013245 | L22: =MIN(INDEX('Move Reality'!$F$5:$F$19,MATCH(B22,'Move Reality'!$A$5:$A$19,0)),INDEX('Move Reality'!$F$5:$F$19,MATCH(C22,'Move Reality'!$A$5:$A$19,0)),INDEX('Move Reality'!$F$5:$F$19,MATCH(D22,'Move Reality'!$A$5:$A$19,0)),INDEX('Move Reality'!$F$5:$F$19,MATCH(E22,'Move Reality'!$A$5:$A$19,0))) -> 1 | M22: =IF(L22>=5,"YES","no - dead move") -> no - dead move
A23: 19 | B23: Grass | C23: Ice | D23: Ground | E23: Psychic | F23: =SUMPRODUCT(--((('Yellow Bosses'!$L$5:$L$53>=2)+('Yellow Bosses'!$M$5:$M$53>=2)+('Yellow Bosses'!$P$5:$P$53>=2)+('Yellow Bosses'!$R$5:$R$53>=2))>0)) -> 42 | G23: =F23/49 -> 0.85714286 | H23: =49-SUMPRODUCT(--((('Yellow Bosses'!$L$5:$L$53>=1)+('Yellow Bosses'!$M$5:$M$53>=1)+('Yellow Bosses'!$P$5:$P$53>=1)+('Yellow Bosses'!$R$5:$R$53>=1))>0)) -> 0 | I23: =SUMPRODUCT(--((('Yellow Bosses'!$L$5:$L$53>0)+('Yellow Bosses'!$M$5:$M$53>0)+('Yellow Bosses'!$P$5:$P$53>0)+('Yellow Bosses'!$R$5:$R$53>0))=0)) -> 0 | J23: =SUMPRODUCT(--(((Effectiveness!$I$5:$I$155>=2)+(Effectiveness!$J$5:$J$155>=2)+(Effectiveness!$M$5:$M$155>=2)+(Effectiveness!$O$5:$O$155>=2))>0)) -> 121 | K23: =J23/151 -> 0.8013245 | L23: =MIN(INDEX('Move Reality'!$F$5:$F$19,MATCH(B23,'Move Reality'!$A$5:$A$19,0)),INDEX('Move Reality'!$F$5:$F$19,MATCH(C23,'Move Reality'!$A$5:$A$19,0)),INDEX('Move Reality'!$F$5:$F$19,MATCH(D23,'Move Reality'!$A$5:$A$19,0)),INDEX('Move Reality'!$F$5:$F$19,MATCH(E23,'Move Reality'!$A$5:$A$19,0))) -> 4 | M23: =IF(L23>=5,"YES","no - dead move") -> no - dead move
A24: 20 | B24: Electric | C24: Ice | D24: Psychic | E24: Rock | F24: =SUMPRODUCT(--((('Yellow Bosses'!$K$5:$K$53>=2)+('Yellow Bosses'!$M$5:$M$53>=2)+('Yellow Bosses'!$R$5:$R$53>=2)+('Yellow Bosses'!$T$5:$T$53>=2))>0)) -> 42 | G24: =F24/49 -> 0.85714286 | H24: =49-SUMPRODUCT(--((('Yellow Bosses'!$K$5:$K$53>=1)+('Yellow Bosses'!$M$5:$M$53>=1)+('Yellow Bosses'!$R$5:$R$53>=1)+('Yellow Bosses'!$T$5:$T$53>=1))>0)) -> 0 | I24: =SUMPRODUCT(--((('Yellow Bosses'!$K$5:$K$53>0)+('Yellow Bosses'!$M$5:$M$53>0)+('Yellow Bosses'!$R$5:$R$53>0)+('Yellow Bosses'!$T$5:$T$53>0))=0)) -> 0 | J24: =SUMPRODUCT(--(((Effectiveness!$H$5:$H$155>=2)+(Effectiveness!$J$5:$J$155>=2)+(Effectiveness!$O$5:$O$155>=2)+(Effectiveness!$Q$5:$Q$155>=2))>0)) -> 119 | K24: =J24/151 -> 0.78807947 | L24: =MIN(INDEX('Move Reality'!$F$5:$F$19,MATCH(B24,'Move Reality'!$A$5:$A$19,0)),INDEX('Move Reality'!$F$5:$F$19,MATCH(C24,'Move Reality'!$A$5:$A$19,0)),INDEX('Move Reality'!$F$5:$F$19,MATCH(D24,'Move Reality'!$A$5:$A$19,0)),INDEX('Move Reality'!$F$5:$F$19,MATCH(E24,'Move Reality'!$A$5:$A$19,0))) -> 6 | M24: =IF(L24>=5,"YES","no - dead move") -> YES
A25: 21 | B25: Grass | C25: Ice | D25: Psychic | E25: Rock | F25: =SUMPRODUCT(--((('Yellow Bosses'!$L$5:$L$53>=2)+('Yellow Bosses'!$M$5:$M$53>=2)+('Yellow Bosses'!$R$5:$R$53>=2)+('Yellow Bosses'!$T$5:$T$53>=2))>0)) -> 42 | G25: =F25/49 -> 0.85714286 | H25: =49-SUMPRODUCT(--((('Yellow Bosses'!$L$5:$L$53>=1)+('Yellow Bosses'!$M$5:$M$53>=1)+('Yellow Bosses'!$R$5:$R$53>=1)+('Yellow Bosses'!$T$5:$T$53>=1))>0)) -> 0 | I25: =SUMPRODUCT(--((('Yellow Bosses'!$L$5:$L$53>0)+('Yellow Bosses'!$M$5:$M$53>0)+('Yellow Bosses'!$R$5:$R$53>0)+('Yellow Bosses'!$T$5:$T$53>0))=0)) -> 0 | J25: =SUMPRODUCT(--(((Effectiveness!$I$5:$I$155>=2)+(Effectiveness!$J$5:$J$155>=2)+(Effectiveness!$O$5:$O$155>=2)+(Effectiveness!$Q$5:$Q$155>=2))>0)) -> 119 | K25: =J25/151 -> 0.78807947 | L25: =MIN(INDEX('Move Reality'!$F$5:$F$19,MATCH(B25,'Move Reality'!$A$5:$A$19,0)),INDEX('Move Reality'!$F$5:$F$19,MATCH(C25,'Move Reality'!$A$5:$A$19,0)),INDEX('Move Reality'!$F$5:$F$19,MATCH(D25,'Move Reality'!$A$5:$A$19,0)),INDEX('Move Reality'!$F$5:$F$19,MATCH(E25,'Move Reality'!$A$5:$A$19,0))) -> 4 | M25: =IF(L25>=5,"YES","no - dead move") -> no - dead move
A26: 22 | B26: Grass | C26: Ground | D26: Flying | E26: Bug | F26: =SUMPRODUCT(--((('Yellow Bosses'!$L$5:$L$53>=2)+('Yellow Bosses'!$P$5:$P$53>=2)+('Yellow Bosses'!$Q$5:$Q$53>=2)+('Yellow Bosses'!$S$5:$S$53>=2))>0)) -> 42 | G26: =F26/49 -> 0.85714286 | H26: =49-SUMPRODUCT(--((('Yellow Bosses'!$L$5:$L$53>=1)+('Yellow Bosses'!$P$5:$P$53>=1)+('Yellow Bosses'!$Q$5:$Q$53>=1)+('Yellow Bosses'!$S$5:$S$53>=1))>0)) -> 0 | I26: =SUMPRODUCT(--((('Yellow Bosses'!$L$5:$L$53>0)+('Yellow Bosses'!$P$5:$P$53>0)+('Yellow Bosses'!$Q$5:$Q$53>0)+('Yellow Bosses'!$S$5:$S$53>0))=0)) -> 0 | J26: =SUMPRODUCT(--(((Effectiveness!$I$5:$I$155>=2)+(Effectiveness!$M$5:$M$155>=2)+(Effectiveness!$N$5:$N$155>=2)+(Effectiveness!$P$5:$P$155>=2))>0)) -> 116 | K26: =J26/151 -> 0.76821192 | L26: =MIN(INDEX('Move Reality'!$F$5:$F$19,MATCH(B26,'Move Reality'!$A$5:$A$19,0)),INDEX('Move Reality'!$F$5:$F$19,MATCH(C26,'Move Reality'!$A$5:$A$19,0)),INDEX('Move Reality'!$F$5:$F$19,MATCH(D26,'Move Reality'!$A$5:$A$19,0)),INDEX('Move Reality'!$F$5:$F$19,MATCH(E26,'Move Reality'!$A$5:$A$19,0))) -> 1 | M26: =IF(L26>=5,"YES","no - dead move") -> no - dead move
A27: 23 | B27: Electric | C27: Ice | D27: Psychic | E27: Bug | F27: =SUMPRODUCT(--((('Yellow Bosses'!$K$5:$K$53>=2)+('Yellow Bosses'!$M$5:$M$53>=2)+('Yellow Bosses'!$R$5:$R$53>=2)+('Yellow Bosses'!$S$5:$S$53>=2))>0)) -> 42 | G27: =F27/49 -> 0.85714286 | H27: =49-SUMPRODUCT(--((('Yellow Bosses'!$K$5:$K$53>=1)+('Yellow Bosses'!$M$5:$M$53>=1)+('Yellow Bosses'!$R$5:$R$53>=1)+('Yellow Bosses'!$S$5:$S$53>=1))>0)) -> 0 | I27: =SUMPRODUCT(--((('Yellow Bosses'!$K$5:$K$53>0)+('Yellow Bosses'!$M$5:$M$53>0)+('Yellow Bosses'!$R$5:$R$53>0)+('Yellow Bosses'!$S$5:$S$53>0))=0)) -> 0 | J27: =SUMPRODUCT(--(((Effectiveness!$H$5:$H$155>=2)+(Effectiveness!$J$5:$J$155>=2)+(Effectiveness!$O$5:$O$155>=2)+(Effectiveness!$P$5:$P$155>=2))>0)) -> 114 | K27: =J27/151 -> 0.75496689 | L27: =MIN(INDEX('Move Reality'!$F$5:$F$19,MATCH(B27,'Move Reality'!$A$5:$A$19,0)),INDEX('Move Reality'!$F$5:$F$19,MATCH(C27,'Move Reality'!$A$5:$A$19,0)),INDEX('Move Reality'!$F$5:$F$19,MATCH(D27,'Move Reality'!$A$5:$A$19,0)),INDEX('Move Reality'!$F$5:$F$19,MATCH(E27,'Move Reality'!$A$5:$A$19,0))) -> 1 | M27: =IF(L27>=5,"YES","no - dead move") -> no - dead move
A28: 24 | B28: Ice | C28: Ground | D28: Flying | E28: Bug | F28: =SUMPRODUCT(--((('Yellow Bosses'!$M$5:$M$53>=2)+('Yellow Bosses'!$P$5:$P$53>=2)+('Yellow Bosses'!$Q$5:$Q$53>=2)+('Yellow Bosses'!$S$5:$S$53>=2))>0)) -> 42 | G28: =F28/49 -> 0.85714286 | H28: =49-SUMPRODUCT(--((('Yellow Bosses'!$M$5:$M$53>=1)+('Yellow Bosses'!$P$5:$P$53>=1)+('Yellow Bosses'!$Q$5:$Q$53>=1)+('Yellow Bosses'!$S$5:$S$53>=1))>0)) -> 0 | I28: =SUMPRODUCT(--((('Yellow Bosses'!$M$5:$M$53>0)+('Yellow Bosses'!$P$5:$P$53>0)+('Yellow Bosses'!$Q$5:$Q$53>0)+('Yellow Bosses'!$S$5:$S$53>0))=0)) -> 0 | J28: =SUMPRODUCT(--(((Effectiveness!$J$5:$J$155>=2)+(Effectiveness!$M$5:$M$155>=2)+(Effectiveness!$N$5:$N$155>=2)+(Effectiveness!$P$5:$P$155>=2))>0)) -> 112 | K28: =J28/151 -> 0.74172185 | L28: =MIN(INDEX('Move Reality'!$F$5:$F$19,MATCH(B28,'Move Reality'!$A$5:$A$19,0)),INDEX('Move Reality'!$F$5:$F$19,MATCH(C28,'Move Reality'!$A$5:$A$19,0)),INDEX('Move Reality'!$F$5:$F$19,MATCH(D28,'Move Reality'!$A$5:$A$19,0)),INDEX('Move Reality'!$F$5:$F$19,MATCH(E28,'Move Reality'!$A$5:$A$19,0))) -> 1 | M28: =IF(L28>=5,"YES","no - dead move") -> no - dead move
A29: 25 | B29: Ice | C29: Ground | D29: Psychic | E29: Bug | F29: =SUMPRODUCT(--((('Yellow Bosses'!$M$5:$M$53>=2)+('Yellow Bosses'!$P$5:$P$53>=2)+('Yellow Bosses'!$R$5:$R$53>=2)+('Yellow Bosses'!$S$5:$S$53>=2))>0)) -> 42 | G29: =F29/49 -> 0.85714286 | H29: =49-SUMPRODUCT(--((('Yellow Bosses'!$M$5:$M$53>=1)+('Yellow Bosses'!$P$5:$P$53>=1)+('Yellow Bosses'!$R$5:$R$53>=1)+('Yellow Bosses'!$S$5:$S$53>=1))>0)) -> 0 | I29: =SUMPRODUCT(--((('Yellow Bosses'!$M$5:$M$53>0)+('Yellow Bosses'!$P$5:$P$53>0)+('Yellow Bosses'!$R$5:$R$53>0)+('Yellow Bosses'!$S$5:$S$53>0))=0)) -> 0 | J29: =SUMPRODUCT(--(((Effectiveness!$J$5:$J$155>=2)+(Effectiveness!$M$5:$M$155>=2)+(Effectiveness!$O$5:$O$155>=2)+(Effectiveness!$P$5:$P$155>=2))>0)) -> 109 | K29: =J29/151 -> 0.7218543 | L29: =MIN(INDEX('Move Reality'!$F$5:$F$19,MATCH(B29,'Move Reality'!$A$5:$A$19,0)),INDEX('Move Reality'!$F$5:$F$19,MATCH(C29,'Move Reality'!$A$5:$A$19,0)),INDEX('Move Reality'!$F$5:$F$19,MATCH(D29,'Move Reality'!$A$5:$A$19,0)),INDEX('Move Reality'!$F$5:$F$19,MATCH(E29,'Move Reality'!$A$5:$A$19,0))) -> 1 | M29: =IF(L29>=5,"YES","no - dead move") -> no - dead move
A30: 26 | B30: Ground | C30: Flying | D30: Bug | E30: Rock | F30: =SUMPRODUCT(--((('Yellow Bosses'!$P$5:$P$53>=2)+('Yellow Bosses'!$Q$5:$Q$53>=2)+('Yellow Bosses'!$S$5:$S$53>=2)+('Yellow Bosses'!$T$5:$T$53>=2))>0)) -> 42 | G30: =F30/49 -> 0.85714286 | H30: =49-SUMPRODUCT(--((('Yellow Bosses'!$P$5:$P$53>=1)+('Yellow Bosses'!$Q$5:$Q$53>=1)+('Yellow Bosses'!$S$5:$S$53>=1)+('Yellow Bosses'!$T$5:$T$53>=1))>0)) -> 0 | I30: =SUMPRODUCT(--((('Yellow Bosses'!$P$5:$P$53>0)+('Yellow Bosses'!$Q$5:$Q$53>0)+('Yellow Bosses'!$S$5:$S$53>0)+('Yellow Bosses'!$T$5:$T$53>0))=0)) -> 0 | J30: =SUMPRODUCT(--(((Effectiveness!$M$5:$M$155>=2)+(Effectiveness!$N$5:$N$155>=2)+(Effectiveness!$P$5:$P$155>=2)+(Effectiveness!$Q$5:$Q$155>=2))>0)) -> 109 | K30: =J30/151 -> 0.7218543 | L30: =MIN(INDEX('Move Reality'!$F$5:$F$19,MATCH(B30,'Move Reality'!$A$5:$A$19,0)),INDEX('Move Reality'!$F$5:$F$19,MATCH(C30,'Move Reality'!$A$5:$A$19,0)),INDEX('Move Reality'!$F$5:$F$19,MATCH(D30,'Move Reality'!$A$5:$A$19,0)),INDEX('Move Reality'!$F$5:$F$19,MATCH(E30,'Move Reality'!$A$5:$A$19,0))) -> 1 | M30: =IF(L30>=5,"YES","no - dead move") -> no - dead move
A31: 27 | B31: Ground | C31: Psychic | D31: Bug | E31: Rock | F31: =SUMPRODUCT(--((('Yellow Bosses'!$P$5:$P$53>=2)+('Yellow Bosses'!$R$5:$R$53>=2)+('Yellow Bosses'!$S$5:$S$53>=2)+('Yellow Bosses'!$T$5:$T$53>=2))>0)) -> 42 | G31: =F31/49 -> 0.85714286 | H31: =49-SUMPRODUCT(--((('Yellow Bosses'!$P$5:$P$53>=1)+('Yellow Bosses'!$R$5:$R$53>=1)+('Yellow Bosses'!$S$5:$S$53>=1)+('Yellow Bosses'!$T$5:$T$53>=1))>0)) -> 0 | I31: =SUMPRODUCT(--((('Yellow Bosses'!$P$5:$P$53>0)+('Yellow Bosses'!$R$5:$R$53>0)+('Yellow Bosses'!$S$5:$S$53>0)+('Yellow Bosses'!$T$5:$T$53>0))=0)) -> 0 | J31: =SUMPRODUCT(--(((Effectiveness!$M$5:$M$155>=2)+(Effectiveness!$O$5:$O$155>=2)+(Effectiveness!$P$5:$P$155>=2)+(Effectiveness!$Q$5:$Q$155>=2))>0)) -> 109 | K31: =J31/151 -> 0.7218543 | L31: =MIN(INDEX('Move Reality'!$F$5:$F$19,MATCH(B31,'Move Reality'!$A$5:$A$19,0)),INDEX('Move Reality'!$F$5:$F$19,MATCH(C31,'Move Reality'!$A$5:$A$19,0)),INDEX('Move Reality'!$F$5:$F$19,MATCH(D31,'Move Reality'!$A$5:$A$19,0)),INDEX('Move Reality'!$F$5:$F$19,MATCH(E31,'Move Reality'!$A$5:$A$19,0))) -> 1 | M31: =IF(L31>=5,"YES","no - dead move") -> no - dead move
A32: 28 | B32: Water | C32: Grass | D32: Psychic | E32: Bug | F32: =SUMPRODUCT(--((('Yellow Bosses'!$J$5:$J$53>=2)+('Yellow Bosses'!$L$5:$L$53>=2)+('Yellow Bosses'!$R$5:$R$53>=2)+('Yellow Bosses'!$S$5:$S$53>=2))>0)) -> 42 | G32: =F32/49 -> 0.85714286 | H32: =49-SUMPRODUCT(--((('Yellow Bosses'!$J$5:$J$53>=1)+('Yellow Bosses'!$L$5:$L$53>=1)+('Yellow Bosses'!$R$5:$R$53>=1)+('Yellow Bosses'!$S$5:$S$53>=1))>0)) -> 0 | I32: =SUMPRODUCT(--((('Yellow Bosses'!$J$5:$J$53>0)+('Yellow Bosses'!$L$5:$L$53>0)+('Yellow Bosses'!$R$5:$R$53>0)+('Yellow Bosses'!$S$5:$S$53>0))=0)) -> 0 | J32: =SUMPRODUCT(--(((Effectiveness!$G$5:$G$155>=2)+(Effectiveness!$I$5:$I$155>=2)+(Effectiveness!$O$5:$O$155>=2)+(Effectiveness!$P$5:$P$155>=2))>0)) -> 108 | K32: =J32/151 -> 0.71523179 | L32: =MIN(INDEX('Move Reality'!$F$5:$F$19,MATCH(B32,'Move Reality'!$A$5:$A$19,0)),INDEX('Move Reality'!$F$5:$F$19,MATCH(C32,'Move Reality'!$A$5:$A$19,0)),INDEX('Move Reality'!$F$5:$F$19,MATCH(D32,'Move Reality'!$A$5:$A$19,0)),INDEX('Move Reality'!$F$5:$F$19,MATCH(E32,'Move Reality'!$A$5:$A$19,0))) -> 1 | M32: =IF(L32>=5,"YES","no - dead move") -> no - dead move
A33: 29 | B33: Grass | C33: Ground | D33: Bug | E33: Dragon | F33: =SUMPRODUCT(--((('Yellow Bosses'!$L$5:$L$53>=2)+('Yellow Bosses'!$P$5:$P$53>=2)+('Yellow Bosses'!$S$5:$S$53>=2)+('Yellow Bosses'!$V$5:$V$53>=2))>0)) -> 42 | G33: =F33/49 -> 0.85714286 | H33: =49-SUMPRODUCT(--((('Yellow Bosses'!$L$5:$L$53>=1)+('Yellow Bosses'!$P$5:$P$53>=1)+('Yellow Bosses'!$S$5:$S$53>=1)+('Yellow Bosses'!$V$5:$V$53>=1))>0)) -> 0 | I33: =SUMPRODUCT(--((('Yellow Bosses'!$L$5:$L$53>0)+('Yellow Bosses'!$P$5:$P$53>0)+('Yellow Bosses'!$S$5:$S$53>0)+('Yellow Bosses'!$V$5:$V$53>0))=0)) -> 0 | J33: =SUMPRODUCT(--(((Effectiveness!$I$5:$I$155>=2)+(Effectiveness!$M$5:$M$155>=2)+(Effectiveness!$P$5:$P$155>=2)+(Effectiveness!$S$5:$S$155>=2))>0)) -> 107 | K33: =J33/151 -> 0.70860927 | L33: =MIN(INDEX('Move Reality'!$F$5:$F$19,MATCH(B33,'Move Reality'!$A$5:$A$19,0)),INDEX('Move Reality'!$F$5:$F$19,MATCH(C33,'Move Reality'!$A$5:$A$19,0)),INDEX('Move Reality'!$F$5:$F$19,MATCH(D33,'Move Reality'!$A$5:$A$19,0)),INDEX('Move Reality'!$F$5:$F$19,MATCH(E33,'Move Reality'!$A$5:$A$19,0))) -> 1 | M33: =IF(L33>=5,"YES","no - dead move") -> no - dead move
A34: 30 | B34: Water | C34: Psychic | D34: Bug | E34: Rock | F34: =SUMPRODUCT(--((('Yellow Bosses'!$J$5:$J$53>=2)+('Yellow Bosses'!$R$5:$R$53>=2)+('Yellow Bosses'!$S$5:$S$53>=2)+('Yellow Bosses'!$T$5:$T$53>=2))>0)) -> 42 | G34: =F34/49 -> 0.85714286 | H34: =49-SUMPRODUCT(--((('Yellow Bosses'!$J$5:$J$53>=1)+('Yellow Bosses'!$R$5:$R$53>=1)+('Yellow Bosses'!$S$5:$S$53>=1)+('Yellow Bosses'!$T$5:$T$53>=1))>0)) -> 0 | I34: =SUMPRODUCT(--((('Yellow Bosses'!$J$5:$J$53>0)+('Yellow Bosses'!$R$5:$R$53>0)+('Yellow Bosses'!$S$5:$S$53>0)+('Yellow Bosses'!$T$5:$T$53>0))=0)) -> 0 | J34: =SUMPRODUCT(--(((Effectiveness!$G$5:$G$155>=2)+(Effectiveness!$O$5:$O$155>=2)+(Effectiveness!$P$5:$P$155>=2)+(Effectiveness!$Q$5:$Q$155>=2))>0)) -> 103 | K34: =J34/151 -> 0.68211921 | L34: =MIN(INDEX('Move Reality'!$F$5:$F$19,MATCH(B34,'Move Reality'!$A$5:$A$19,0)),INDEX('Move Reality'!$F$5:$F$19,MATCH(C34,'Move Reality'!$A$5:$A$19,0)),INDEX('Move Reality'!$F$5:$F$19,MATCH(D34,'Move Reality'!$A$5:$A$19,0)),INDEX('Move Reality'!$F$5:$F$19,MATCH(E34,'Move Reality'!$A$5:$A$19,0))) -> 1 | M34: =IF(L34>=5,"YES","no - dead move") -> no - dead move
