Workbook

Sheet README
A1: POKEMON YELLOW LEGACY — Team Model
A2: Rebuilt from scratch against the Legacy source. Everything in the two earlier workbooks was VANILLA Yellow and does not apply to this game.
A4: SOURCE
A5: Data | B5: github.com/cRz-Shadows/Pokemon_Yellow_Legacy — the hack's own disassembly. Type chart, base stats, learnsets, TM/HM compatibility, move power, TM shop inventories and every boss roster are parsed from it directly.
A6: Version note | B6: Balance shifted between Legacy releases. If your ROM is an old pre-patched build, some numbers here may be off. Check your version against the repo.
A8: WHY THE OLD WORKBOOKS ARE VOID
A9: Type chart | B9: Legacy CHANGED it. Ghost is now SPECIAL and hits Psychic for 2x (the vanilla bug is fixed). Bug is no longer super-effective vs Poison.
A10: Trade evolutions | B10: GONE. Kadabra->Alakazam L42, Haunter->Gengar L42, Graveler->Golem L38, Machoke->Machamp L38. No link cable needed.
A11: TM scarcity | B11: Mostly GONE. The Indigo Plateau lobby sells Blizzard, Thunderbolt, Earthquake, Body Slam, Psychic, Ice Beam, Rock Slide, Fire Blast and more. Scarcity is a MID-GAME constraint only.
A12: Move relearner | B12: Legacy adds one. Missed level-up moves are recoverable.
A13: Stats & moves | B13: Rebalanced. Pikachu +65 BST. Onix hugely buffed. Night Shade is now a real 60 BP Special Ghost attack. Solarbeam is 180 BP. Cut is a 55 BP BUG move.
A14: Boss rosters | B14: Completely different and harder. 8 gyms + Elite Four + Champion = 55 Pokemon, all re-parsed.
A16: METHOD
A17: Damage sim | B17: Gen 1 formula, Legacy's numbers: ((((2*L/5+2) * Power * A/D)/50)+2) * STAB * TypeEffectiveness. Category is set by TYPE (no phys/spec split in Legacy either) -- but note GHOST moved into the Special group.
A18: Level-matched | B18: Your Pokemon fights each trainer at that trainer's ace level. No free wins from overlevelling.
A19: 2HKO bar | B19: 'Covers' a boss = can 2HKO it. 'Fragility' = how many of the 55 bosses can 2HKO YOU back.
A20: Assumptions | B20: DV 8, no stat-XP. Damage roll averaged at 92.5%, multiplied by accuracy. Charge moves x0.55, Hyper Beam x0.62, recoil x0.9. Selfdestruct/Explosion/OHKO moves excluded.
A21: Champion | B21: Blue has 3 Eevee-branch variants. The Vaporeon branch is modelled (Machamp/Pidgeot/Ninetales/Victreebel/Alakazam/Vaporeon). The other two swap a few slots; conclusions do not change.
A22: Not modelled | B22: Status moves, turn order, crits, Hard Mode level caps. Speed enters only via Fragility.
A24: SHEETS
A25: Legacy vs Vanilla | B25: Exactly what the hack changed.
A26: Type Chart | B26: Legacy's own matrix.
A27: Boss Gauntlet | B27: All 55, with every type's multiplier.
A28: Solo Carries | B28: Every Pokemon, its best legal 4 moves, coverage and fragility.
A29: TM Economy | B29: Buyable vs one-off, and WHEN each becomes unlimited. Read before spending a TM.
A30: Learnset Matrix | B30: 151 x 15 -- who can attack with what.
A31: Dual-Type Defense | B31: Recomputed on the NEW chart.
A32: Your Roster | B32: Your 11 Pokemon, scored.
A33: Recommended Team | B33: The answer.

Sheet Legacy vs Vanilla
A1: What Yellow Legacy Actually Changed
A2: Every row verified by diffing the two disassemblies.
A4: Area | B4: Vanilla Yellow | C4: Yellow Legacy | D4: Why it matters
A5: Ghost -> Psychic | B5: 0x (shipped bug) | C5: 2x -- FIXED | D5: Psychic finally has a working counter. Gengar becomes a genuine threat.
A6: Ghost category | B6: Physical (ran off Attack) | C6: SPECIAL | D6: Ghost mons have huge Special and terrible Attack. This alone makes Ghost usable.
A7: Night Shade | B7: Fixed damage = user's level | C7: 60 BP Special Ghost attack | D7: Ghost now has a real attacking move. In vanilla it had none.
A8: Bug -> Poison | B8: 2x | C8: 1x -- removed | D8: Bug loses its hidden edge. Beedrill/Venomoth get worse.
A9: Trade evolutions | B9: Required a link cable | C9: Level-up: Alakazam/Gengar L42, Golem/Machamp L38 | D9: You can get all four solo. No emulator trading needed.
A10: TM shop | B10: Celadon only, junk TMs | C10: Indigo Plateau sells Blizzard, Thunderbolt, Earthquake, Body Slam, Psychic, Ice Beam, Rock Slide, Fire Blast... | D10: TM scarcity basically disappears by endgame. Everyone can run the good moves.
A11: Move relearner | B11: Does not exist | C11: Added | D11: Missed level-up moves are recoverable. Evolution timing is far more forgiving.
A12: Pikachu | B12: 35/55/30/90/50 | C12: 60/55/50/90/70 (+65 BST), gains Thunderpunch L20, Headbutt L24 | D12: Pikachu is genuinely usable now, not a passenger.
A13: Onix | B13: 35/45/160/70/30 | C13: 75/80/160/85/65 | D13: From a joke to a real wall.
A14: Solarbeam | B14: 120 BP | C14: 180 BP | D14: Grass stops being a dead type.
A15: Cut | B15: 50 BP Normal | C15: 55 BP BUG | D15: The HM is no longer a totally dead slot.
... A17: Boss teams | B17: Vanilla rosters | C17: Rebuilt, higher levels, anti-sweep movesets | D17: The old 49-boss gauntlet is meaningless here. 55 bosses now.

Sheet Type Chart
A1: Yellow Legacy Type Chart
A2: Rows = attacker. RED = changed from vanilla Gen 1.
A4: ATK \ DEF | B4: Normal | C4: Fire | D4: Water | E4: Electric | F4: Grass | G4: Ice | H4: Fighting | I4: Poison | J4: Ground | K4: Flying | L4: Psychic | M4: Bug | N4: Rock | O4: Ghost | P4: Dragon
A5: Normal | B5: 1 | C5: 1 | D5: 1 | E5: 1 | F5: 1 | G5: 1 | H5: 1 | I5: 1 | J5: 1 | K5: 1 | L5: 1 | M5: 1 | N5: 0.5 | O5: 0 | P5: 1
A6: Fire | B6: 1 | C6: 0.5 | D6: 0.5 | E6: 1 | F6: 2 | G6: 2 | H6: 1 | I6: 1 | J6: 1 | K6: 1 | L6: 1 | M6: 2 | N6: 0.5 | O6: 1 | P6: 0.5
A7: Water | B7: 1 | C7: 2 | D7: 0.5 | E7: 1 | F7: 0.5 | G7: 1 | H7: 1 | I7: 1 | J7: 2 | K7: 1 | L7: 1 | M7: 1 | N7: 2 | O7: 1 | P7: 0.5
A8: Electric | B8: 1 | C8: 1 | D8: 2 | E8: 0.5 | F8: 0.5 | G8: 1 | H8: 1 | I8: 1 | J8: 0 | K8: 2 | L8: 1 | M8: 1 | N8: 1 | O8: 1 | P8: 0.5
A9: Grass | B9: 1 | C9: 0.5 | D9: 2 | E9: 1 | F9: 0.5 | G9: 1 | H9: 1 | I9: 0.5 | J9: 2 | K9: 0.5 | L9: 1 | M9: 0.5 | N9: 2 | O9: 1 | P9: 0.5
A10: Ice | B10: 1 | C10: 1 | D10: 0.5 | E10: 1 | F10: 2 | G10: 0.5 | H10: 1 | I10: 1 | J10: 2 | K10: 2 | L10: 1 | M10: 1 | N10: 1 | O10: 1 | P10: 2
A11: Fighting | B11: 2 | C11: 1 | D11: 1 | E11: 1 | F11: 1 | G11: 2 | H11: 1 | I11: 0.5 | J11: 1 | K11: 0.5 | L11: 0.5 | M11: 0.5 | N11: 2 | O11: 0 | P11: 1
A12: Poison | B12: 1 | C12: 1 | D12: 1 | E12: 1 | F12: 2 | G12: 1 | H12: 1 | I12: 0.5 | J12: 0.5 | K12: 1 | L12: 1 | M12: 2 | N12: 0.5 | O12: 0.5 | P12: 1
A13: Ground | B13: 1 | C13: 2 | D13: 1 | E13: 2 | F13: 0.5 | G13: 1 | H13: 1 | I13: 2 | J13: 1 | K13: 0 | L13: 1 | M13: 0.5 | N13: 2 | O13: 1 | P13: 1
A14: Flying | B14: 1 | C14: 1 | D14: 1 | E14: 0.5 | F14: 2 | G14: 1 | H14: 2 | I14: 1 | J14: 1 | K14: 1 | L14: 1 | M14: 2 | N14: 0.5 | O14: 1 | P14: 1
A15: Psychic | B15: 1 | C15: 1 | D15: 1 | E15: 1 | F15: 1 | G15: 1 | H15: 2 | I15: 2 | J15: 1 | K15: 1 | L15: 0.5 | M15: 1 | N15: 1 | O15: 1 | P15: 1
A16: Bug | B16: 1 | C16: 0.5 | D16: 1 | E16: 1 | F16: 2 | G16: 1 | H16: 0.5 | I16: 1 | J16: 1 | K16: 0.5 | L16: 2 | M16: 1 | N16: 1 | O16: 0.5 | P16: 1
... A19: Dragon | B19: 1 | C19: 1 | D19: 1 | E19: 1 | F19: 1 | G19: 1 | H19: 1 | I19: 1 | J19: 1 | K19: 1 | L19: 1 | M19: 1 | N19: 1 | O19: 1 | P19: 2
A21: Only two cells differ from vanilla Gen 1: Ghost->Psychic (0x -> 2x) and Bug->Poison (2x -> 1x). Both are marked red.

Sheet Boss Gauntlet
A1: The Legacy Gauntlet — 55 Boss Pokemon
A2: Parsed from Legacy's own trainer party data. Multipliers are live formulas.
A4: Trainer | B4: Stage | C4: Pokemon | D4: Lv | E4: Type 1 | F4: Type 2 | G4: Normal | H4: Fire | I4: Water | J4: Electric | K4: Grass | L4: Ice | M4: Fighting | N4: Poison | O4: Ground | P4: Flying | Q4: Psychic | R4: Bug | S4: Rock | T4: Ghost | U4: Dragon
A5: Brock | B5: Gym 1 | C5: Geodude | D5: 10 | E5: Rock | F5: Ground | G5: =INDEX('Type Chart'!$B$5:$P$19,MATCH(G$4,'Type Chart'!$A$5:$A$19,0),MATCH($E5,'Type Chart'!$B$4:$P$4,0))*IF($F5="",1,INDEX('Type Chart'!$B$5:$P$19,MATCH(G$4,'Type Chart'!$A$5:$A$19,0),MATCH($F5,'Type Chart'!$B$4:$P$4,0))) -> 0.5 | H5: =INDEX('Type Chart'!$B$5:$P$19,MATCH(H$4,'Type Chart'!$A$5:$A$19,0),MATCH($E5,'Type Chart'!$B$4:$P$4,0))*IF($F5="",1,INDEX('Type Chart'!$B$5:$P$19,MATCH(H$4,'Type Chart'!$A$5:$A$19,0),MATCH($F5,'Type Chart'!$B$4:$P$4,0))) -> 0.5 | I5: =INDEX('Type Chart'!$B$5:$P$19,MATCH(I$4,'Type Chart'!$A$5:$A$19,0),MATCH($E5,'Type Chart'!$B$4:$P$4,0))*IF($F5="",1,INDEX('Type Chart'!$B$5:$P$19,MATCH(I$4,'Type Chart'!$A$5:$A$19,0),MATCH($F5,'Type Chart'!$B$4:$P$4,0))) -> 4 | J5: =INDEX('Type Chart'!$B$5:$P$19,MATCH(J$4,'Type Chart'!$A$5:$A$19,0),MATCH($E5,'Type Chart'!$B$4:$P$4,0))*IF($F5="",1,INDEX('Type Chart'!$B$5:$P$19,MATCH(J$4,'Type Chart'!$A$5:$A$19,0),MATCH($F5,'Type Chart'!$B$4:$P$4,0))) -> 0 | K5: =INDEX('Type Chart'!$B$5:$P$19,MATCH(K$4,'Type Chart'!$A$5:$A$19,0),MATCH($E5,'Type Chart'!$B$4:$P$4,0))*IF($F5="",1,INDEX('Type Chart'!$B$5:$P$19,MATCH(K$4,'Type Chart'!$A$5:$A$19,0),MATCH($F5,'Type Chart'!$B$4:$P$4,0))) -> 4 | L5: =INDEX('Type Chart'!$B$5:$P$19,MATCH(L$4,'Type Chart'!$A$5:$A$19,0),MATCH($E5,'Type Chart'!$B$4:$P$4,0))*IF($F5="",1,INDEX('Type Chart'!$B$5:$P$19,MATCH(L$4,'Type Chart'!$A$5:$A$19,0),MATCH($F5,'Type Chart'!$B$4:$P$4,0))) -> 2 | M5: =INDEX('Type Chart'!$B$5:$P$19,MATCH(M$4,'Type Chart'!$A$5:$A$19,0),MATCH($E5,'Type Chart'!$B$4:$P$4,0))*IF($F5="",1,INDEX('Type Chart'!$B$5:$P$19,MATCH(M$4,'Type Chart'!$A$5:$A$19,0),MATCH($F5,'Type Chart'!$B$4:$P$4,0))) -> 2 | N5: =INDEX('Type Chart'!$B$5:$P$19,MATCH(N$4,'Type Chart'!$A$5:$A$19,0),MATCH($E5,'Type Chart'!$B$4:$P$4,0))*IF($F5="",1,INDEX('Type Chart'!$B$5:$P$19,MATCH(N$4,'Type Chart'!$A$5:$A$19,0),MATCH($F5,'Type Chart'!$B$4:$P$4,0))) -> 0.25 | ... U5: =INDEX('Type Chart'!$B$5:$P$19,MATCH(U$4,'Type Chart'!$A$5:$A$19,0),MATCH($E5,'Type Chart'!$B$4:$P$4,0))*IF($F5="",1,INDEX('Type Chart'!$B$5:$P$19,MATCH(U$4,'Type Chart'!$A$5:$A$19,0),MATCH($F5,'Type Chart'!$B$4:$P$4,0))) -> 1
A6: Brock | B6: Gym 1 | C6: Onix | D6: 12 | E6: Rock | F6: Ground | G6: =INDEX('Type Chart'!$B$5:$P$19,MATCH(G$4,'Type Chart'!$A$5:$A$19,0),MATCH($E6,'Type Chart'!$B$4:$P$4,0))*IF($F6="",1,INDEX('Type Chart'!$B$5:$P$19,MATCH(G$4,'Type Chart'!$A$5:$A$19,0),MATCH($F6,'Type Chart'!$B$4:$P$4,0))) -> 0.5 | H6: =INDEX('Type Chart'!$B$5:$P$19,MATCH(H$4,'Type Chart'!$A$5:$A$19,0),MATCH($E6,'Type Chart'!$B$4:$P$4,0))*IF($F6="",1,INDEX('Type Chart'!$B$5:$P$19,MATCH(H$4,'Type Chart'!$A$5:$A$19,0),MATCH($F6,'Type Chart'!$B$4:$P$4,0))) -> 0.5 | I6: =INDEX('Type Chart'!$B$5:$P$19,MATCH(I$4,'Type Chart'!$A$5:$A$19,0),MATCH($E6,'Type Chart'!$B$4:$P$4,0))*IF($F6="",1,INDEX('Type Chart'!$B$5:$P$19,MATCH(I$4,'Type Chart'!$A$5:$A$19,0),MATCH($F6,'Type Chart'!$B$4:$P$4,0))) -> 4 | J6: =INDEX('Type Chart'!$B$5:$P$19,MATCH(J$4,'Type Chart'!$A$5:$A$19,0),MATCH($E6,'Type Chart'!$B$4:$P$4,0))*IF($F6="",1,INDEX('Type Chart'!$B$5:$P$19,MATCH(J$4,'Type Chart'!$A$5:$A$19,0),MATCH($F6,'Type Chart'!$B$4:$P$4,0))) -> 0 | K6: =INDEX('Type Chart'!$B$5:$P$19,MATCH(K$4,'Type Chart'!$A$5:$A$19,0),MATCH($E6,'Type Chart'!$B$4:$P$4,0))*IF($F6="",1,INDEX('Type Chart'!$B$5:$P$19,MATCH(K$4,'Type Chart'!$A$5:$A$19,0),MATCH($F6,'Type Chart'!$B$4:$P$4,0))) -> 4 | L6: =INDEX('Type Chart'!$B$5:$P$19,MATCH(L$4,'Type Chart'!$A$5:$A$19,0),MATCH($E6,'Type Chart'!$B$4:$P$4,0))*IF($F6="",1,INDEX('Type Chart'!$B$5:$P$19,MATCH(L$4,'Type Chart'!$A$5:$A$19,0),MATCH($F6,'Type Chart'!$B$4:$P$4,0))) -> 2 | M6: =INDEX('Type Chart'!$B$5:$P$19,MATCH(M$4,'Type Chart'!$A$5:$A$19,0),MATCH($E6,'Type Chart'!$B$4:$P$4,0))*IF($F6="",1,INDEX('Type Chart'!$B$5:$P$19,MATCH(M$4,'Type Chart'!$A$5:$A$19,0),MATCH($F6,'Type Chart'!$B$4:$P$4,0))) -> 2 | N6: =INDEX('Type Chart'!$B$5:$P$19,MATCH(N$4,'Type Chart'!$A$5:$A$19,0),MATCH($E6,'Type Chart'!$B$4:$P$4,0))*IF($F6="",1,INDEX('Type Chart'!$B$5:$P$19,MATCH(N$4,'Type Chart'!$A$5:$A$19,0),MATCH($F6,'Type Chart'!$B$4:$P$4,0))) -> 0.25 | ... U6: =INDEX('Type Chart'!$B$5:$P$19,MATCH(U$4,'Type Chart'!$A$5:$A$19,0),MATCH($E6,'Type Chart'!$B$4:$P$4,0))*IF($F6="",1,INDEX('Type Chart'!$B$5:$P$19,MATCH(U$4,'Type Chart'!$A$5:$A$19,0),MATCH($F6,'Type Chart'!$B$4:$P$4,0))) -> 1
A7: Misty | B7: Gym 2 | C7: Psyduck | D7: 19 | E7: Water | G7: =INDEX('Type Chart'!$B$5:$P$19,MATCH(G$4,'Type Chart'!$A$5:$A$19,0),MATCH($E7,'Type Chart'!$B$4:$P$4,0))*IF($F7="",1,INDEX('Type Chart'!$B$5:$P$19,MATCH(G$4,'Type Chart'!$A$5:$A$19,0),MATCH($F7,'Type Chart'!$B$4:$P$4,0))) -> 1 | H7: =INDEX('Type Chart'!$B$5:$P$19,MATCH(H$4,'Type Chart'!$A$5:$A$19,0),MATCH($E7,'Type Chart'!$B$4:$P$4,0))*IF($F7="",1,INDEX('Type Chart'!$B$5:$P$19,MATCH(H$4,'Type Chart'!$A$5:$A$19,0),MATCH($F7,'Type Chart'!$B$4:$P$4,0))) -> 0.5 | I7: =INDEX('Type Chart'!$B$5:$P$19,MATCH(I$4,'Type Chart'!$A$5:$A$19,0),MATCH($E7,'Type Chart'!$B$4:$P$4,0))*IF($F7="",1,INDEX('Type Chart'!$B$5:$P$19,MATCH(I$4,'Type Chart'!$A$5:$A$19,0),MATCH($F7,'Type Chart'!$B$4:$P$4,0))) -> 0.5 | J7: =INDEX('Type Chart'!$B$5:$P$19,MATCH(J$4,'Type Chart'!$A$5:$A$19,0),MATCH($E7,'Type Chart'!$B$4:$P$4,0))*IF($F7="",1,INDEX('Type Chart'!$B$5:$P$19,MATCH(J$4,'Type Chart'!$A$5:$A$19,0),MATCH($F7,'Type Chart'!$B$4:$P$4,0))) -> 2 | K7: =INDEX('Type Chart'!$B$5:$P$19,MATCH(K$4,'Type Chart'!$A$5:$A$19,0),MATCH($E7,'Type Chart'!$B$4:$P$4,0))*IF($F7="",1,INDEX('Type Chart'!$B$5:$P$19,MATCH(K$4,'Type Chart'!$A$5:$A$19,0),MATCH($F7,'Type Chart'!$B$4:$P$4,0))) -> 2 | L7: =INDEX('Type Chart'!$B$5:$P$19,MATCH(L$4,'Type Chart'!$A$5:$A$19,0),MATCH($E7,'Type Chart'!$B$4:$P$4,0))*IF($F7="",1,INDEX('Type Chart'!$B$5:$P$19,MATCH(L$4,'Type Chart'!$A$5:$A$19,0),MATCH($F7,'Type Chart'!$B$4:$P$4,0))) -> 0.5 | M7: =INDEX('Type Chart'!$B$5:$P$19,MATCH(M$4,'Type Chart'!$A$5:$A$19,0),MATCH($E7,'Type Chart'!$B$4:$P$4,0))*IF($F7="",1,INDEX('Type Chart'!$B$5:$P$19,MATCH(M$4,'Type Chart'!$A$5:$A$19,0),MATCH($F7,'Type Chart'!$B$4:$P$4,0))) -> 1 | N7: =INDEX('Type Chart'!$B$5:$P$19,MATCH(N$4,'Type Chart'!$A$5:$A$19,0),MATCH($E7,'Type Chart'!$B$4:$P$4,0))*IF($F7="",1,INDEX('Type Chart'!$B$5:$P$19,MATCH(N$4,'Type Chart'!$A$5:$A$19,0),MATCH($F7,'Type Chart'!$B$4:$P$4,0))) -> 1 | ... U7: =INDEX('Type Chart'!$B$5:$P$19,MATCH(U$4,'Type Chart'!$A$5:$A$19,0),MATCH($E7,'Type Chart'!$B$4:$P$4,0))*IF($F7="",1,INDEX('Type Chart'!$B$5:$P$19,MATCH(U$4,'Type Chart'!$A$5:$A$19,0),MATCH($F7,'Type Chart'!$B$4:$P$4,0))) -> 1
A8: Misty | B8: Gym 2 | C8: Goldeen | D8: 18 | E8: Water | G8: =INDEX('Type Chart'!$B$5:$P$19,MATCH(G$4,'Type Chart'!$A$5:$A$19,0),MATCH($E8,'Type Chart'!$B$4:$P$4,0))*IF($F8="",1,INDEX('Type Chart'!$B$5:$P$19,MATCH(G$4,'Type Chart'!$A$5:$A$19,0),MATCH($F8,'Type Chart'!$B$4:$P$4,0))) -> 1 | H8: =INDEX('Type Chart'!$B$5:$P$19,MATCH(H$4,'Type Chart'!$A$5:$A$19,0),MATCH($E8,'Type Chart'!$B$4:$P$4,0))*IF($F8="",1,INDEX('Type Chart'!$B$5:$P$19,MATCH(H$4,'Type Chart'!$A$5:$A$19,0),MATCH($F8,'Type Chart'!$B$4:$P$4,0))) -> 0.5 | I8: =INDEX('Type Chart'!$B$5:$P$19,MATCH(I$4,'Type Chart'!$A$5:$A$19,0),MATCH($E8,'Type Chart'!$B$4:$P$4,0))*IF($F8="",1,INDEX('Type Chart'!$B$5:$P$19,MATCH(I$4,'Type Chart'!$A$5:$A$19,0),MATCH($F8,'Type Chart'!$B$4:$P$4,0))) -> 0.5 | J8: =INDEX('Type Chart'!$B$5:$P$19,MATCH(J$4,'Type Chart'!$A$5:$A$19,0),MATCH($E8,'Type Chart'!$B$4:$P$4,0))*IF($F8="",1,INDEX('Type Chart'!$B$5:$P$19,MATCH(J$4,'Type Chart'!$A$5:$A$19,0),MATCH($F8,'Type Chart'!$B$4:$P$4,0))) -> 2 | K8: =INDEX('Type Chart'!$B$5:$P$19,MATCH(K$4,'Type Chart'!$A$5:$A$19,0),MATCH($E8,'Type Chart'!$B$4:$P$4,0))*IF($F8="",1,INDEX('Type Chart'!$B$5:$P$19,MATCH(K$4,'Type Chart'!$A$5:$A$19,0),MATCH($F8,'Type Chart'!$B$4:$P$4,0))) -> 2 | L8: =INDEX('Type Chart'!$B$5:$P$19,MATCH(L$4,'Type Chart'!$A$5:$A$19,0),MATCH($E8,'Type Chart'!$B$4:$P$4,0))*IF($F8="",1,INDEX('Type Chart'!$B$5:$P$19,MATCH(L$4,'Type Chart'!$A$5:$A$19,0),MATCH($F8,'Type Chart'!$B$4:$P$4,0))) -> 0.5 | M8: =INDEX('Type Chart'!$B$5:$P$19,MATCH(M$4,'Type Chart'!$A$5:$A$19,0),MATCH($E8,'Type Chart'!$B$4:$P$4,0))*IF($F8="",1,INDEX('Type Chart'!$B$5:$P$19,MATCH(M$4,'Type Chart'!$A$5:$A$19,0),MATCH($F8,'Type Chart'!$B$4:$P$4,0))) -> 1 | N8: =INDEX('Type Chart'!$B$5:$P$19,MATCH(N$4,'Type Chart'!$A$5:$A$19,0),MATCH($E8,'Type Chart'!$B$4:$P$4,0))*IF($F8="",1,INDEX('Type Chart'!$B$5:$P$19,MATCH(N$4,'Type Chart'!$A$5:$A$19,0),MATCH($F8,'Type Chart'!$B$4:$P$4,0))) -> 1 | ... U8: =INDEX('Type Chart'!$B$5:$P$19,MATCH(U$4,'Type Chart'!$A$5:$A$19,0),MATCH($E8,'Type Chart'!$B$4:$P$4,0))*IF($F8="",1,INDEX('Type Chart'!$B$5:$P$19,MATCH(U$4,'Type Chart'!$A$5:$A$19,0),MATCH($F8,'Type Chart'!$B$4:$P$4,0))) -> 1
A9: Misty | B9: Gym 2 | C9: Starmie | D9: 21 | E9: Water | F9: Psychic | G9: =INDEX('Type Chart'!$B$5:$P$19,MATCH(G$4,'Type Chart'!$A$5:$A$19,0),MATCH($E9,'Type Chart'!$B$4:$P$4,0))*IF($F9="",1,INDEX('Type Chart'!$B$5:$P$19,MATCH(G$4,'Type Chart'!$A$5:$A$19,0),MATCH($F9,'Type Chart'!$B$4:$P$4,0))) -> 1 | H9: =INDEX('Type Chart'!$B$5:$P$19,MATCH(H$4,'Type Chart'!$A$5:$A$19,0),MATCH($E9,'Type Chart'!$B$4:$P$4,0))*IF($F9="",1,INDEX('Type Chart'!$B$5:$P$19,MATCH(H$4,'Type Chart'!$A$5:$A$19,0),MATCH($F9,'Type Chart'!$B$4:$P$4,0))) -> 0.5 | I9: =INDEX('Type Chart'!$B$5:$P$19,MATCH(I$4,'Type Chart'!$A$5:$A$19,0),MATCH($E9,'Type Chart'!$B$4:$P$4,0))*IF($F9="",1,INDEX('Type Chart'!$B$5:$P$19,MATCH(I$4,'Type Chart'!$A$5:$A$19,0),MATCH($F9,'Type Chart'!$B$4:$P$4,0))) -> 0.5 | J9: =INDEX('Type Chart'!$B$5:$P$19,MATCH(J$4,'Type Chart'!$A$5:$A$19,0),MATCH($E9,'Type Chart'!$B$4:$P$4,0))*IF($F9="",1,INDEX('Type Chart'!$B$5:$P$19,MATCH(J$4,'Type Chart'!$A$5:$A$19,0),MATCH($F9,'Type Chart'!$B$4:$P$4,0))) -> 2 | K9: =INDEX('Type Chart'!$B$5:$P$19,MATCH(K$4,'Type Chart'!$A$5:$A$19,0),MATCH($E9,'Type Chart'!$B$4:$P$4,0))*IF($F9="",1,INDEX('Type Chart'!$B$5:$P$19,MATCH(K$4,'Type Chart'!$A$5:$A$19,0),MATCH($F9,'Type Chart'!$B$4:$P$4,0))) -> 2 | L9: =INDEX('Type Chart'!$B$5:$P$19,MATCH(L$4,'Type Chart'!$A$5:$A$19,0),MATCH($E9,'Type Chart'!$B$4:$P$4,0))*IF($F9="",1,INDEX('Type Chart'!$B$5:$P$19,MATCH(L$4,'Type Chart'!$A$5:$A$19,0),MATCH($F9,'Type Chart'!$B$4:$P$4,0))) -> 0.5 | M9: =INDEX('Type Chart'!$B$5:$P$19,MATCH(M$4,'Type Chart'!$A$5:$A$19,0),MATCH($E9,'Type Chart'!$B$4:$P$4,0))*IF($F9="",1,INDEX('Type Chart'!$B$5:$P$19,MATCH(M$4,'Type Chart'!$A$5:$A$19,0),MATCH($F9,'Type Chart'!$B$4:$P$4,0))) -> 0.5 | N9: =INDEX('Type Chart'!$B$5:$P$19,MATCH(N$4,'Type Chart'!$A$5:$A$19,0),MATCH($E9,'Type Chart'!$B$4:$P$4,0))*IF($F9="",1,INDEX('Type Chart'!$B$5:$P$19,MATCH(N$4,'Type Chart'!$A$5:$A$19,0),MATCH($F9,'Type Chart'!$B$4:$P$4,0))) -> 1 | ... U9: =INDEX('Type Chart'!$B$5:$P$19,MATCH(U$4,'Type Chart'!$A$5:$A$19,0),MATCH($E9,'Type Chart'!$B$4:$P$4,0))*IF($F9="",1,INDEX('Type Chart'!$B$5:$P$19,MATCH(U$4,'Type Chart'!$A$5:$A$19,0),MATCH($F9,'Type Chart'!$B$4:$P$4,0))) -> 1
A10: Lt. Surge | B10: Gym 3 | C10: Raichu | D10: 29 | E10: Electric | G10: =INDEX('Type Chart'!$B$5:$P$19,MATCH(G$4,'Type Chart'!$A$5:$A$19,0),MATCH($E10,'Type Chart'!$B$4:$P$4,0))*IF($F10="",1,INDEX('Type Chart'!$B$5:$P$19,MATCH(G$4,'Type Chart'!$A$5:$A$19,0),MATCH($F10,'Type Chart'!$B$4:$P$4,0))) -> 1 | H10: =INDEX('Type Chart'!$B$5:$P$19,MATCH(H$4,'Type Chart'!$A$5:$A$19,0),MATCH($E10,'Type Chart'!$B$4:$P$4,0))*IF($F10="",1,INDEX('Type Chart'!$B$5:$P$19,MATCH(H$4,'Type Chart'!$A$5:$A$19,0),MATCH($F10,'Type Chart'!$B$4:$P$4,0))) -> 1 | I10: =INDEX('Type Chart'!$B$5:$P$19,MATCH(I$4,'Type Chart'!$A$5:$A$19,0),MATCH($E10,'Type Chart'!$B$4:$P$4,0))*IF($F10="",1,INDEX('Type Chart'!$B$5:$P$19,MATCH(I$4,'Type Chart'!$A$5:$A$19,0),MATCH($F10,'Type Chart'!$B$4:$P$4,0))) -> 1 | J10: =INDEX('Type Chart'!$B$5:$P$19,MATCH(J$4,'Type Chart'!$A$5:$A$19,0),MATCH($E10,'Type Chart'!$B$4:$P$4,0))*IF($F10="",1,INDEX('Type Chart'!$B$5:$P$19,MATCH(J$4,'Type Chart'!$A$5:$A$19,0),MATCH($F10,'Type Chart'!$B$4:$P$4,0))) -> 0.5 | K10: =INDEX('Type Chart'!$B$5:$P$19,MATCH(K$4,'Type Chart'!$A$5:$A$19,0),MATCH($E10,'Type Chart'!$B$4:$P$4,0))*IF($F10="",1,INDEX('Type Chart'!$B$5:$P$19,MATCH(K$4,'Type Chart'!$A$5:$A$19,0),MATCH($F10,'Type Chart'!$B$4:$P$4,0))) -> 1 | L10: =INDEX('Type Chart'!$B$5:$P$19,MATCH(L$4,'Type Chart'!$A$5:$A$19,0),MATCH($E10,'Type Chart'!$B$4:$P$4,0))*IF($F10="",1,INDEX('Type Chart'!$B$5:$P$19,MATCH(L$4,'Type Chart'!$A$5:$A$19,0),MATCH($F10,'Type Chart'!$B$4:$P$4,0))) -> 1 | M10: =INDEX('Type Chart'!$B$5:$P$19,MATCH(M$4,'Type Chart'!$A$5:$A$19,0),MATCH($E10,'Type Chart'!$B$4:$P$4,0))*IF($F10="",1,INDEX('Type Chart'!$B$5:$P$19,MATCH(M$4,'Type Chart'!$A$5:$A$19,0),MATCH($F10,'Type Chart'!$B$4:$P$4,0))) -> 1 | N10: =INDEX('Type Chart'!$B$5:$P$19,MATCH(N$4,'Type Chart'!$A$5:$A$19,0),MATCH($E10,'Type Chart'!$B$4:$P$4,0))*IF($F10="",1,INDEX('Type Chart'!$B$5:$P$19,MATCH(N$4,'Type Chart'!$A$5:$A$19,0),MATCH($F10,'Type Chart'!$B$4:$P$4,0))) -> 1 | ... U10: =INDEX('Type Chart'!$B$5:$P$19,MATCH(U$4,'Type Chart'!$A$5:$A$19,0),MATCH($E10,'Type Chart'!$B$4:$P$4,0))*IF($F10="",1,INDEX('Type Chart'!$B$5:$P$19,MATCH(U$4,'Type Chart'!$A$5:$A$19,0),MATCH($F10,'Type Chart'!$B$4:$P$4,0))) -> 1
A11: Erika | B11: Gym 4 | C11: Tangela | D11: 33 | E11: Grass | G11: =INDEX('Type Chart'!$B$5:$P$19,MATCH(G$4,'Type Chart'!$A$5:$A$19,0),MATCH($E11,'Type Chart'!$B$4:$P$4,0))*IF($F11="",1,INDEX('Type Chart'!$B$5:$P$19,MATCH(G$4,'Type Chart'!$A$5:$A$19,0),MATCH($F11,'Type Chart'!$B$4:$P$4,0))) -> 1 | H11: =INDEX('Type Chart'!$B$5:$P$19,MATCH(H$4,'Type Chart'!$A$5:$A$19,0),MATCH($E11,'Type Chart'!$B$4:$P$4,0))*IF($F11="",1,INDEX('Type Chart'!$B$5:$P$19,MATCH(H$4,'Type Chart'!$A$5:$A$19,0),MATCH($F11,'Type Chart'!$B$4:$P$4,0))) -> 2 | I11: =INDEX('Type Chart'!$B$5:$P$19,MATCH(I$4,'Type Chart'!$A$5:$A$19,0),MATCH($E11,'Type Chart'!$B$4:$P$4,0))*IF($F11="",1,INDEX('Type Chart'!$B$5:$P$19,MATCH(I$4,'Type Chart'!$A$5:$A$19,0),MATCH($F11,'Type Chart'!$B$4:$P$4,0))) -> 0.5 | J11: =INDEX('Type Chart'!$B$5:$P$19,MATCH(J$4,'Type Chart'!$A$5:$A$19,0),MATCH($E11,'Type Chart'!$B$4:$P$4,0))*IF($F11="",1,INDEX('Type Chart'!$B$5:$P$19,MATCH(J$4,'Type Chart'!$A$5:$A$19,0),MATCH($F11,'Type Chart'!$B$4:$P$4,0))) -> 0.5 | K11: =INDEX('Type Chart'!$B$5:$P$19,MATCH(K$4,'Type Chart'!$A$5:$A$19,0),MATCH($E11,'Type Chart'!$B$4:$P$4,0))*IF($F11="",1,INDEX('Type Chart'!$B$5:$P$19,MATCH(K$4,'Type Chart'!$A$5:$A$19,0),MATCH($F11,'Type Chart'!$B$4:$P$4,0))) -> 0.5 | L11: =INDEX('Type Chart'!$B$5:$P$19,MATCH(L$4,'Type Chart'!$A$5:$A$19,0),MATCH($E11,'Type Chart'!$B$4:$P$4,0))*IF($F11="",1,INDEX('Type Chart'!$B$5:$P$19,MATCH(L$4,'Type Chart'!$A$5:$A$19,0),MATCH($F11,'Type Chart'!$B$4:$P$4,0))) -> 2 | M11: =INDEX('Type Chart'!$B$5:$P$19,MATCH(M$4,'Type Chart'!$A$5:$A$19,0),MATCH($E11,'Type Chart'!$B$4:$P$4,0))*IF($F11="",1,INDEX('Type Chart'!$B$5:$P$19,MATCH(M$4,'Type Chart'!$A$5:$A$19,0),MATCH($F11,'Type Chart'!$B$4:$P$4,0))) -> 1 | N11: =INDEX('Type Chart'!$B$5:$P$19,MATCH(N$4,'Type Chart'!$A$5:$A$19,0),MATCH($E11,'Type Chart'!$B$4:$P$4,0))*IF($F11="",1,INDEX('Type Chart'!$B$5:$P$19,MATCH(N$4,'Type Chart'!$A$5:$A$19,0),MATCH($F11,'Type Chart'!$B$4:$P$4,0))) -> 2 | ... U11: =INDEX('Type Chart'!$B$5:$P$19,MATCH(U$4,'Type Chart'!$A$5:$A$19,0),MATCH($E11,'Type Chart'!$B$4:$P$4,0))*IF($F11="",1,INDEX('Type Chart'!$B$5:$P$19,MATCH(U$4,'Type Chart'!$A$5:$A$19,0),MATCH($F11,'Type Chart'!$B$4:$P$4,0))) -> 1
A12: Erika | B12: Gym 4 | C12: Victreebel | D12: 34 | E12: Grass | F12: Poison | G12: =INDEX('Type Chart'!$B$5:$P$19,MATCH(G$4,'Type Chart'!$A$5:$A$19,0),MATCH($E12,'Type Chart'!$B$4:$P$4,0))*IF($F12="",1,INDEX('Type Chart'!$B$5:$P$19,MATCH(G$4,'Type Chart'!$A$5:$A$19,0),MATCH($F12,'Type Chart'!$B$4:$P$4,0))) -> 1 | H12: =INDEX('Type Chart'!$B$5:$P$19,MATCH(H$4,'Type Chart'!$A$5:$A$19,0),MATCH($E12,'Type Chart'!$B$4:$P$4,0))*IF($F12="",1,INDEX('Type Chart'!$B$5:$P$19,MATCH(H$4,'Type Chart'!$A$5:$A$19,0),MATCH($F12,'Type Chart'!$B$4:$P$4,0))) -> 2 | I12: =INDEX('Type Chart'!$B$5:$P$19,MATCH(I$4,'Type Chart'!$A$5:$A$19,0),MATCH($E12,'Type Chart'!$B$4:$P$4,0))*IF($F12="",1,INDEX('Type Chart'!$B$5:$P$19,MATCH(I$4,'Type Chart'!$A$5:$A$19,0),MATCH($F12,'Type Chart'!$B$4:$P$4,0))) -> 0.5 | J12: =INDEX('Type Chart'!$B$5:$P$19,MATCH(J$4,'Type Chart'!$A$5:$A$19,0),MATCH($E12,'Type Chart'!$B$4:$P$4,0))*IF($F12="",1,INDEX('Type Chart'!$B$5:$P$19,MATCH(J$4,'Type Chart'!$A$5:$A$19,0),MATCH($F12,'Type Chart'!$B$4:$P$4,0))) -> 0.5 | K12: =INDEX('Type Chart'!$B$5:$P$19,MATCH(K$4,'Type Chart'!$A$5:$A$19,0),MATCH($E12,'Type Chart'!$B$4:$P$4,0))*IF($F12="",1,INDEX('Type Chart'!$B$5:$P$19,MATCH(K$4,'Type Chart'!$A$5:$A$19,0),MATCH($F12,'Type Chart'!$B$4:$P$4,0))) -> 0.25 | L12: =INDEX('Type Chart'!$B$5:$P$19,MATCH(L$4,'Type Chart'!$A$5:$A$19,0),MATCH($E12,'Type Chart'!$B$4:$P$4,0))*IF($F12="",1,INDEX('Type Chart'!$B$5:$P$19,MATCH(L$4,'Type Chart'!$A$5:$A$19,0),MATCH($F12,'Type Chart'!$B$4:$P$4,0))) -> 2 | M12: =INDEX('Type Chart'!$B$5:$P$19,MATCH(M$4,'Type Chart'!$A$5:$A$19,0),MATCH($E12,'Type Chart'!$B$4:$P$4,0))*IF($F12="",1,INDEX('Type Chart'!$B$5:$P$19,MATCH(M$4,'Type Chart'!$A$5:$A$19,0),MATCH($F12,'Type Chart'!$B$4:$P$4,0))) -> 0.5 | N12: =INDEX('Type Chart'!$B$5:$P$19,MATCH(N$4,'Type Chart'!$A$5:$A$19,0),MATCH($E12,'Type Chart'!$B$4:$P$4,0))*IF($F12="",1,INDEX('Type Chart'!$B$5:$P$19,MATCH(N$4,'Type Chart'!$A$5:$A$19,0),MATCH($F12,'Type Chart'!$B$4:$P$4,0))) -> 1 | ... U12: =INDEX('Type Chart'!$B$5:$P$19,MATCH(U$4,'Type Chart'!$A$5:$A$19,0),MATCH($E12,'Type Chart'!$B$4:$P$4,0))*IF($F12="",1,INDEX('Type Chart'!$B$5:$P$19,MATCH(U$4,'Type Chart'!$A$5:$A$19,0),MATCH($F12,'Type Chart'!$B$4:$P$4,0))) -> 1
A13: Erika | B13: Gym 4 | C13: Ivysaur | D13: 31 | E13: Grass | F13: Poison | G13: =INDEX('Type Chart'!$B$5:$P$19,MATCH(G$4,'Type Chart'!$A$5:$A$19,0),MATCH($E13,'Type Chart'!$B$4:$P$4,0))*IF($F13="",1,INDEX('Type Chart'!$B$5:$P$19,MATCH(G$4,'Type Chart'!$A$5:$A$19,0),MATCH($F13,'Type Chart'!$B$4:$P$4,0))) -> 1 | H13: =INDEX('Type Chart'!$B$5:$P$19,MATCH(H$4,'Type Chart'!$A$5:$A$19,0),MATCH($E13,'Type Chart'!$B$4:$P$4,0))*IF($F13="",1,INDEX('Type Chart'!$B$5:$P$19,MATCH(H$4,'Type Chart'!$A$5:$A$19,0),MATCH($F13,'Type Chart'!$B$4:$P$4,0))) -> 2 | I13: =INDEX('Type Chart'!$B$5:$P$19,MATCH(I$4,'Type Chart'!$A$5:$A$19,0),MATCH($E13,'Type Chart'!$B$4:$P$4,0))*IF($F13="",1,INDEX('Type Chart'!$B$5:$P$19,MATCH(I$4,'Type Chart'!$A$5:$A$19,0),MATCH($F13,'Type Chart'!$B$4:$P$4,0))) -> 0.5 | J13: =INDEX('Type Chart'!$B$5:$P$19,MATCH(J$4,'Type Chart'!$A$5:$A$19,0),MATCH($E13,'Type Chart'!$B$4:$P$4,0))*IF($F13="",1,INDEX('Type Chart'!$B$5:$P$19,MATCH(J$4,'Type Chart'!$A$5:$A$19,0),MATCH($F13,'Type Chart'!$B$4:$P$4,0))) -> 0.5 | K13: =INDEX('Type Chart'!$B$5:$P$19,MATCH(K$4,'Type Chart'!$A$5:$A$19,0),MATCH($E13,'Type Chart'!$B$4:$P$4,0))*IF($F13="",1,INDEX('Type Chart'!$B$5:$P$19,MATCH(K$4,'Type Chart'!$A$5:$A$19,0),MATCH($F13,'Type Chart'!$B$4:$P$4,0))) -> 0.25 | L13: =INDEX('Type Chart'!$B$5:$P$19,MATCH(L$4,'Type Chart'!$A$5:$A$19,0),MATCH($E13,'Type Chart'!$B$4:$P$4,0))*IF($F13="",1,INDEX('Type Chart'!$B$5:$P$19,MATCH(L$4,'Type Chart'!$A$5:$A$19,0),MATCH($F13,'Type Chart'!$B$4:$P$4,0))) -> 2 | M13: =INDEX('Type Chart'!$B$5:$P$19,MATCH(M$4,'Type Chart'!$A$5:$A$19,0),MATCH($E13,'Type Chart'!$B$4:$P$4,0))*IF($F13="",1,INDEX('Type Chart'!$B$5:$P$19,MATCH(M$4,'Type Chart'!$A$5:$A$19,0),MATCH($F13,'Type Chart'!$B$4:$P$4,0))) -> 0.5 | N13: =INDEX('Type Chart'!$B$5:$P$19,MATCH(N$4,'Type Chart'!$A$5:$A$19,0),MATCH($E13,'Type Chart'!$B$4:$P$4,0))*IF($F13="",1,INDEX('Type Chart'!$B$5:$P$19,MATCH(N$4,'Type Chart'!$A$5:$A$19,0),MATCH($F13,'Type Chart'!$B$4:$P$4,0))) -> 1 | ... U13: =INDEX('Type Chart'!$B$5:$P$19,MATCH(U$4,'Type Chart'!$A$5:$A$19,0),MATCH($E13,'Type Chart'!$B$4:$P$4,0))*IF($F13="",1,INDEX('Type Chart'!$B$5:$P$19,MATCH(U$4,'Type Chart'!$A$5:$A$19,0),MATCH($F13,'Type Chart'!$B$4:$P$4,0))) -> 1
A14: Erika | B14: Gym 4 | C14: Vileplume | D14: 35 | E14: Grass | F14: Poison | G14: =INDEX('Type Chart'!$B$5:$P$19,MATCH(G$4,'Type Chart'!$A$5:$A$19,0),MATCH($E14,'Type Chart'!$B$4:$P$4,0))*IF($F14="",1,INDEX('Type Chart'!$B$5:$P$19,MATCH(G$4,'Type Chart'!$A$5:$A$19,0),MATCH($F14,'Type Chart'!$B$4:$P$4,0))) -> 1 | H14: =INDEX('Type Chart'!$B$5:$P$19,MATCH(H$4,'Type Chart'!$A$5:$A$19,0),MATCH($E14,'Type Chart'!$B$4:$P$4,0))*IF($F14="",1,INDEX('Type Chart'!$B$5:$P$19,MATCH(H$4,'Type Chart'!$A$5:$A$19,0),MATCH($F14,'Type Chart'!$B$4:$P$4,0))) -> 2 | I14: =INDEX('Type Chart'!$B$5:$P$19,MATCH(I$4,'Type Chart'!$A$5:$A$19,0),MATCH($E14,'Type Chart'!$B$4:$P$4,0))*IF($F14="",1,INDEX('Type Chart'!$B$5:$P$19,MATCH(I$4,'Type Chart'!$A$5:$A$19,0),MATCH($F14,'Type Chart'!$B$4:$P$4,0))) -> 0.5 | J14: =INDEX('Type Chart'!$B$5:$P$19,MATCH(J$4,'Type Chart'!$A$5:$A$19,0),MATCH($E14,'Type Chart'!$B$4:$P$4,0))*IF($F14="",1,INDEX('Type Chart'!$B$5:$P$19,MATCH(J$4,'Type Chart'!$A$5:$A$19,0),MATCH($F14,'Type Chart'!$B$4:$P$4,0))) -> 0.5 | K14: =INDEX('Type Chart'!$B$5:$P$19,MATCH(K$4,'Type Chart'!$A$5:$A$19,0),MATCH($E14,'Type Chart'!$B$4:$P$4,0))*IF($F14="",1,INDEX('Type Chart'!$B$5:$P$19,MATCH(K$4,'Type Chart'!$A$5:$A$19,0),MATCH($F14,'Type Chart'!$B$4:$P$4,0))) -> 0.25 | L14: =INDEX('Type Chart'!$B$5:$P$19,MATCH(L$4,'Type Chart'!$A$5:$A$19,0),MATCH($E14,'Type Chart'!$B$4:$P$4,0))*IF($F14="",1,INDEX('Type Chart'!$B$5:$P$19,MATCH(L$4,'Type Chart'!$A$5:$A$19,0),MATCH($F14,'Type Chart'!$B$4:$P$4,0))) -> 2 | M14: =INDEX('Type Chart'!$B$5:$P$19,MATCH(M$4,'Type Chart'!$A$5:$A$19,0),MATCH($E14,'Type Chart'!$B$4:$P$4,0))*IF($F14="",1,INDEX('Type Chart'!$B$5:$P$19,MATCH(M$4,'Type Chart'!$A$5:$A$19,0),MATCH($F14,'Type Chart'!$B$4:$P$4,0))) -> 0.5 | N14: =INDEX('Type Chart'!$B$5:$P$19,MATCH(N$4,'Type Chart'!$A$5:$A$19,0),MATCH($E14,'Type Chart'!$B$4:$P$4,0))*IF($F14="",1,INDEX('Type Chart'!$B$5:$P$19,MATCH(N$4,'Type Chart'!$A$5:$A$19,0),MATCH($F14,'Type Chart'!$B$4:$P$4,0))) -> 1 | ... U14: =INDEX('Type Chart'!$B$5:$P$19,MATCH(U$4,'Type Chart'!$A$5:$A$19,0),MATCH($E14,'Type Chart'!$B$4:$P$4,0))*IF($F14="",1,INDEX('Type Chart'!$B$5:$P$19,MATCH(U$4,'Type Chart'!$A$5:$A$19,0),MATCH($F14,'Type Chart'!$B$4:$P$4,0))) -> 1
A15: Koga | B15: Gym 5 | C15: Golbat | D15: 42 | E15: Poison | F15: Flying | G15: =INDEX('Type Chart'!$B$5:$P$19,MATCH(G$4,'Type Chart'!$A$5:$A$19,0),MATCH($E15,'Type Chart'!$B$4:$P$4,0))*IF($F15="",1,INDEX('Type Chart'!$B$5:$P$19,MATCH(G$4,'Type Chart'!$A$5:$A$19,0),MATCH($F15,'Type Chart'!$B$4:$P$4,0))) -> 1 | H15: =INDEX('Type Chart'!$B$5:$P$19,MATCH(H$4,'Type Chart'!$A$5:$A$19,0),MATCH($E15,'Type Chart'!$B$4:$P$4,0))*IF($F15="",1,INDEX('Type Chart'!$B$5:$P$19,MATCH(H$4,'Type Chart'!$A$5:$A$19,0),MATCH($F15,'Type Chart'!$B$4:$P$4,0))) -> 1 | I15: =INDEX('Type Chart'!$B$5:$P$19,MATCH(I$4,'Type Chart'!$A$5:$A$19,0),MATCH($E15,'Type Chart'!$B$4:$P$4,0))*IF($F15="",1,INDEX('Type Chart'!$B$5:$P$19,MATCH(I$4,'Type Chart'!$A$5:$A$19,0),MATCH($F15,'Type Chart'!$B$4:$P$4,0))) -> 1 | J15: =INDEX('Type Chart'!$B$5:$P$19,MATCH(J$4,'Type Chart'!$A$5:$A$19,0),MATCH($E15,'Type Chart'!$B$4:$P$4,0))*IF($F15="",1,INDEX('Type Chart'!$B$5:$P$19,MATCH(J$4,'Type Chart'!$A$5:$A$19,0),MATCH($F15,'Type Chart'!$B$4:$P$4,0))) -> 2 | K15: =INDEX('Type Chart'!$B$5:$P$19,MATCH(K$4,'Type Chart'!$A$5:$A$19,0),MATCH($E15,'Type Chart'!$B$4:$P$4,0))*IF($F15="",1,INDEX('Type Chart'!$B$5:$P$19,MATCH(K$4,'Type Chart'!$A$5:$A$19,0),MATCH($F15,'Type Chart'!$B$4:$P$4,0))) -> 0.25 | L15: =INDEX('Type Chart'!$B$5:$P$19,MATCH(L$4,'Type Chart'!$A$5:$A$19,0),MATCH($E15,'Type Chart'!$B$4:$P$4,0))*IF($F15="",1,INDEX('Type Chart'!$B$5:$P$19,MATCH(L$4,'Type Chart'!$A$5:$A$19,0),MATCH($F15,'Type Chart'!$B$4:$P$4,0))) -> 2 | M15: =INDEX('Type Chart'!$B$5:$P$19,MATCH(M$4,'Type Chart'!$A$5:$A$19,0),MATCH($E15,'Type Chart'!$B$4:$P$4,0))*IF($F15="",1,INDEX('Type Chart'!$B$5:$P$19,MATCH(M$4,'Type Chart'!$A$5:$A$19,0),MATCH($F15,'Type Chart'!$B$4:$P$4,0))) -> 0.25 | N15: =INDEX('Type Chart'!$B$5:$P$19,MATCH(N$4,'Type Chart'!$A$5:$A$19,0),MATCH($E15,'Type Chart'!$B$4:$P$4,0))*IF($F15="",1,INDEX('Type Chart'!$B$5:$P$19,MATCH(N$4,'Type Chart'!$A$5:$A$19,0),MATCH($F15,'Type Chart'!$B$4:$P$4,0))) -> 0.5 | ... U15: =INDEX('Type Chart'!$B$5:$P$19,MATCH(U$4,'Type Chart'!$A$5:$A$19,0),MATCH($E15,'Type Chart'!$B$4:$P$4,0))*IF($F15="",1,INDEX('Type Chart'!$B$5:$P$19,MATCH(U$4,'Type Chart'!$A$5:$A$19,0),MATCH($F15,'Type Chart'!$B$4:$P$4,0))) -> 1
A16: Koga | B16: Gym 5 | C16: Muk | D16: 42 | E16: Poison | G16: =INDEX('Type Chart'!$B$5:$P$19,MATCH(G$4,'Type Chart'!$A$5:$A$19,0),MATCH($E16,'Type Chart'!$B$4:$P$4,0))*IF($F16="",1,INDEX('Type Chart'!$B$5:$P$19,MATCH(G$4,'Type Chart'!$A$5:$A$19,0),MATCH($F16,'Type Chart'!$B$4:$P$4,0))) -> 1 | H16: =INDEX('Type Chart'!$B$5:$P$19,MATCH(H$4,'Type Chart'!$A$5:$A$19,0),MATCH($E16,'Type Chart'!$B$4:$P$4,0))*IF($F16="",1,INDEX('Type Chart'!$B$5:$P$19,MATCH(H$4,'Type Chart'!$A$5:$A$19,0),MATCH($F16,'Type Chart'!$B$4:$P$4,0))) -> 1 | I16: =INDEX('Type Chart'!$B$5:$P$19,MATCH(I$4,'Type Chart'!$A$5:$A$19,0),MATCH($E16,'Type Chart'!$B$4:$P$4,0))*IF($F16="",1,INDEX('Type Chart'!$B$5:$P$19,MATCH(I$4,'Type Chart'!$A$5:$A$19,0),MATCH($F16,'Type Chart'!$B$4:$P$4,0))) -> 1 | J16: =INDEX('Type Chart'!$B$5:$P$19,MATCH(J$4,'Type Chart'!$A$5:$A$19,0),MATCH($E16,'Type Chart'!$B$4:$P$4,0))*IF($F16="",1,INDEX('Type Chart'!$B$5:$P$19,MATCH(J$4,'Type Chart'!$A$5:$A$19,0),MATCH($F16,'Type Chart'!$B$4:$P$4,0))) -> 1 | K16: =INDEX('Type Chart'!$B$5:$P$19,MATCH(K$4,'Type Chart'!$A$5:$A$19,0),MATCH($E16,'Type Chart'!$B$4:$P$4,0))*IF($F16="",1,INDEX('Type Chart'!$B$5:$P$19,MATCH(K$4,'Type Chart'!$A$5:$A$19,0),MATCH($F16,'Type Chart'!$B$4:$P$4,0))) -> 0.5 | L16: =INDEX('Type Chart'!$B$5:$P$19,MATCH(L$4,'Type Chart'!$A$5:$A$19,0),MATCH($E16,'Type Chart'!$B$4:$P$4,0))*IF($F16="",1,INDEX('Type Chart'!$B$5:$P$19,MATCH(L$4,'Type Chart'!$A$5:$A$19,0),MATCH($F16,'Type Chart'!$B$4:$P$4,0))) -> 1 | M16: =INDEX('Type Chart'!$B$5:$P$19,MATCH(M$4,'Type Chart'!$A$5:$A$19,0),MATCH($E16,'Type Chart'!$B$4:$P$4,0))*IF($F16="",1,INDEX('Type Chart'!$B$5:$P$19,MATCH(M$4,'Type Chart'!$A$5:$A$19,0),MATCH($F16,'Type Chart'!$B$4:$P$4,0))) -> 0.5 | N16: =INDEX('Type Chart'!$B$5:$P$19,MATCH(N$4,'Type Chart'!$A$5:$A$19,0),MATCH($E16,'Type Chart'!$B$4:$P$4,0))*IF($F16="",1,INDEX('Type Chart'!$B$5:$P$19,MATCH(N$4,'Type Chart'!$A$5:$A$19,0),MATCH($F16,'Type Chart'!$B$4:$P$4,0))) -> 0.5 | ... U16: =INDEX('Type Chart'!$B$5:$P$19,MATCH(U$4,'Type Chart'!$A$5:$A$19,0),MATCH($E16,'Type Chart'!$B$4:$P$4,0))*IF($F16="",1,INDEX('Type Chart'!$B$5:$P$19,MATCH(U$4,'Type Chart'!$A$5:$A$19,0),MATCH($F16,'Type Chart'!$B$4:$P$4,0))) -> 1
A17: Koga | B17: Gym 5 | C17: Tentacruel | D17: 41 | E17: Water | F17: Poison | G17: =INDEX('Type Chart'!$B$5:$P$19,MATCH(G$4,'Type Chart'!$A$5:$A$19,0),MATCH($E17,'Type Chart'!$B$4:$P$4,0))*IF($F17="",1,INDEX('Type Chart'!$B$5:$P$19,MATCH(G$4,'Type Chart'!$A$5:$A$19,0),MATCH($F17,'Type Chart'!$B$4:$P$4,0))) -> 1 | H17: =INDEX('Type Chart'!$B$5:$P$19,MATCH(H$4,'Type Chart'!$A$5:$A$19,0),MATCH($E17,'Type Chart'!$B$4:$P$4,0))*IF($F17="",1,INDEX('Type Chart'!$B$5:$P$19,MATCH(H$4,'Type Chart'!$A$5:$A$19,0),MATCH($F17,'Type Chart'!$B$4:$P$4,0))) -> 0.5 | I17: =INDEX('Type Chart'!$B$5:$P$19,MATCH(I$4,'Type Chart'!$A$5:$A$19,0),MATCH($E17,'Type Chart'!$B$4:$P$4,0))*IF($F17="",1,INDEX('Type Chart'!$B$5:$P$19,MATCH(I$4,'Type Chart'!$A$5:$A$19,0),MATCH($F17,'Type Chart'!$B$4:$P$4,0))) -> 0.5 | J17: =INDEX('Type Chart'!$B$5:$P$19,MATCH(J$4,'Type Chart'!$A$5:$A$19,0),MATCH($E17,'Type Chart'!$B$4:$P$4,0))*IF($F17="",1,INDEX('Type Chart'!$B$5:$P$19,MATCH(J$4,'Type Chart'!$A$5:$A$19,0),MATCH($F17,'Type Chart'!$B$4:$P$4,0))) -> 2 | K17: =INDEX('Type Chart'!$B$5:$P$19,MATCH(K$4,'Type Chart'!$A$5:$A$19,0),MATCH($E17,'Type Chart'!$B$4:$P$4,0))*IF($F17="",1,INDEX('Type Chart'!$B$5:$P$19,MATCH(K$4,'Type Chart'!$A$5:$A$19,0),MATCH($F17,'Type Chart'!$B$4:$P$4,0))) -> 1 | L17: =INDEX('Type Chart'!$B$5:$P$19,MATCH(L$4,'Type Chart'!$A$5:$A$19,0),MATCH($E17,'Type Chart'!$B$4:$P$4,0))*IF($F17="",1,INDEX('Type Chart'!$B$5:$P$19,MATCH(L$4,'Type Chart'!$A$5:$A$19,0),MATCH($F17,'Type Chart'!$B$4:$P$4,0))) -> 0.5 | M17: =INDEX('Type Chart'!$B$5:$P$19,MATCH(M$4,'Type Chart'!$A$5:$A$19,0),MATCH($E17,'Type Chart'!$B$4:$P$4,0))*IF($F17="",1,INDEX('Type Chart'!$B$5:$P$19,MATCH(M$4,'Type Chart'!$A$5:$A$19,0),MATCH($F17,'Type Chart'!$B$4:$P$4,0))) -> 0.5 | N17: =INDEX('Type Chart'!$B$5:$P$19,MATCH(N$4,'Type Chart'!$A$5:$A$19,0),MATCH($E17,'Type Chart'!$B$4:$P$4,0))*IF($F17="",1,INDEX('Type Chart'!$B$5:$P$19,MATCH(N$4,'Type Chart'!$A$5:$A$19,0),MATCH($F17,'Type Chart'!$B$4:$P$4,0))) -> 0.5 | ... U17: =INDEX('Type Chart'!$B$5:$P$19,MATCH(U$4,'Type Chart'!$A$5:$A$19,0),MATCH($E17,'Type Chart'!$B$4:$P$4,0))*IF($F17="",1,INDEX('Type Chart'!$B$5:$P$19,MATCH(U$4,'Type Chart'!$A$5:$A$19,0),MATCH($F17,'Type Chart'!$B$4:$P$4,0))) -> 1
A18: Koga | B18: Gym 5 | C18: Venomoth | D18: 43 | E18: Bug | F18: Poison | G18: =INDEX('Type Chart'!$B$5:$P$19,MATCH(G$4,'Type Chart'!$A$5:$A$19,0),MATCH($E18,'Type Chart'!$B$4:$P$4,0))*IF($F18="",1,INDEX('Type Chart'!$B$5:$P$19,MATCH(G$4,'Type Chart'!$A$5:$A$19,0),MATCH($F18,'Type Chart'!$B$4:$P$4,0))) -> 1 | H18: =INDEX('Type Chart'!$B$5:$P$19,MATCH(H$4,'Type Chart'!$A$5:$A$19,0),MATCH($E18,'Type Chart'!$B$4:$P$4,0))*IF($F18="",1,INDEX('Type Chart'!$B$5:$P$19,MATCH(H$4,'Type Chart'!$A$5:$A$19,0),MATCH($F18,'Type Chart'!$B$4:$P$4,0))) -> 2 | I18: =INDEX('Type Chart'!$B$5:$P$19,MATCH(I$4,'Type Chart'!$A$5:$A$19,0),MATCH($E18,'Type Chart'!$B$4:$P$4,0))*IF($F18="",1,INDEX('Type Chart'!$B$5:$P$19,MATCH(I$4,'Type Chart'!$A$5:$A$19,0),MATCH($F18,'Type Chart'!$B$4:$P$4,0))) -> 1 | J18: =INDEX('Type Chart'!$B$5:$P$19,MATCH(J$4,'Type Chart'!$A$5:$A$19,0),MATCH($E18,'Type Chart'!$B$4:$P$4,0))*IF($F18="",1,INDEX('Type Chart'!$B$5:$P$19,MATCH(J$4,'Type Chart'!$A$5:$A$19,0),MATCH($F18,'Type Chart'!$B$4:$P$4,0))) -> 1 | K18: =INDEX('Type Chart'!$B$5:$P$19,MATCH(K$4,'Type Chart'!$A$5:$A$19,0),MATCH($E18,'Type Chart'!$B$4:$P$4,0))*IF($F18="",1,INDEX('Type Chart'!$B$5:$P$19,MATCH(K$4,'Type Chart'!$A$5:$A$19,0),MATCH($F18,'Type Chart'!$B$4:$P$4,0))) -> 0.25 | L18: =INDEX('Type Chart'!$B$5:$P$19,MATCH(L$4,'Type Chart'!$A$5:$A$19,0),MATCH($E18,'Type Chart'!$B$4:$P$4,0))*IF($F18="",1,INDEX('Type Chart'!$B$5:$P$19,MATCH(L$4,'Type Chart'!$A$5:$A$19,0),MATCH($F18,'Type Chart'!$B$4:$P$4,0))) -> 1 | M18: =INDEX('Type Chart'!$B$5:$P$19,MATCH(M$4,'Type Chart'!$A$5:$A$19,0),MATCH($E18,'Type Chart'!$B$4:$P$4,0))*IF($F18="",1,INDEX('Type Chart'!$B$5:$P$19,MATCH(M$4,'Type Chart'!$A$5:$A$19,0),MATCH($F18,'Type Chart'!$B$4:$P$4,0))) -> 0.25 | N18: =INDEX('Type Chart'!$B$5:$P$19,MATCH(N$4,'Type Chart'!$A$5:$A$19,0),MATCH($E18,'Type Chart'!$B$4:$P$4,0))*IF($F18="",1,INDEX('Type Chart'!$B$5:$P$19,MATCH(N$4,'Type Chart'!$A$5:$A$19,0),MATCH($F18,'Type Chart'!$B$4:$P$4,0))) -> 1 | ... U18: =INDEX('Type Chart'!$B$5:$P$19,MATCH(U$4,'Type Chart'!$A$5:$A$19,0),MATCH($E18,'Type Chart'!$B$4:$P$4,0))*IF($F18="",1,INDEX('Type Chart'!$B$5:$P$19,MATCH(U$4,'Type Chart'!$A$5:$A$19,0),MATCH($F18,'Type Chart'!$B$4:$P$4,0))) -> 1
A19: Sabrina | B19: Gym 6 | C19: Abra | D19: 50 | E19: Psychic | G19: =INDEX('Type Chart'!$B$5:$P$19,MATCH(G$4,'Type Chart'!$A$5:$A$19,0),MATCH($E19,'Type Chart'!$B$4:$P$4,0))*IF($F19="",1,INDEX('Type Chart'!$B$5:$P$19,MATCH(G$4,'Type Chart'!$A$5:$A$19,0),MATCH($F19,'Type Chart'!$B$4:$P$4,0))) -> 1 | H19: =INDEX('Type Chart'!$B$5:$P$19,MATCH(H$4,'Type Chart'!$A$5:$A$19,0),MATCH($E19,'Type Chart'!$B$4:$P$4,0))*IF($F19="",1,INDEX('Type Chart'!$B$5:$P$19,MATCH(H$4,'Type Chart'!$A$5:$A$19,0),MATCH($F19,'Type Chart'!$B$4:$P$4,0))) -> 1 | I19: =INDEX('Type Chart'!$B$5:$P$19,MATCH(I$4,'Type Chart'!$A$5:$A$19,0),MATCH($E19,'Type Chart'!$B$4:$P$4,0))*IF($F19="",1,INDEX('Type Chart'!$B$5:$P$19,MATCH(I$4,'Type Chart'!$A$5:$A$19,0),MATCH($F19,'Type Chart'!$B$4:$P$4,0))) -> 1 | J19: =INDEX('Type Chart'!$B$5:$P$19,MATCH(J$4,'Type Chart'!$A$5:$A$19,0),MATCH($E19,'Type Chart'!$B$4:$P$4,0))*IF($F19="",1,INDEX('Type Chart'!$B$5:$P$19,MATCH(J$4,'Type Chart'!$A$5:$A$19,0),MATCH($F19,'Type Chart'!$B$4:$P$4,0))) -> 1 | K19: =INDEX('Type Chart'!$B$5:$P$19,MATCH(K$4,'Type Chart'!$A$5:$A$19,0),MATCH($E19,'Type Chart'!$B$4:$P$4,0))*IF($F19="",1,INDEX('Type Chart'!$B$5:$P$19,MATCH(K$4,'Type Chart'!$A$5:$A$19,0),MATCH($F19,'Type Chart'!$B$4:$P$4,0))) -> 1 | L19: =INDEX('Type Chart'!$B$5:$P$19,MATCH(L$4,'Type Chart'!$A$5:$A$19,0),MATCH($E19,'Type Chart'!$B$4:$P$4,0))*IF($F19="",1,INDEX('Type Chart'!$B$5:$P$19,MATCH(L$4,'Type Chart'!$A$5:$A$19,0),MATCH($F19,'Type Chart'!$B$4:$P$4,0))) -> 1 | M19: =INDEX('Type Chart'!$B$5:$P$19,MATCH(M$4,'Type Chart'!$A$5:$A$19,0),MATCH($E19,'Type Chart'!$B$4:$P$4,0))*IF($F19="",1,INDEX('Type Chart'!$B$5:$P$19,MATCH(M$4,'Type Chart'!$A$5:$A$19,0),MATCH($F19,'Type Chart'!$B$4:$P$4,0))) -> 0.5 | N19: =INDEX('Type Chart'!$B$5:$P$19,MATCH(N$4,'Type Chart'!$A$5:$A$19,0),MATCH($E19,'Type Chart'!$B$4:$P$4,0))*IF($F19="",1,INDEX('Type Chart'!$B$5:$P$19,MATCH(N$4,'Type Chart'!$A$5:$A$19,0),MATCH($F19,'Type Chart'!$B$4:$P$4,0))) -> 1 | ... U19: =INDEX('Type Chart'!$B$5:$P$19,MATCH(U$4,'Type Chart'!$A$5:$A$19,0),MATCH($E19,'Type Chart'!$B$4:$P$4,0))*IF($F19="",1,INDEX('Type Chart'!$B$5:$P$19,MATCH(U$4,'Type Chart'!$A$5:$A$19,0),MATCH($F19,'Type Chart'!$B$4:$P$4,0))) -> 1
A20: Sabrina | B20: Gym 6 | C20: Hypno | D20: 48 | E20: Psychic | G20: =INDEX('Type Chart'!$B$5:$P$19,MATCH(G$4,'Type Chart'!$A$5:$A$19,0),MATCH($E20,'Type Chart'!$B$4:$P$4,0))*IF($F20="",1,INDEX('Type Chart'!$B$5:$P$19,MATCH(G$4,'Type Chart'!$A$5:$A$19,0),MATCH($F20,'Type Chart'!$B$4:$P$4,0))) -> 1 | H20: =INDEX('Type Chart'!$B$5:$P$19,MATCH(H$4,'Type Chart'!$A$5:$A$19,0),MATCH($E20,'Type Chart'!$B$4:$P$4,0))*IF($F20="",1,INDEX('Type Chart'!$B$5:$P$19,MATCH(H$4,'Type Chart'!$A$5:$A$19,0),MATCH($F20,'Type Chart'!$B$4:$P$4,0))) -> 1 | I20: =INDEX('Type Chart'!$B$5:$P$19,MATCH(I$4,'Type Chart'!$A$5:$A$19,0),MATCH($E20,'Type Chart'!$B$4:$P$4,0))*IF($F20="",1,INDEX('Type Chart'!$B$5:$P$19,MATCH(I$4,'Type Chart'!$A$5:$A$19,0),MATCH($F20,'Type Chart'!$B$4:$P$4,0))) -> 1 | J20: =INDEX('Type Chart'!$B$5:$P$19,MATCH(J$4,'Type Chart'!$A$5:$A$19,0),MATCH($E20,'Type Chart'!$B$4:$P$4,0))*IF($F20="",1,INDEX('Type Chart'!$B$5:$P$19,MATCH(J$4,'Type Chart'!$A$5:$A$19,0),MATCH($F20,'Type Chart'!$B$4:$P$4,0))) -> 1 | K20: =INDEX('Type Chart'!$B$5:$P$19,MATCH(K$4,'Type Chart'!$A$5:$A$19,0),MATCH($E20,'Type Chart'!$B$4:$P$4,0))*IF($F20="",1,INDEX('Type Chart'!$B$5:$P$19,MATCH(K$4,'Type Chart'!$A$5:$A$19,0),MATCH($F20,'Type Chart'!$B$4:$P$4,0))) -> 1 | L20: =INDEX('Type Chart'!$B$5:$P$19,MATCH(L$4,'Type Chart'!$A$5:$A$19,0),MATCH($E20,'Type Chart'!$B$4:$P$4,0))*IF($F20="",1,INDEX('Type Chart'!$B$5:$P$19,MATCH(L$4,'Type Chart'!$A$5:$A$19,0),MATCH($F20,'Type Chart'!$B$4:$P$4,0))) -> 1 | M20: =INDEX('Type Chart'!$B$5:$P$19,MATCH(M$4,'Type Chart'!$A$5:$A$19,0),MATCH($E20,'Type Chart'!$B$4:$P$4,0))*IF($F20="",1,INDEX('Type Chart'!$B$5:$P$19,MATCH(M$4,'Type Chart'!$A$5:$A$19,0),MATCH($F20,'Type Chart'!$B$4:$P$4,0))) -> 0.5 | N20: =INDEX('Type Chart'!$B$5:$P$19,MATCH(N$4,'Type Chart'!$A$5:$A$19,0),MATCH($E20,'Type Chart'!$B$4:$P$4,0))*IF($F20="",1,INDEX('Type Chart'!$B$5:$P$19,MATCH(N$4,'Type Chart'!$A$5:$A$19,0),MATCH($F20,'Type Chart'!$B$4:$P$4,0))) -> 1 | ... U20: =INDEX('Type Chart'!$B$5:$P$19,MATCH(U$4,'Type Chart'!$A$5:$A$19,0),MATCH($E20,'Type Chart'!$B$4:$P$4,0))*IF($F20="",1,INDEX('Type Chart'!$B$5:$P$19,MATCH(U$4,'Type Chart'!$A$5:$A$19,0),MATCH($F20,'Type Chart'!$B$4:$P$4,0))) -> 1
A21: Sabrina | B21: Gym 6 | C21: Mrime | D21: 49 | E21: Psychic | G21: =INDEX('Type Chart'!$B$5:$P$19,MATCH(G$4,'Type Chart'!$A$5:$A$19,0),MATCH($E21,'Type Chart'!$B$4:$P$4,0))*IF($F21="",1,INDEX('Type Chart'!$B$5:$P$19,MATCH(G$4,'Type Chart'!$A$5:$A$19,0),MATCH($F21,'Type Chart'!$B$4:$P$4,0))) -> 1 | H21: =INDEX('Type Chart'!$B$5:$P$19,MATCH(H$4,'Type Chart'!$A$5:$A$19,0),MATCH($E21,'Type Chart'!$B$4:$P$4,0))*IF($F21="",1,INDEX('Type Chart'!$B$5:$P$19,MATCH(H$4,'Type Chart'!$A$5:$A$19,0),MATCH($F21,'Type Chart'!$B$4:$P$4,0))) -> 1 | I21: =INDEX('Type Chart'!$B$5:$P$19,MATCH(I$4,'Type Chart'!$A$5:$A$19,0),MATCH($E21,'Type Chart'!$B$4:$P$4,0))*IF($F21="",1,INDEX('Type Chart'!$B$5:$P$19,MATCH(I$4,'Type Chart'!$A$5:$A$19,0),MATCH($F21,'Type Chart'!$B$4:$P$4,0))) -> 1 | J21: =INDEX('Type Chart'!$B$5:$P$19,MATCH(J$4,'Type Chart'!$A$5:$A$19,0),MATCH($E21,'Type Chart'!$B$4:$P$4,0))*IF($F21="",1,INDEX('Type Chart'!$B$5:$P$19,MATCH(J$4,'Type Chart'!$A$5:$A$19,0),MATCH($F21,'Type Chart'!$B$4:$P$4,0))) -> 1 | K21: =INDEX('Type Chart'!$B$5:$P$19,MATCH(K$4,'Type Chart'!$A$5:$A$19,0),MATCH($E21,'Type Chart'!$B$4:$P$4,0))*IF($F21="",1,INDEX('Type Chart'!$B$5:$P$19,MATCH(K$4,'Type Chart'!$A$5:$A$19,0),MATCH($F21,'Type Chart'!$B$4:$P$4,0))) -> 1 | L21: =INDEX('Type Chart'!$B$5:$P$19,MATCH(L$4,'Type Chart'!$A$5:$A$19,0),MATCH($E21,'Type Chart'!$B$4:$P$4,0))*IF($F21="",1,INDEX('Type Chart'!$B$5:$P$19,MATCH(L$4,'Type Chart'!$A$5:$A$19,0),MATCH($F21,'Type Chart'!$B$4:$P$4,0))) -> 1 | M21: =INDEX('Type Chart'!$B$5:$P$19,MATCH(M$4,'Type Chart'!$A$5:$A$19,0),MATCH($E21,'Type Chart'!$B$4:$P$4,0))*IF($F21="",1,INDEX('Type Chart'!$B$5:$P$19,MATCH(M$4,'Type Chart'!$A$5:$A$19,0),MATCH($F21,'Type Chart'!$B$4:$P$4,0))) -> 0.5 | N21: =INDEX('Type Chart'!$B$5:$P$19,MATCH(N$4,'Type Chart'!$A$5:$A$19,0),MATCH($E21,'Type Chart'!$B$4:$P$4,0))*IF($F21="",1,INDEX('Type Chart'!$B$5:$P$19,MATCH(N$4,'Type Chart'!$A$5:$A$19,0),MATCH($F21,'Type Chart'!$B$4:$P$4,0))) -> 1 | ... U21: =INDEX('Type Chart'!$B$5:$P$19,MATCH(U$4,'Type Chart'!$A$5:$A$19,0),MATCH($E21,'Type Chart'!$B$4:$P$4,0))*IF($F21="",1,INDEX('Type Chart'!$B$5:$P$19,MATCH(U$4,'Type Chart'!$A$5:$A$19,0),MATCH($F21,'Type Chart'!$B$4:$P$4,0))) -> 1
A22: Sabrina | B22: Gym 6 | C22: Kadabra | D22: 50 | E22: Psychic | G22: =INDEX('Type Chart'!$B$5:$P$19,MATCH(G$4,'Type Chart'!$A$5:$A$19,0),MATCH($E22,'Type Chart'!$B$4:$P$4,0))*IF($F22="",1,INDEX('Type Chart'!$B$5:$P$19,MATCH(G$4,'Type Chart'!$A$5:$A$19,0),MATCH($F22,'Type Chart'!$B$4:$P$4,0))) -> 1 | H22: =INDEX('Type Chart'!$B$5:$P$19,MATCH(H$4,'Type Chart'!$A$5:$A$19,0),MATCH($E22,'Type Chart'!$B$4:$P$4,0))*IF($F22="",1,INDEX('Type Chart'!$B$5:$P$19,MATCH(H$4,'Type Chart'!$A$5:$A$19,0),MATCH($F22,'Type Chart'!$B$4:$P$4,0))) -> 1 | I22: =INDEX('Type Chart'!$B$5:$P$19,MATCH(I$4,'Type Chart'!$A$5:$A$19,0),MATCH($E22,'Type Chart'!$B$4:$P$4,0))*IF($F22="",1,INDEX('Type Chart'!$B$5:$P$19,MATCH(I$4,'Type Chart'!$A$5:$A$19,0),MATCH($F22,'Type Chart'!$B$4:$P$4,0))) -> 1 | J22: =INDEX('Type Chart'!$B$5:$P$19,MATCH(J$4,'Type Chart'!$A$5:$A$19,0),MATCH($E22,'Type Chart'!$B$4:$P$4,0))*IF($F22="",1,INDEX('Type Chart'!$B$5:$P$19,MATCH(J$4,'Type Chart'!$A$5:$A$19,0),MATCH($F22,'Type Chart'!$B$4:$P$4,0))) -> 1 | K22: =INDEX('Type Chart'!$B$5:$P$19,MATCH(K$4,'Type Chart'!$A$5:$A$19,0),MATCH($E22,'Type Chart'!$B$4:$P$4,0))*IF($F22="",1,INDEX('Type Chart'!$B$5:$P$19,MATCH(K$4,'Type Chart'!$A$5:$A$19,0),MATCH($F22,'Type Chart'!$B$4:$P$4,0))) -> 1 | L22: =INDEX('Type Chart'!$B$5:$P$19,MATCH(L$4,'Type Chart'!$A$5:$A$19,0),MATCH($E22,'Type Chart'!$B$4:$P$4,0))*IF($F22="",1,INDEX('Type Chart'!$B$5:$P$19,MATCH(L$4,'Type Chart'!$A$5:$A$19,0),MATCH($F22,'Type Chart'!$B$4:$P$4,0))) -> 1 | M22: =INDEX('Type Chart'!$B$5:$P$19,MATCH(M$4,'Type Chart'!$A$5:$A$19,0),MATCH($E22,'Type Chart'!$B$4:$P$4,0))*IF($F22="",1,INDEX('Type Chart'!$B$5:$P$19,MATCH(M$4,'Type Chart'!$A$5:$A$19,0),MATCH($F22,'Type Chart'!$B$4:$P$4,0))) -> 0.5 | N22: =INDEX('Type Chart'!$B$5:$P$19,MATCH(N$4,'Type Chart'!$A$5:$A$19,0),MATCH($E22,'Type Chart'!$B$4:$P$4,0))*IF($F22="",1,INDEX('Type Chart'!$B$5:$P$19,MATCH(N$4,'Type Chart'!$A$5:$A$19,0),MATCH($F22,'Type Chart'!$B$4:$P$4,0))) -> 1 | ... U22: =INDEX('Type Chart'!$B$5:$P$19,MATCH(U$4,'Type Chart'!$A$5:$A$19,0),MATCH($E22,'Type Chart'!$B$4:$P$4,0))*IF($F22="",1,INDEX('Type Chart'!$B$5:$P$19,MATCH(U$4,'Type Chart'!$A$5:$A$19,0),MATCH($F22,'Type Chart'!$B$4:$P$4,0))) -> 1
A23: Sabrina | B23: Gym 6 | C23: Alakazam | D23: 50 | E23: Psychic | G23: =INDEX('Type Chart'!$B$5:$P$19,MATCH(G$4,'Type Chart'!$A$5:$A$19,0),MATCH($E23,'Type Chart'!$B$4:$P$4,0))*IF($F23="",1,INDEX('Type Chart'!$B$5:$P$19,MATCH(G$4,'Type Chart'!$A$5:$A$19,0),MATCH($F23,'Type Chart'!$B$4:$P$4,0))) -> 1 | H23: =INDEX('Type Chart'!$B$5:$P$19,MATCH(H$4,'Type Chart'!$A$5:$A$19,0),MATCH($E23,'Type Chart'!$B$4:$P$4,0))*IF($F23="",1,INDEX('Type Chart'!$B$5:$P$19,MATCH(H$4,'Type Chart'!$A$5:$A$19,0),MATCH($F23,'Type Chart'!$B$4:$P$4,0))) -> 1 | I23: =INDEX('Type Chart'!$B$5:$P$19,MATCH(I$4,'Type Chart'!$A$5:$A$19,0),MATCH($E23,'Type Chart'!$B$4:$P$4,0))*IF($F23="",1,INDEX('Type Chart'!$B$5:$P$19,MATCH(I$4,'Type Chart'!$A$5:$A$19,0),MATCH($F23,'Type Chart'!$B$4:$P$4,0))) -> 1 | J23: =INDEX('Type Chart'!$B$5:$P$19,MATCH(J$4,'Type Chart'!$A$5:$A$19,0),MATCH($E23,'Type Chart'!$B$4:$P$4,0))*IF($F23="",1,INDEX('Type Chart'!$B$5:$P$19,MATCH(J$4,'Type Chart'!$A$5:$A$19,0),MATCH($F23,'Type Chart'!$B$4:$P$4,0))) -> 1 | K23: =INDEX('Type Chart'!$B$5:$P$19,MATCH(K$4,'Type Chart'!$A$5:$A$19,0),MATCH($E23,'Type Chart'!$B$4:$P$4,0))*IF($F23="",1,INDEX('Type Chart'!$B$5:$P$19,MATCH(K$4,'Type Chart'!$A$5:$A$19,0),MATCH($F23,'Type Chart'!$B$4:$P$4,0))) -> 1 | L23: =INDEX('Type Chart'!$B$5:$P$19,MATCH(L$4,'Type Chart'!$A$5:$A$19,0),MATCH($E23,'Type Chart'!$B$4:$P$4,0))*IF($F23="",1,INDEX('Type Chart'!$B$5:$P$19,MATCH(L$4,'Type Chart'!$A$5:$A$19,0),MATCH($F23,'Type Chart'!$B$4:$P$4,0))) -> 1 | M23: =INDEX('Type Chart'!$B$5:$P$19,MATCH(M$4,'Type Chart'!$A$5:$A$19,0),MATCH($E23,'Type Chart'!$B$4:$P$4,0))*IF($F23="",1,INDEX('Type Chart'!$B$5:$P$19,MATCH(M$4,'Type Chart'!$A$5:$A$19,0),MATCH($F23,'Type Chart'!$B$4:$P$4,0))) -> 0.5 | N23: =INDEX('Type Chart'!$B$5:$P$19,MATCH(N$4,'Type Chart'!$A$5:$A$19,0),MATCH($E23,'Type Chart'!$B$4:$P$4,0))*IF($F23="",1,INDEX('Type Chart'!$B$5:$P$19,MATCH(N$4,'Type Chart'!$A$5:$A$19,0),MATCH($F23,'Type Chart'!$B$4:$P$4,0))) -> 1 | ... U23: =INDEX('Type Chart'!$B$5:$P$19,MATCH(U$4,'Type Chart'!$A$5:$A$19,0),MATCH($E23,'Type Chart'!$B$4:$P$4,0))*IF($F23="",1,INDEX('Type Chart'!$B$5:$P$19,MATCH(U$4,'Type Chart'!$A$5:$A$19,0),MATCH($F23,'Type Chart'!$B$4:$P$4,0))) -> 1
A24: Blaine | B24: Gym 7 | C24: Rapidash | D24: 52 | E24: Fire | G24: =INDEX('Type Chart'!$B$5:$P$19,MATCH(G$4,'Type Chart'!$A$5:$A$19,0),MATCH($E24,'Type Chart'!$B$4:$P$4,0))*IF($F24="",1,INDEX('Type Chart'!$B$5:$P$19,MATCH(G$4,'Type Chart'!$A$5:$A$19,0),MATCH($F24,'Type Chart'!$B$4:$P$4,0))) -> 1 | H24: =INDEX('Type Chart'!$B$5:$P$19,MATCH(H$4,'Type Chart'!$A$5:$A$19,0),MATCH($E24,'Type Chart'!$B$4:$P$4,0))*IF($F24="",1,INDEX('Type Chart'!$B$5:$P$19,MATCH(H$4,'Type Chart'!$A$5:$A$19,0),MATCH($F24,'Type Chart'!$B$4:$P$4,0))) -> 0.5 | I24: =INDEX('Type Chart'!$B$5:$P$19,MATCH(I$4,'Type Chart'!$A$5:$A$19,0),MATCH($E24,'Type Chart'!$B$4:$P$4,0))*IF($F24="",1,INDEX('Type Chart'!$B$5:$P$19,MATCH(I$4,'Type Chart'!$A$5:$A$19,0),MATCH($F24,'Type Chart'!$B$4:$P$4,0))) -> 2 | J24: =INDEX('Type Chart'!$B$5:$P$19,MATCH(J$4,'Type Chart'!$A$5:$A$19,0),MATCH($E24,'Type Chart'!$B$4:$P$4,0))*IF($F24="",1,INDEX('Type Chart'!$B$5:$P$19,MATCH(J$4,'Type Chart'!$A$5:$A$19,0),MATCH($F24,'Type Chart'!$B$4:$P$4,0))) -> 1 | K24: =INDEX('Type Chart'!$B$5:$P$19,MATCH(K$4,'Type Chart'!$A$5:$A$19,0),MATCH($E24,'Type Chart'!$B$4:$P$4,0))*IF($F24="",1,INDEX('Type Chart'!$B$5:$P$19,MATCH(K$4,'Type Chart'!$A$5:$A$19,0),MATCH($F24,'Type Chart'!$B$4:$P$4,0))) -> 0.5 | L24: =INDEX('Type Chart'!$B$5:$P$19,MATCH(L$4,'Type Chart'!$A$5:$A$19,0),MATCH($E24,'Type Chart'!$B$4:$P$4,0))*IF($F24="",1,INDEX('Type Chart'!$B$5:$P$19,MATCH(L$4,'Type Chart'!$A$5:$A$19,0),MATCH($F24,'Type Chart'!$B$4:$P$4,0))) -> 1 | M24: =INDEX('Type Chart'!$B$5:$P$19,MATCH(M$4,'Type Chart'!$A$5:$A$19,0),MATCH($E24,'Type Chart'!$B$4:$P$4,0))*IF($F24="",1,INDEX('Type Chart'!$B$5:$P$19,MATCH(M$4,'Type Chart'!$A$5:$A$19,0),MATCH($F24,'Type Chart'!$B$4:$P$4,0))) -> 1 | N24: =INDEX('Type Chart'!$B$5:$P$19,MATCH(N$4,'Type Chart'!$A$5:$A$19,0),MATCH($E24,'Type Chart'!$B$4:$P$4,0))*IF($F24="",1,INDEX('Type Chart'!$B$5:$P$19,MATCH(N$4,'Type Chart'!$A$5:$A$19,0),MATCH($F24,'Type Chart'!$B$4:$P$4,0))) -> 1 | ... U24: =INDEX('Type Chart'!$B$5:$P$19,MATCH(U$4,'Type Chart'!$A$5:$A$19,0),MATCH($E24,'Type Chart'!$B$4:$P$4,0))*IF($F24="",1,INDEX('Type Chart'!$B$5:$P$19,MATCH(U$4,'Type Chart'!$A$5:$A$19,0),MATCH($F24,'Type Chart'!$B$4:$P$4,0))) -> 1
A25: Blaine | B25: Gym 7 | C25: Charizard | D25: 51 | E25: Fire | F25: Flying | G25: =INDEX('Type Chart'!$B$5:$P$19,MATCH(G$4,'Type Chart'!$A$5:$A$19,0),MATCH($E25,'Type Chart'!$B$4:$P$4,0))*IF($F25="",1,INDEX('Type Chart'!$B$5:$P$19,MATCH(G$4,'Type Chart'!$A$5:$A$19,0),MATCH($F25,'Type Chart'!$B$4:$P$4,0))) -> 1 | H25: =INDEX('Type Chart'!$B$5:$P$19,MATCH(H$4,'Type Chart'!$A$5:$A$19,0),MATCH($E25,'Type Chart'!$B$4:$P$4,0))*IF($F25="",1,INDEX('Type Chart'!$B$5:$P$19,MATCH(H$4,'Type Chart'!$A$5:$A$19,0),MATCH($F25,'Type Chart'!$B$4:$P$4,0))) -> 0.5 | I25: =INDEX('Type Chart'!$B$5:$P$19,MATCH(I$4,'Type Chart'!$A$5:$A$19,0),MATCH($E25,'Type Chart'!$B$4:$P$4,0))*IF($F25="",1,INDEX('Type Chart'!$B$5:$P$19,MATCH(I$4,'Type Chart'!$A$5:$A$19,0),MATCH($F25,'Type Chart'!$B$4:$P$4,0))) -> 2 | J25: =INDEX('Type Chart'!$B$5:$P$19,MATCH(J$4,'Type Chart'!$A$5:$A$19,0),MATCH($E25,'Type Chart'!$B$4:$P$4,0))*IF($F25="",1,INDEX('Type Chart'!$B$5:$P$19,MATCH(J$4,'Type Chart'!$A$5:$A$19,0),MATCH($F25,'Type Chart'!$B$4:$P$4,0))) -> 2 | K25: =INDEX('Type Chart'!$B$5:$P$19,MATCH(K$4,'Type Chart'!$A$5:$A$19,0),MATCH($E25,'Type Chart'!$B$4:$P$4,0))*IF($F25="",1,INDEX('Type Chart'!$B$5:$P$19,MATCH(K$4,'Type Chart'!$A$5:$A$19,0),MATCH($F25,'Type Chart'!$B$4:$P$4,0))) -> 0.25 | L25: =INDEX('Type Chart'!$B$5:$P$19,MATCH(L$4,'Type Chart'!$A$5:$A$19,0),MATCH($E25,'Type Chart'!$B$4:$P$4,0))*IF($F25="",1,INDEX('Type Chart'!$B$5:$P$19,MATCH(L$4,'Type Chart'!$A$5:$A$19,0),MATCH($F25,'Type Chart'!$B$4:$P$4,0))) -> 2 | M25: =INDEX('Type Chart'!$B$5:$P$19,MATCH(M$4,'Type Chart'!$A$5:$A$19,0),MATCH($E25,'Type Chart'!$B$4:$P$4,0))*IF($F25="",1,INDEX('Type Chart'!$B$5:$P$19,MATCH(M$4,'Type Chart'!$A$5:$A$19,0),MATCH($F25,'Type Chart'!$B$4:$P$4,0))) -> 0.5 | N25: =INDEX('Type Chart'!$B$5:$P$19,MATCH(N$4,'Type Chart'!$A$5:$A$19,0),MATCH($E25,'Type Chart'!$B$4:$P$4,0))*IF($F25="",1,INDEX('Type Chart'!$B$5:$P$19,MATCH(N$4,'Type Chart'!$A$5:$A$19,0),MATCH($F25,'Type Chart'!$B$4:$P$4,0))) -> 1 | ... U25: =INDEX('Type Chart'!$B$5:$P$19,MATCH(U$4,'Type Chart'!$A$5:$A$19,0),MATCH($E25,'Type Chart'!$B$4:$P$4,0))*IF($F25="",1,INDEX('Type Chart'!$B$5:$P$19,MATCH(U$4,'Type Chart'!$A$5:$A$19,0),MATCH($F25,'Type Chart'!$B$4:$P$4,0))) -> 1
A26: Blaine | B26: Gym 7 | C26: Ninetales | D26: 51 | E26: Fire | G26: =INDEX('Type Chart'!$B$5:$P$19,MATCH(G$4,'Type Chart'!$A$5:$A$19,0),MATCH($E26,'Type Chart'!$B$4:$P$4,0))*IF($F26="",1,INDEX('Type Chart'!$B$5:$P$19,MATCH(G$4,'Type Chart'!$A$5:$A$19,0),MATCH($F26,'Type Chart'!$B$4:$P$4,0))) -> 1 | H26: =INDEX('Type Chart'!$B$5:$P$19,MATCH(H$4,'Type Chart'!$A$5:$A$19,0),MATCH($E26,'Type Chart'!$B$4:$P$4,0))*IF($F26="",1,INDEX('Type Chart'!$B$5:$P$19,MATCH(H$4,'Type Chart'!$A$5:$A$19,0),MATCH($F26,'Type Chart'!$B$4:$P$4,0))) -> 0.5 | I26: =INDEX('Type Chart'!$B$5:$P$19,MATCH(I$4,'Type Chart'!$A$5:$A$19,0),MATCH($E26,'Type Chart'!$B$4:$P$4,0))*IF($F26="",1,INDEX('Type Chart'!$B$5:$P$19,MATCH(I$4,'Type Chart'!$A$5:$A$19,0),MATCH($F26,'Type Chart'!$B$4:$P$4,0))) -> 2 | J26: =INDEX('Type Chart'!$B$5:$P$19,MATCH(J$4,'Type Chart'!$A$5:$A$19,0),MATCH($E26,'Type Chart'!$B$4:$P$4,0))*IF($F26="",1,INDEX('Type Chart'!$B$5:$P$19,MATCH(J$4,'Type Chart'!$A$5:$A$19,0),MATCH($F26,'Type Chart'!$B$4:$P$4,0))) -> 1 | K26: =INDEX('Type Chart'!$B$5:$P$19,MATCH(K$4,'Type Chart'!$A$5:$A$19,0),MATCH($E26,'Type Chart'!$B$4:$P$4,0))*IF($F26="",1,INDEX('Type Chart'!$B$5:$P$19,MATCH(K$4,'Type Chart'!$A$5:$A$19,0),MATCH($F26,'Type Chart'!$B$4:$P$4,0))) -> 0.5 | L26: =INDEX('Type Chart'!$B$5:$P$19,MATCH(L$4,'Type Chart'!$A$5:$A$19,0),MATCH($E26,'Type Chart'!$B$4:$P$4,0))*IF($F26="",1,INDEX('Type Chart'!$B$5:$P$19,MATCH(L$4,'Type Chart'!$A$5:$A$19,0),MATCH($F26,'Type Chart'!$B$4:$P$4,0))) -> 1 | M26: =INDEX('Type Chart'!$B$5:$P$19,MATCH(M$4,'Type Chart'!$A$5:$A$19,0),MATCH($E26,'Type Chart'!$B$4:$P$4,0))*IF($F26="",1,INDEX('Type Chart'!$B$5:$P$19,MATCH(M$4,'Type Chart'!$A$5:$A$19,0),MATCH($F26,'Type Chart'!$B$4:$P$4,0))) -> 1 | N26: =INDEX('Type Chart'!$B$5:$P$19,MATCH(N$4,'Type Chart'!$A$5:$A$19,0),MATCH($E26,'Type Chart'!$B$4:$P$4,0))*IF($F26="",1,INDEX('Type Chart'!$B$5:$P$19,MATCH(N$4,'Type Chart'!$A$5:$A$19,0),MATCH($F26,'Type Chart'!$B$4:$P$4,0))) -> 1 | ... U26: =INDEX('Type Chart'!$B$5:$P$19,MATCH(U$4,'Type Chart'!$A$5:$A$19,0),MATCH($E26,'Type Chart'!$B$4:$P$4,0))*IF($F26="",1,INDEX('Type Chart'!$B$5:$P$19,MATCH(U$4,'Type Chart'!$A$5:$A$19,0),MATCH($F26,'Type Chart'!$B$4:$P$4,0))) -> 1
A27: Blaine | B27: Gym 7 | C27: Arcanine | D27: 52 | E27: Fire | G27: =INDEX('Type Chart'!$B$5:$P$19,MATCH(G$4,'Type Chart'!$A$5:$A$19,0),MATCH($E27,'Type Chart'!$B$4:$P$4,0))*IF($F27="",1,INDEX('Type Chart'!$B$5:$P$19,MATCH(G$4,'Type Chart'!$A$5:$A$19,0),MATCH($F27,'Type Chart'!$B$4:$P$4,0))) -> 1 | H27: =INDEX('Type Chart'!$B$5:$P$19,MATCH(H$4,'Type Chart'!$A$5:$A$19,0),MATCH($E27,'Type Chart'!$B$4:$P$4,0))*IF($F27="",1,INDEX('Type Chart'!$B$5:$P$19,MATCH(H$4,'Type Chart'!$A$5:$A$19,0),MATCH($F27,'Type Chart'!$B$4:$P$4,0))) -> 0.5 | I27: =INDEX('Type Chart'!$B$5:$P$19,MATCH(I$4,'Type Chart'!$A$5:$A$19,0),MATCH($E27,'Type Chart'!$B$4:$P$4,0))*IF($F27="",1,INDEX('Type Chart'!$B$5:$P$19,MATCH(I$4,'Type Chart'!$A$5:$A$19,0),MATCH($F27,'Type Chart'!$B$4:$P$4,0))) -> 2 | J27: =INDEX('Type Chart'!$B$5:$P$19,MATCH(J$4,'Type Chart'!$A$5:$A$19,0),MATCH($E27,'Type Chart'!$B$4:$P$4,0))*IF($F27="",1,INDEX('Type Chart'!$B$5:$P$19,MATCH(J$4,'Type Chart'!$A$5:$A$19,0),MATCH($F27,'Type Chart'!$B$4:$P$4,0))) -> 1 | K27: =INDEX('Type Chart'!$B$5:$P$19,MATCH(K$4,'Type Chart'!$A$5:$A$19,0),MATCH($E27,'Type Chart'!$B$4:$P$4,0))*IF($F27="",1,INDEX('Type Chart'!$B$5:$P$19,MATCH(K$4,'Type Chart'!$A$5:$A$19,0),MATCH($F27,'Type Chart'!$B$4:$P$4,0))) -> 0.5 | L27: =INDEX('Type Chart'!$B$5:$P$19,MATCH(L$4,'Type Chart'!$A$5:$A$19,0),MATCH($E27,'Type Chart'!$B$4:$P$4,0))*IF($F27="",1,INDEX('Type Chart'!$B$5:$P$19,MATCH(L$4,'Type Chart'!$A$5:$A$19,0),MATCH($F27,'Type Chart'!$B$4:$P$4,0))) -> 1 | M27: =INDEX('Type Chart'!$B$5:$P$19,MATCH(M$4,'Type Chart'!$A$5:$A$19,0),MATCH($E27,'Type Chart'!$B$4:$P$4,0))*IF($F27="",1,INDEX('Type Chart'!$B$5:$P$19,MATCH(M$4,'Type Chart'!$A$5:$A$19,0),MATCH($F27,'Type Chart'!$B$4:$P$4,0))) -> 1 | N27: =INDEX('Type Chart'!$B$5:$P$19,MATCH(N$4,'Type Chart'!$A$5:$A$19,0),MATCH($E27,'Type Chart'!$B$4:$P$4,0))*IF($F27="",1,INDEX('Type Chart'!$B$5:$P$19,MATCH(N$4,'Type Chart'!$A$5:$A$19,0),MATCH($F27,'Type Chart'!$B$4:$P$4,0))) -> 1 | ... U27: =INDEX('Type Chart'!$B$5:$P$19,MATCH(U$4,'Type Chart'!$A$5:$A$19,0),MATCH($E27,'Type Chart'!$B$4:$P$4,0))*IF($F27="",1,INDEX('Type Chart'!$B$5:$P$19,MATCH(U$4,'Type Chart'!$A$5:$A$19,0),MATCH($F27,'Type Chart'!$B$4:$P$4,0))) -> 1
A28: Blaine | B28: Gym 7 | C28: Magmar | D28: 53 | E28: Fire | G28: =INDEX('Type Chart'!$B$5:$P$19,MATCH(G$4,'Type Chart'!$A$5:$A$19,0),MATCH($E28,'Type Chart'!$B$4:$P$4,0))*IF($F28="",1,INDEX('Type Chart'!$B$5:$P$19,MATCH(G$4,'Type Chart'!$A$5:$A$19,0),MATCH($F28,'Type Chart'!$B$4:$P$4,0))) -> 1 | H28: =INDEX('Type Chart'!$B$5:$P$19,MATCH(H$4,'Type Chart'!$A$5:$A$19,0),MATCH($E28,'Type Chart'!$B$4:$P$4,0))*IF($F28="",1,INDEX('Type Chart'!$B$5:$P$19,MATCH(H$4,'Type Chart'!$A$5:$A$19,0),MATCH($F28,'Type Chart'!$B$4:$P$4,0))) -> 0.5 | I28: =INDEX('Type Chart'!$B$5:$P$19,MATCH(I$4,'Type Chart'!$A$5:$A$19,0),MATCH($E28,'Type Chart'!$B$4:$P$4,0))*IF($F28="",1,INDEX('Type Chart'!$B$5:$P$19,MATCH(I$4,'Type Chart'!$A$5:$A$19,0),MATCH($F28,'Type Chart'!$B$4:$P$4,0))) -> 2 | J28: =INDEX('Type Chart'!$B$5:$P$19,MATCH(J$4,'Type Chart'!$A$5:$A$19,0),MATCH($E28,'Type Chart'!$B$4:$P$4,0))*IF($F28="",1,INDEX('Type Chart'!$B$5:$P$19,MATCH(J$4,'Type Chart'!$A$5:$A$19,0),MATCH($F28,'Type Chart'!$B$4:$P$4,0))) -> 1 | K28: =INDEX('Type Chart'!$B$5:$P$19,MATCH(K$4,'Type Chart'!$A$5:$A$19,0),MATCH($E28,'Type Chart'!$B$4:$P$4,0))*IF($F28="",1,INDEX('Type Chart'!$B$5:$P$19,MATCH(K$4,'Type Chart'!$A$5:$A$19,0),MATCH($F28,'Type Chart'!$B$4:$P$4,0))) -> 0.5 | L28: =INDEX('Type Chart'!$B$5:$P$19,MATCH(L$4,'Type Chart'!$A$5:$A$19,0),MATCH($E28,'Type Chart'!$B$4:$P$4,0))*IF($F28="",1,INDEX('Type Chart'!$B$5:$P$19,MATCH(L$4,'Type Chart'!$A$5:$A$19,0),MATCH($F28,'Type Chart'!$B$4:$P$4,0))) -> 1 | M28: =INDEX('Type Chart'!$B$5:$P$19,MATCH(M$4,'Type Chart'!$A$5:$A$19,0),MATCH($E28,'Type Chart'!$B$4:$P$4,0))*IF($F28="",1,INDEX('Type Chart'!$B$5:$P$19,MATCH(M$4,'Type Chart'!$A$5:$A$19,0),MATCH($F28,'Type Chart'!$B$4:$P$4,0))) -> 1 | N28: =INDEX('Type Chart'!$B$5:$P$19,MATCH(N$4,'Type Chart'!$A$5:$A$19,0),MATCH($E28,'Type Chart'!$B$4:$P$4,0))*IF($F28="",1,INDEX('Type Chart'!$B$5:$P$19,MATCH(N$4,'Type Chart'!$A$5:$A$19,0),MATCH($F28,'Type Chart'!$B$4:$P$4,0))) -> 1 | ... U28: =INDEX('Type Chart'!$B$5:$P$19,MATCH(U$4,'Type Chart'!$A$5:$A$19,0),MATCH($E28,'Type Chart'!$B$4:$P$4,0))*IF($F28="",1,INDEX('Type Chart'!$B$5:$P$19,MATCH(U$4,'Type Chart'!$A$5:$A$19,0),MATCH($F28,'Type Chart'!$B$4:$P$4,0))) -> 1
A29: Giovanni | B29: Gym 8 | C29: Dugtrio | D29: 53 | E29: Ground | G29: =INDEX('Type Chart'!$B$5:$P$19,MATCH(G$4,'Type Chart'!$A$5:$A$19,0),MATCH($E29,'Type Chart'!$B$4:$P$4,0))*IF($F29="",1,INDEX('Type Chart'!$B$5:$P$19,MATCH(G$4,'Type Chart'!$A$5:$A$19,0),MATCH($F29,'Type Chart'!$B$4:$P$4,0))) -> 1 | H29: =INDEX('Type Chart'!$B$5:$P$19,MATCH(H$4,'Type Chart'!$A$5:$A$19,0),MATCH($E29,'Type Chart'!$B$4:$P$4,0))*IF($F29="",1,INDEX('Type Chart'!$B$5:$P$19,MATCH(H$4,'Type Chart'!$A$5:$A$19,0),MATCH($F29,'Type Chart'!$B$4:$P$4,0))) -> 1 | I29: =INDEX('Type Chart'!$B$5:$P$19,MATCH(I$4,'Type Chart'!$A$5:$A$19,0),MATCH($E29,'Type Chart'!$B$4:$P$4,0))*IF($F29="",1,INDEX('Type Chart'!$B$5:$P$19,MATCH(I$4,'Type Chart'!$A$5:$A$19,0),MATCH($F29,'Type Chart'!$B$4:$P$4,0))) -> 2 | J29: =INDEX('Type Chart'!$B$5:$P$19,MATCH(J$4,'Type Chart'!$A$5:$A$19,0),MATCH($E29,'Type Chart'!$B$4:$P$4,0))*IF($F29="",1,INDEX('Type Chart'!$B$5:$P$19,MATCH(J$4,'Type Chart'!$A$5:$A$19,0),MATCH($F29,'Type Chart'!$B$4:$P$4,0))) -> 0 | K29: =INDEX('Type Chart'!$B$5:$P$19,MATCH(K$4,'Type Chart'!$A$5:$A$19,0),MATCH($E29,'Type Chart'!$B$4:$P$4,0))*IF($F29="",1,INDEX('Type Chart'!$B$5:$P$19,MATCH(K$4,'Type Chart'!$A$5:$A$19,0),MATCH($F29,'Type Chart'!$B$4:$P$4,0))) -> 2 | L29: =INDEX('Type Chart'!$B$5:$P$19,MATCH(L$4,'Type Chart'!$A$5:$A$19,0),MATCH($E29,'Type Chart'!$B$4:$P$4,0))*IF($F29="",1,INDEX('Type Chart'!$B$5:$P$19,MATCH(L$4,'Type Chart'!$A$5:$A$19,0),MATCH($F29,'Type Chart'!$B$4:$P$4,0))) -> 2 | M29: =INDEX('Type Chart'!$B$5:$P$19,MATCH(M$4,'Type Chart'!$A$5:$A$19,0),MATCH($E29,'Type Chart'!$B$4:$P$4,0))*IF($F29="",1,INDEX('Type Chart'!$B$5:$P$19,MATCH(M$4,'Type Chart'!$A$5:$A$19,0),MATCH($F29,'Type Chart'!$B$4:$P$4,0))) -> 1 | N29: =INDEX('Type Chart'!$B$5:$P$19,MATCH(N$4,'Type Chart'!$A$5:$A$19,0),MATCH($E29,'Type Chart'!$B$4:$P$4,0))*IF($F29="",1,INDEX('Type Chart'!$B$5:$P$19,MATCH(N$4,'Type Chart'!$A$5:$A$19,0),MATCH($F29,'Type Chart'!$B$4:$P$4,0))) -> 0.5 | ... U29: =INDEX('Type Chart'!$B$5:$P$19,MATCH(U$4,'Type Chart'!$A$5:$A$19,0),MATCH($E29,'Type Chart'!$B$4:$P$4,0))*IF($F29="",1,INDEX('Type Chart'!$B$5:$P$19,MATCH(U$4,'Type Chart'!$A$5:$A$19,0),MATCH($F29,'Type Chart'!$B$4:$P$4,0))) -> 1
A30: Giovanni | B30: Gym 8 | C30: Nidoqueen | D30: 54 | E30: Poison | F30: Ground | G30: =INDEX('Type Chart'!$B$5:$P$19,MATCH(G$4,'Type Chart'!$A$5:$A$19,0),MATCH($E30,'Type Chart'!$B$4:$P$4,0))*IF($F30="",1,INDEX('Type Chart'!$B$5:$P$19,MATCH(G$4,'Type Chart'!$A$5:$A$19,0),MATCH($F30,'Type Chart'!$B$4:$P$4,0))) -> 1 | H30: =INDEX('Type Chart'!$B$5:$P$19,MATCH(H$4,'Type Chart'!$A$5:$A$19,0),MATCH($E30,'Type Chart'!$B$4:$P$4,0))*IF($F30="",1,INDEX('Type Chart'!$B$5:$P$19,MATCH(H$4,'Type Chart'!$A$5:$A$19,0),MATCH($F30,'Type Chart'!$B$4:$P$4,0))) -> 1 | I30: =INDEX('Type Chart'!$B$5:$P$19,MATCH(I$4,'Type Chart'!$A$5:$A$19,0),MATCH($E30,'Type Chart'!$B$4:$P$4,0))*IF($F30="",1,INDEX('Type Chart'!$B$5:$P$19,MATCH(I$4,'Type Chart'!$A$5:$A$19,0),MATCH($F30,'Type Chart'!$B$4:$P$4,0))) -> 2 | J30: =INDEX('Type Chart'!$B$5:$P$19,MATCH(J$4,'Type Chart'!$A$5:$A$19,0),MATCH($E30,'Type Chart'!$B$4:$P$4,0))*IF($F30="",1,INDEX('Type Chart'!$B$5:$P$19,MATCH(J$4,'Type Chart'!$A$5:$A$19,0),MATCH($F30,'Type Chart'!$B$4:$P$4,0))) -> 0 | K30: =INDEX('Type Chart'!$B$5:$P$19,MATCH(K$4,'Type Chart'!$A$5:$A$19,0),MATCH($E30,'Type Chart'!$B$4:$P$4,0))*IF($F30="",1,INDEX('Type Chart'!$B$5:$P$19,MATCH(K$4,'Type Chart'!$A$5:$A$19,0),MATCH($F30,'Type Chart'!$B$4:$P$4,0))) -> 1 | L30: =INDEX('Type Chart'!$B$5:$P$19,MATCH(L$4,'Type Chart'!$A$5:$A$19,0),MATCH($E30,'Type Chart'!$B$4:$P$4,0))*IF($F30="",1,INDEX('Type Chart'!$B$5:$P$19,MATCH(L$4,'Type Chart'!$A$5:$A$19,0),MATCH($F30,'Type Chart'!$B$4:$P$4,0))) -> 2 | M30: =INDEX('Type Chart'!$B$5:$P$19,MATCH(M$4,'Type Chart'!$A$5:$A$19,0),MATCH($E30,'Type Chart'!$B$4:$P$4,0))*IF($F30="",1,INDEX('Type Chart'!$B$5:$P$19,MATCH(M$4,'Type Chart'!$A$5:$A$19,0),MATCH($F30,'Type Chart'!$B$4:$P$4,0))) -> 0.5 | N30: =INDEX('Type Chart'!$B$5:$P$19,MATCH(N$4,'Type Chart'!$A$5:$A$19,0),MATCH($E30,'Type Chart'!$B$4:$P$4,0))*IF($F30="",1,INDEX('Type Chart'!$B$5:$P$19,MATCH(N$4,'Type Chart'!$A$5:$A$19,0),MATCH($F30,'Type Chart'!$B$4:$P$4,0))) -> 0.25 | ... U30: =INDEX('Type Chart'!$B$5:$P$19,MATCH(U$4,'Type Chart'!$A$5:$A$19,0),MATCH($E30,'Type Chart'!$B$4:$P$4,0))*IF($F30="",1,INDEX('Type Chart'!$B$5:$P$19,MATCH(U$4,'Type Chart'!$A$5:$A$19,0),MATCH($F30,'Type Chart'!$B$4:$P$4,0))) -> 1
A31: Giovanni | B31: Gym 8 | C31: Persian | D31: 55 | E31: Normal | G31: =INDEX('Type Chart'!$B$5:$P$19,MATCH(G$4,'Type Chart'!$A$5:$A$19,0),MATCH($E31,'Type Chart'!$B$4:$P$4,0))*IF($F31="",1,INDEX('Type Chart'!$B$5:$P$19,MATCH(G$4,'Type Chart'!$A$5:$A$19,0),MATCH($F31,'Type Chart'!$B$4:$P$4,0))) -> 1 | H31: =INDEX('Type Chart'!$B$5:$P$19,MATCH(H$4,'Type Chart'!$A$5:$A$19,0),MATCH($E31,'Type Chart'!$B$4:$P$4,0))*IF($F31="",1,INDEX('Type Chart'!$B$5:$P$19,MATCH(H$4,'Type Chart'!$A$5:$A$19,0),MATCH($F31,'Type Chart'!$B$4:$P$4,0))) -> 1 | I31: =INDEX('Type Chart'!$B$5:$P$19,MATCH(I$4,'Type Chart'!$A$5:$A$19,0),MATCH($E31,'Type Chart'!$B$4:$P$4,0))*IF($F31="",1,INDEX('Type Chart'!$B$5:$P$19,MATCH(I$4,'Type Chart'!$A$5:$A$19,0),MATCH($F31,'Type Chart'!$B$4:$P$4,0))) -> 1 | J31: =INDEX('Type Chart'!$B$5:$P$19,MATCH(J$4,'Type Chart'!$A$5:$A$19,0),MATCH($E31,'Type Chart'!$B$4:$P$4,0))*IF($F31="",1,INDEX('Type Chart'!$B$5:$P$19,MATCH(J$4,'Type Chart'!$A$5:$A$19,0),MATCH($F31,'Type Chart'!$B$4:$P$4,0))) -> 1 | K31: =INDEX('Type Chart'!$B$5:$P$19,MATCH(K$4,'Type Chart'!$A$5:$A$19,0),MATCH($E31,'Type Chart'!$B$4:$P$4,0))*IF($F31="",1,INDEX('Type Chart'!$B$5:$P$19,MATCH(K$4,'Type Chart'!$A$5:$A$19,0),MATCH($F31,'Type Chart'!$B$4:$P$4,0))) -> 1 | L31: =INDEX('Type Chart'!$B$5:$P$19,MATCH(L$4,'Type Chart'!$A$5:$A$19,0),MATCH($E31,'Type Chart'!$B$4:$P$4,0))*IF($F31="",1,INDEX('Type Chart'!$B$5:$P$19,MATCH(L$4,'Type Chart'!$A$5:$A$19,0),MATCH($F31,'Type Chart'!$B$4:$P$4,0))) -> 1 | M31: =INDEX('Type Chart'!$B$5:$P$19,MATCH(M$4,'Type Chart'!$A$5:$A$19,0),MATCH($E31,'Type Chart'!$B$4:$P$4,0))*IF($F31="",1,INDEX('Type Chart'!$B$5:$P$19,MATCH(M$4,'Type Chart'!$A$5:$A$19,0),MATCH($F31,'Type Chart'!$B$4:$P$4,0))) -> 2 | N31: =INDEX('Type Chart'!$B$5:$P$19,MATCH(N$4,'Type Chart'!$A$5:$A$19,0),MATCH($E31,'Type Chart'!$B$4:$P$4,0))*IF($F31="",1,INDEX('Type Chart'!$B$5:$P$19,MATCH(N$4,'Type Chart'!$A$5:$A$19,0),MATCH($F31,'Type Chart'!$B$4:$P$4,0))) -> 1 | ... U31: =INDEX('Type Chart'!$B$5:$P$19,MATCH(U$4,'Type Chart'!$A$5:$A$19,0),MATCH($E31,'Type Chart'!$B$4:$P$4,0))*IF($F31="",1,INDEX('Type Chart'!$B$5:$P$19,MATCH(U$4,'Type Chart'!$A$5:$A$19,0),MATCH($F31,'Type Chart'!$B$4:$P$4,0))) -> 1
A32: Giovanni | B32: Gym 8 | C32: Nidoking | D32: 54 | E32: Poison | F32: Ground | G32: =INDEX('Type Chart'!$B$5:$P$19,MATCH(G$4,'Type Chart'!$A$5:$A$19,0),MATCH($E32,'Type Chart'!$B$4:$P$4,0))*IF($F32="",1,INDEX('Type Chart'!$B$5:$P$19,MATCH(G$4,'Type Chart'!$A$5:$A$19,0),MATCH($F32,'Type Chart'!$B$4:$P$4,0))) -> 1 | H32: =INDEX('Type Chart'!$B$5:$P$19,MATCH(H$4,'Type Chart'!$A$5:$A$19,0),MATCH($E32,'Type Chart'!$B$4:$P$4,0))*IF($F32="",1,INDEX('Type Chart'!$B$5:$P$19,MATCH(H$4,'Type Chart'!$A$5:$A$19,0),MATCH($F32,'Type Chart'!$B$4:$P$4,0))) -> 1 | I32: =INDEX('Type Chart'!$B$5:$P$19,MATCH(I$4,'Type Chart'!$A$5:$A$19,0),MATCH($E32,'Type Chart'!$B$4:$P$4,0))*IF($F32="",1,INDEX('Type Chart'!$B$5:$P$19,MATCH(I$4,'Type Chart'!$A$5:$A$19,0),MATCH($F32,'Type Chart'!$B$4:$P$4,0))) -> 2 | J32: =INDEX('Type Chart'!$B$5:$P$19,MATCH(J$4,'Type Chart'!$A$5:$A$19,0),MATCH($E32,'Type Chart'!$B$4:$P$4,0))*IF($F32="",1,INDEX('Type Chart'!$B$5:$P$19,MATCH(J$4,'Type Chart'!$A$5:$A$19,0),MATCH($F32,'Type Chart'!$B$4:$P$4,0))) -> 0 | K32: =INDEX('Type Chart'!$B$5:$P$19,MATCH(K$4,'Type Chart'!$A$5:$A$19,0),MATCH($E32,'Type Chart'!$B$4:$P$4,0))*IF($F32="",1,INDEX('Type Chart'!$B$5:$P$19,MATCH(K$4,'Type Chart'!$A$5:$A$19,0),MATCH($F32,'Type Chart'!$B$4:$P$4,0))) -> 1 | L32: =INDEX('Type Chart'!$B$5:$P$19,MATCH(L$4,'Type Chart'!$A$5:$A$19,0),MATCH($E32,'Type Chart'!$B$4:$P$4,0))*IF($F32="",1,INDEX('Type Chart'!$B$5:$P$19,MATCH(L$4,'Type Chart'!$A$5:$A$19,0),MATCH($F32,'Type Chart'!$B$4:$P$4,0))) -> 2 | M32: =INDEX('Type Chart'!$B$5:$P$19,MATCH(M$4,'Type Chart'!$A$5:$A$19,0),MATCH($E32,'Type Chart'!$B$4:$P$4,0))*IF($F32="",1,INDEX('Type Chart'!$B$5:$P$19,MATCH(M$4,'Type Chart'!$A$5:$A$19,0),MATCH($F32,'Type Chart'!$B$4:$P$4,0))) -> 0.5 | N32: =INDEX('Type Chart'!$B$5:$P$19,MATCH(N$4,'Type Chart'!$A$5:$A$19,0),MATCH($E32,'Type Chart'!$B$4:$P$4,0))*IF($F32="",1,INDEX('Type Chart'!$B$5:$P$19,MATCH(N$4,'Type Chart'!$A$5:$A$19,0),MATCH($F32,'Type Chart'!$B$4:$P$4,0))) -> 0.25 | ... U32: =INDEX('Type Chart'!$B$5:$P$19,MATCH(U$4,'Type Chart'!$A$5:$A$19,0),MATCH($E32,'Type Chart'!$B$4:$P$4,0))*IF($F32="",1,INDEX('Type Chart'!$B$5:$P$19,MATCH(U$4,'Type Chart'!$A$5:$A$19,0),MATCH($F32,'Type Chart'!$B$4:$P$4,0))) -> 1
A33: Giovanni | B33: Gym 8 | C33: Rhydon | D33: 55 | E33: Ground | F33: Rock | G33: =INDEX('Type Chart'!$B$5:$P$19,MATCH(G$4,'Type Chart'!$A$5:$A$19,0),MATCH($E33,'Type Chart'!$B$4:$P$4,0))*IF($F33="",1,INDEX('Type Chart'!$B$5:$P$19,MATCH(G$4,'Type Chart'!$A$5:$A$19,0),MATCH($F33,'Type Chart'!$B$4:$P$4,0))) -> 0.5 | H33: =INDEX('Type Chart'!$B$5:$P$19,MATCH(H$4,'Type Chart'!$A$5:$A$19,0),MATCH($E33,'Type Chart'!$B$4:$P$4,0))*IF($F33="",1,INDEX('Type Chart'!$B$5:$P$19,MATCH(H$4,'Type Chart'!$A$5:$A$19,0),MATCH($F33,'Type Chart'!$B$4:$P$4,0))) -> 0.5 | I33: =INDEX('Type Chart'!$B$5:$P$19,MATCH(I$4,'Type Chart'!$A$5:$A$19,0),MATCH($E33,'Type Chart'!$B$4:$P$4,0))*IF($F33="",1,INDEX('Type Chart'!$B$5:$P$19,MATCH(I$4,'Type Chart'!$A$5:$A$19,0),MATCH($F33,'Type Chart'!$B$4:$P$4,0))) -> 4 | J33: =INDEX('Type Chart'!$B$5:$P$19,MATCH(J$4,'Type Chart'!$A$5:$A$19,0),MATCH($E33,'Type Chart'!$B$4:$P$4,0))*IF($F33="",1,INDEX('Type Chart'!$B$5:$P$19,MATCH(J$4,'Type Chart'!$A$5:$A$19,0),MATCH($F33,'Type Chart'!$B$4:$P$4,0))) -> 0 | K33: =INDEX('Type Chart'!$B$5:$P$19,MATCH(K$4,'Type Chart'!$A$5:$A$19,0),MATCH($E33,'Type Chart'!$B$4:$P$4,0))*IF($F33="",1,INDEX('Type Chart'!$B$5:$P$19,MATCH(K$4,'Type Chart'!$A$5:$A$19,0),MATCH($F33,'Type Chart'!$B$4:$P$4,0))) -> 4 | L33: =INDEX('Type Chart'!$B$5:$P$19,MATCH(L$4,'Type Chart'!$A$5:$A$19,0),MATCH($E33,'Type Chart'!$B$4:$P$4,0))*IF($F33="",1,INDEX('Type Chart'!$B$5:$P$19,MATCH(L$4,'Type Chart'!$A$5:$A$19,0),MATCH($F33,'Type Chart'!$B$4:$P$4,0))) -> 2 | M33: =INDEX('Type Chart'!$B$5:$P$19,MATCH(M$4,'Type Chart'!$A$5:$A$19,0),MATCH($E33,'Type Chart'!$B$4:$P$4,0))*IF($F33="",1,INDEX('Type Chart'!$B$5:$P$19,MATCH(M$4,'Type Chart'!$A$5:$A$19,0),MATCH($F33,'Type Chart'!$B$4:$P$4,0))) -> 2 | N33: =INDEX('Type Chart'!$B$5:$P$19,MATCH(N$4,'Type Chart'!$A$5:$A$19,0),MATCH($E33,'Type Chart'!$B$4:$P$4,0))*IF($F33="",1,INDEX('Type Chart'!$B$5:$P$19,MATCH(N$4,'Type Chart'!$A$5:$A$19,0),MATCH($F33,'Type Chart'!$B$4:$P$4,0))) -> 0.25 | ... U33: =INDEX('Type Chart'!$B$5:$P$19,MATCH(U$4,'Type Chart'!$A$5:$A$19,0),MATCH($E33,'Type Chart'!$B$4:$P$4,0))*IF($F33="",1,INDEX('Type Chart'!$B$5:$P$19,MATCH(U$4,'Type Chart'!$A$5:$A$19,0),MATCH($F33,'Type Chart'!$B$4:$P$4,0))) -> 1
A34: Lorelei | B34: Elite Four | C34: Slowbro | D34: 56 | E34: Water | F34: Psychic | G34: =INDEX('Type Chart'!$B$5:$P$19,MATCH(G$4,'Type Chart'!$A$5:$A$19,0),MATCH($E34,'Type Chart'!$B$4:$P$4,0))*IF($F34="",1,INDEX('Type Chart'!$B$5:$P$19,MATCH(G$4,'Type Chart'!$A$5:$A$19,0),MATCH($F34,'Type Chart'!$B$4:$P$4,0))) -> 1 | H34: =INDEX('Type Chart'!$B$5:$P$19,MATCH(H$4,'Type Chart'!$A$5:$A$19,0),MATCH($E34,'Type Chart'!$B$4:$P$4,0))*IF($F34="",1,INDEX('Type Chart'!$B$5:$P$19,MATCH(H$4,'Type Chart'!$A$5:$A$19,0),MATCH($F34,'Type Chart'!$B$4:$P$4,0))) -> 0.5 | I34: =INDEX('Type Chart'!$B$5:$P$19,MATCH(I$4,'Type Chart'!$A$5:$A$19,0),MATCH($E34,'Type Chart'!$B$4:$P$4,0))*IF($F34="",1,INDEX('Type Chart'!$B$5:$P$19,MATCH(I$4,'Type Chart'!$A$5:$A$19,0),MATCH($F34,'Type Chart'!$B$4:$P$4,0))) -> 0.5 | J34: =INDEX('Type Chart'!$B$5:$P$19,MATCH(J$4,'Type Chart'!$A$5:$A$19,0),MATCH($E34,'Type Chart'!$B$4:$P$4,0))*IF($F34="",1,INDEX('Type Chart'!$B$5:$P$19,MATCH(J$4,'Type Chart'!$A$5:$A$19,0),MATCH($F34,'Type Chart'!$B$4:$P$4,0))) -> 2 | K34: =INDEX('Type Chart'!$B$5:$P$19,MATCH(K$4,'Type Chart'!$A$5:$A$19,0),MATCH($E34,'Type Chart'!$B$4:$P$4,0))*IF($F34="",1,INDEX('Type Chart'!$B$5:$P$19,MATCH(K$4,'Type Chart'!$A$5:$A$19,0),MATCH($F34,'Type Chart'!$B$4:$P$4,0))) -> 2 | L34: =INDEX('Type Chart'!$B$5:$P$19,MATCH(L$4,'Type Chart'!$A$5:$A$19,0),MATCH($E34,'Type Chart'!$B$4:$P$4,0))*IF($F34="",1,INDEX('Type Chart'!$B$5:$P$19,MATCH(L$4,'Type Chart'!$A$5:$A$19,0),MATCH($F34,'Type Chart'!$B$4:$P$4,0))) -> 0.5 | M34: =INDEX('Type Chart'!$B$5:$P$19,MATCH(M$4,'Type Chart'!$A$5:$A$19,0),MATCH($E34,'Type Chart'!$B$4:$P$4,0))*IF($F34="",1,INDEX('Type Chart'!$B$5:$P$19,MATCH(M$4,'Type Chart'!$A$5:$A$19,0),MATCH($F34,'Type Chart'!$B$4:$P$4,0))) -> 0.5 | N34: =INDEX('Type Chart'!$B$5:$P$19,MATCH(N$4,'Type Chart'!$A$5:$A$19,0),MATCH($E34,'Type Chart'!$B$4:$P$4,0))*IF($F34="",1,INDEX('Type Chart'!$B$5:$P$19,MATCH(N$4,'Type Chart'!$A$5:$A$19,0),MATCH($F34,'Type Chart'!$B$4:$P$4,0))) -> 1 | ... U34: =INDEX('Type Chart'!$B$5:$P$19,MATCH(U$4,'Type Chart'!$A$5:$A$19,0),MATCH($E34,'Type Chart'!$B$4:$P$4,0))*IF($F34="",1,INDEX('Type Chart'!$B$5:$P$19,MATCH(U$4,'Type Chart'!$A$5:$A$19,0),MATCH($F34,'Type Chart'!$B$4:$P$4,0))) -> 1
A35: Lorelei | B35: Elite Four | C35: Cloyster | D35: 55 | E35: Water | F35: Ice | G35: =INDEX('Type Chart'!$B$5:$P$19,MATCH(G$4,'Type Chart'!$A$5:$A$19,0),MATCH($E35,'Type Chart'!$B$4:$P$4,0))*IF($F35="",1,INDEX('Type Chart'!$B$5:$P$19,MATCH(G$4,'Type Chart'!$A$5:$A$19,0),MATCH($F35,'Type Chart'!$B$4:$P$4,0))) -> 1 | H35: =INDEX('Type Chart'!$B$5:$P$19,MATCH(H$4,'Type Chart'!$A$5:$A$19,0),MATCH($E35,'Type Chart'!$B$4:$P$4,0))*IF($F35="",1,INDEX('Type Chart'!$B$5:$P$19,MATCH(H$4,'Type Chart'!$A$5:$A$19,0),MATCH($F35,'Type Chart'!$B$4:$P$4,0))) -> 1 | I35: =INDEX('Type Chart'!$B$5:$P$19,MATCH(I$4,'Type Chart'!$A$5:$A$19,0),MATCH($E35,'Type Chart'!$B$4:$P$4,0))*IF($F35="",1,INDEX('Type Chart'!$B$5:$P$19,MATCH(I$4,'Type Chart'!$A$5:$A$19,0),MATCH($F35,'Type Chart'!$B$4:$P$4,0))) -> 0.5 | J35: =INDEX('Type Chart'!$B$5:$P$19,MATCH(J$4,'Type Chart'!$A$5:$A$19,0),MATCH($E35,'Type Chart'!$B$4:$P$4,0))*IF($F35="",1,INDEX('Type Chart'!$B$5:$P$19,MATCH(J$4,'Type Chart'!$A$5:$A$19,0),MATCH($F35,'Type Chart'!$B$4:$P$4,0))) -> 2 | K35: =INDEX('Type Chart'!$B$5:$P$19,MATCH(K$4,'Type Chart'!$A$5:$A$19,0),MATCH($E35,'Type Chart'!$B$4:$P$4,0))*IF($F35="",1,INDEX('Type Chart'!$B$5:$P$19,MATCH(K$4,'Type Chart'!$A$5:$A$19,0),MATCH($F35,'Type Chart'!$B$4:$P$4,0))) -> 2 | L35: =INDEX('Type Chart'!$B$5:$P$19,MATCH(L$4,'Type Chart'!$A$5:$A$19,0),MATCH($E35,'Type Chart'!$B$4:$P$4,0))*IF($F35="",1,INDEX('Type Chart'!$B$5:$P$19,MATCH(L$4,'Type Chart'!$A$5:$A$19,0),MATCH($F35,'Type Chart'!$B$4:$P$4,0))) -> 0.25 | M35: =INDEX('Type Chart'!$B$5:$P$19,MATCH(M$4,'Type Chart'!$A$5:$A$19,0),MATCH($E35,'Type Chart'!$B$4:$P$4,0))*IF($F35="",1,INDEX('Type Chart'!$B$5:$P$19,MATCH(M$4,'Type Chart'!$A$5:$A$19,0),MATCH($F35,'Type Chart'!$B$4:$P$4,0))) -> 2 | N35: =INDEX('Type Chart'!$B$5:$P$19,MATCH(N$4,'Type Chart'!$A$5:$A$19,0),MATCH($E35,'Type Chart'!$B$4:$P$4,0))*IF($F35="",1,INDEX('Type Chart'!$B$5:$P$19,MATCH(N$4,'Type Chart'!$A$5:$A$19,0),MATCH($F35,'Type Chart'!$B$4:$P$4,0))) -> 1 | ... U35: =INDEX('Type Chart'!$B$5:$P$19,MATCH(U$4,'Type Chart'!$A$5:$A$19,0),MATCH($E35,'Type Chart'!$B$4:$P$4,0))*IF($F35="",1,INDEX('Type Chart'!$B$5:$P$19,MATCH(U$4,'Type Chart'!$A$5:$A$19,0),MATCH($F35,'Type Chart'!$B$4:$P$4,0))) -> 1
A36: Lorelei | B36: Elite Four | C36: Dewgong | D36: 55 | E36: Water | F36: Ice | G36: =INDEX('Type Chart'!$B$5:$P$19,MATCH(G$4,'Type Chart'!$A$5:$A$19,0),MATCH($E36,'Type Chart'!$B$4:$P$4,0))*IF($F36="",1,INDEX('Type Chart'!$B$5:$P$19,MATCH(G$4,'Type Chart'!$A$5:$A$19,0),MATCH($F36,'Type Chart'!$B$4:$P$4,0))) -> 1 | H36: =INDEX('Type Chart'!$B$5:$P$19,MATCH(H$4,'Type Chart'!$A$5:$A$19,0),MATCH($E36,'Type Chart'!$B$4:$P$4,0))*IF($F36="",1,INDEX('Type Chart'!$B$5:$P$19,MATCH(H$4,'Type Chart'!$A$5:$A$19,0),MATCH($F36,'Type Chart'!$B$4:$P$4,0))) -> 1 | I36: =INDEX('Type Chart'!$B$5:$P$19,MATCH(I$4,'Type Chart'!$A$5:$A$19,0),MATCH($E36,'Type Chart'!$B$4:$P$4,0))*IF($F36="",1,INDEX('Type Chart'!$B$5:$P$19,MATCH(I$4,'Type Chart'!$A$5:$A$19,0),MATCH($F36,'Type Chart'!$B$4:$P$4,0))) -> 0.5 | J36: =INDEX('Type Chart'!$B$5:$P$19,MATCH(J$4,'Type Chart'!$A$5:$A$19,0),MATCH($E36,'Type Chart'!$B$4:$P$4,0))*IF($F36="",1,INDEX('Type Chart'!$B$5:$P$19,MATCH(J$4,'Type Chart'!$A$5:$A$19,0),MATCH($F36,'Type Chart'!$B$4:$P$4,0))) -> 2 | K36: =INDEX('Type Chart'!$B$5:$P$19,MATCH(K$4,'Type Chart'!$A$5:$A$19,0),MATCH($E36,'Type Chart'!$B$4:$P$4,0))*IF($F36="",1,INDEX('Type Chart'!$B$5:$P$19,MATCH(K$4,'Type Chart'!$A$5:$A$19,0),MATCH($F36,'Type Chart'!$B$4:$P$4,0))) -> 2 | L36: =INDEX('Type Chart'!$B$5:$P$19,MATCH(L$4,'Type Chart'!$A$5:$A$19,0),MATCH($E36,'Type Chart'!$B$4:$P$4,0))*IF($F36="",1,INDEX('Type Chart'!$B$5:$P$19,MATCH(L$4,'Type Chart'!$A$5:$A$19,0),MATCH($F36,'Type Chart'!$B$4:$P$4,0))) -> 0.25 | M36: =INDEX('Type Chart'!$B$5:$P$19,MATCH(M$4,'Type Chart'!$A$5:$A$19,0),MATCH($E36,'Type Chart'!$B$4:$P$4,0))*IF($F36="",1,INDEX('Type Chart'!$B$5:$P$19,MATCH(M$4,'Type Chart'!$A$5:$A$19,0),MATCH($F36,'Type Chart'!$B$4:$P$4,0))) -> 2 | N36: =INDEX('Type Chart'!$B$5:$P$19,MATCH(N$4,'Type Chart'!$A$5:$A$19,0),MATCH($E36,'Type Chart'!$B$4:$P$4,0))*IF($F36="",1,INDEX('Type Chart'!$B$5:$P$19,MATCH(N$4,'Type Chart'!$A$5:$A$19,0),MATCH($F36,'Type Chart'!$B$4:$P$4,0))) -> 1 | ... U36: =INDEX('Type Chart'!$B$5:$P$19,MATCH(U$4,'Type Chart'!$A$5:$A$19,0),MATCH($E36,'Type Chart'!$B$4:$P$4,0))*IF($F36="",1,INDEX('Type Chart'!$B$5:$P$19,MATCH(U$4,'Type Chart'!$A$5:$A$19,0),MATCH($F36,'Type Chart'!$B$4:$P$4,0))) -> 1
A37: Lorelei | B37: Elite Four | C37: Jynx | D37: 56 | E37: Ice | F37: Psychic | G37: =INDEX('Type Chart'!$B$5:$P$19,MATCH(G$4,'Type Chart'!$A$5:$A$19,0),MATCH($E37,'Type Chart'!$B$4:$P$4,0))*IF($F37="",1,INDEX('Type Chart'!$B$5:$P$19,MATCH(G$4,'Type Chart'!$A$5:$A$19,0),MATCH($F37,'Type Chart'!$B$4:$P$4,0))) -> 1 | H37: =INDEX('Type Chart'!$B$5:$P$19,MATCH(H$4,'Type Chart'!$A$5:$A$19,0),MATCH($E37,'Type Chart'!$B$4:$P$4,0))*IF($F37="",1,INDEX('Type Chart'!$B$5:$P$19,MATCH(H$4,'Type Chart'!$A$5:$A$19,0),MATCH($F37,'Type Chart'!$B$4:$P$4,0))) -> 2 | I37: =INDEX('Type Chart'!$B$5:$P$19,MATCH(I$4,'Type Chart'!$A$5:$A$19,0),MATCH($E37,'Type Chart'!$B$4:$P$4,0))*IF($F37="",1,INDEX('Type Chart'!$B$5:$P$19,MATCH(I$4,'Type Chart'!$A$5:$A$19,0),MATCH($F37,'Type Chart'!$B$4:$P$4,0))) -> 1 | J37: =INDEX('Type Chart'!$B$5:$P$19,MATCH(J$4,'Type Chart'!$A$5:$A$19,0),MATCH($E37,'Type Chart'!$B$4:$P$4,0))*IF($F37="",1,INDEX('Type Chart'!$B$5:$P$19,MATCH(J$4,'Type Chart'!$A$5:$A$19,0),MATCH($F37,'Type Chart'!$B$4:$P$4,0))) -> 1 | K37: =INDEX('Type Chart'!$B$5:$P$19,MATCH(K$4,'Type Chart'!$A$5:$A$19,0),MATCH($E37,'Type Chart'!$B$4:$P$4,0))*IF($F37="",1,INDEX('Type Chart'!$B$5:$P$19,MATCH(K$4,'Type Chart'!$A$5:$A$19,0),MATCH($F37,'Type Chart'!$B$4:$P$4,0))) -> 1 | L37: =INDEX('Type Chart'!$B$5:$P$19,MATCH(L$4,'Type Chart'!$A$5:$A$19,0),MATCH($E37,'Type Chart'!$B$4:$P$4,0))*IF($F37="",1,INDEX('Type Chart'!$B$5:$P$19,MATCH(L$4,'Type Chart'!$A$5:$A$19,0),MATCH($F37,'Type Chart'!$B$4:$P$4,0))) -> 0.5 | M37: =INDEX('Type Chart'!$B$5:$P$19,MATCH(M$4,'Type Chart'!$A$5:$A$19,0),MATCH($E37,'Type Chart'!$B$4:$P$4,0))*IF($F37="",1,INDEX('Type Chart'!$B$5:$P$19,MATCH(M$4,'Type Chart'!$A$5:$A$19,0),MATCH($F37,'Type Chart'!$B$4:$P$4,0))) -> 1 | N37: =INDEX('Type Chart'!$B$5:$P$19,MATCH(N$4,'Type Chart'!$A$5:$A$19,0),MATCH($E37,'Type Chart'!$B$4:$P$4,0))*IF($F37="",1,INDEX('Type Chart'!$B$5:$P$19,MATCH(N$4,'Type Chart'!$A$5:$A$19,0),MATCH($F37,'Type Chart'!$B$4:$P$4,0))) -> 1 | ... U37: =INDEX('Type Chart'!$B$5:$P$19,MATCH(U$4,'Type Chart'!$A$5:$A$19,0),MATCH($E37,'Type Chart'!$B$4:$P$4,0))*IF($F37="",1,INDEX('Type Chart'!$B$5:$P$19,MATCH(U$4,'Type Chart'!$A$5:$A$19,0),MATCH($F37,'Type Chart'!$B$4:$P$4,0))) -> 1
A38: Lorelei | B38: Elite Four | C38: Lapras | D38: 57 | E38: Water | F38: Ice | G38: =INDEX('Type Chart'!$B$5:$P$19,MATCH(G$4,'Type Chart'!$A$5:$A$19,0),MATCH($E38,'Type Chart'!$B$4:$P$4,0))*IF($F38="",1,INDEX('Type Chart'!$B$5:$P$19,MATCH(G$4,'Type Chart'!$A$5:$A$19,0),MATCH($F38,'Type Chart'!$B$4:$P$4,0))) -> 1 | H38: =INDEX('Type Chart'!$B$5:$P$19,MATCH(H$4,'Type Chart'!$A$5:$A$19,0),MATCH($E38,'Type Chart'!$B$4:$P$4,0))*IF($F38="",1,INDEX('Type Chart'!$B$5:$P$19,MATCH(H$4,'Type Chart'!$A$5:$A$19,0),MATCH($F38,'Type Chart'!$B$4:$P$4,0))) -> 1 | I38: =INDEX('Type Chart'!$B$5:$P$19,MATCH(I$4,'Type Chart'!$A$5:$A$19,0),MATCH($E38,'Type Chart'!$B$4:$P$4,0))*IF($F38="",1,INDEX('Type Chart'!$B$5:$P$19,MATCH(I$4,'Type Chart'!$A$5:$A$19,0),MATCH($F38,'Type Chart'!$B$4:$P$4,0))) -> 0.5 | J38: =INDEX('Type Chart'!$B$5:$P$19,MATCH(J$4,'Type Chart'!$A$5:$A$19,0),MATCH($E38,'Type Chart'!$B$4:$P$4,0))*IF($F38="",1,INDEX('Type Chart'!$B$5:$P$19,MATCH(J$4,'Type Chart'!$A$5:$A$19,0),MATCH($F38,'Type Chart'!$B$4:$P$4,0))) -> 2 | K38: =INDEX('Type Chart'!$B$5:$P$19,MATCH(K$4,'Type Chart'!$A$5:$A$19,0),MATCH($E38,'Type Chart'!$B$4:$P$4,0))*IF($F38="",1,INDEX('Type Chart'!$B$5:$P$19,MATCH(K$4,'Type Chart'!$A$5:$A$19,0),MATCH($F38,'Type Chart'!$B$4:$P$4,0))) -> 2 | L38: =INDEX('Type Chart'!$B$5:$P$19,MATCH(L$4,'Type Chart'!$A$5:$A$19,0),MATCH($E38,'Type Chart'!$B$4:$P$4,0))*IF($F38="",1,INDEX('Type Chart'!$B$5:$P$19,MATCH(L$4,'Type Chart'!$A$5:$A$19,0),MATCH($F38,'Type Chart'!$B$4:$P$4,0))) -> 0.25 | M38: =INDEX('Type Chart'!$B$5:$P$19,MATCH(M$4,'Type Chart'!$A$5:$A$19,0),MATCH($E38,'Type Chart'!$B$4:$P$4,0))*IF($F38="",1,INDEX('Type Chart'!$B$5:$P$19,MATCH(M$4,'Type Chart'!$A$5:$A$19,0),MATCH($F38,'Type Chart'!$B$4:$P$4,0))) -> 2 | N38: =INDEX('Type Chart'!$B$5:$P$19,MATCH(N$4,'Type Chart'!$A$5:$A$19,0),MATCH($E38,'Type Chart'!$B$4:$P$4,0))*IF($F38="",1,INDEX('Type Chart'!$B$5:$P$19,MATCH(N$4,'Type Chart'!$A$5:$A$19,0),MATCH($F38,'Type Chart'!$B$4:$P$4,0))) -> 1 | ... U38: =INDEX('Type Chart'!$B$5:$P$19,MATCH(U$4,'Type Chart'!$A$5:$A$19,0),MATCH($E38,'Type Chart'!$B$4:$P$4,0))*IF($F38="",1,INDEX('Type Chart'!$B$5:$P$19,MATCH(U$4,'Type Chart'!$A$5:$A$19,0),MATCH($F38,'Type Chart'!$B$4:$P$4,0))) -> 1
A39: Bruno | B39: Elite Four | C39: Hitmonchan | D39: 57 | E39: Fighting | G39: =INDEX('Type Chart'!$B$5:$P$19,MATCH(G$4,'Type Chart'!$A$5:$A$19,0),MATCH($E39,'Type Chart'!$B$4:$P$4,0))*IF($F39="",1,INDEX('Type Chart'!$B$5:$P$19,MATCH(G$4,'Type Chart'!$A$5:$A$19,0),MATCH($F39,'Type Chart'!$B$4:$P$4,0))) -> 1 | H39: =INDEX('Type Chart'!$B$5:$P$19,MATCH(H$4,'Type Chart'!$A$5:$A$19,0),MATCH($E39,'Type Chart'!$B$4:$P$4,0))*IF($F39="",1,INDEX('Type Chart'!$B$5:$P$19,MATCH(H$4,'Type Chart'!$A$5:$A$19,0),MATCH($F39,'Type Chart'!$B$4:$P$4,0))) -> 1 | I39: =INDEX('Type Chart'!$B$5:$P$19,MATCH(I$4,'Type Chart'!$A$5:$A$19,0),MATCH($E39,'Type Chart'!$B$4:$P$4,0))*IF($F39="",1,INDEX('Type Chart'!$B$5:$P$19,MATCH(I$4,'Type Chart'!$A$5:$A$19,0),MATCH($F39,'Type Chart'!$B$4:$P$4,0))) -> 1 | J39: =INDEX('Type Chart'!$B$5:$P$19,MATCH(J$4,'Type Chart'!$A$5:$A$19,0),MATCH($E39,'Type Chart'!$B$4:$P$4,0))*IF($F39="",1,INDEX('Type Chart'!$B$5:$P$19,MATCH(J$4,'Type Chart'!$A$5:$A$19,0),MATCH($F39,'Type Chart'!$B$4:$P$4,0))) -> 1 | K39: =INDEX('Type Chart'!$B$5:$P$19,MATCH(K$4,'Type Chart'!$A$5:$A$19,0),MATCH($E39,'Type Chart'!$B$4:$P$4,0))*IF($F39="",1,INDEX('Type Chart'!$B$5:$P$19,MATCH(K$4,'Type Chart'!$A$5:$A$19,0),MATCH($F39,'Type Chart'!$B$4:$P$4,0))) -> 1 | L39: =INDEX('Type Chart'!$B$5:$P$19,MATCH(L$4,'Type Chart'!$A$5:$A$19,0),MATCH($E39,'Type Chart'!$B$4:$P$4,0))*IF($F39="",1,INDEX('Type Chart'!$B$5:$P$19,MATCH(L$4,'Type Chart'!$A$5:$A$19,0),MATCH($F39,'Type Chart'!$B$4:$P$4,0))) -> 1 | M39: =INDEX('Type Chart'!$B$5:$P$19,MATCH(M$4,'Type Chart'!$A$5:$A$19,0),MATCH($E39,'Type Chart'!$B$4:$P$4,0))*IF($F39="",1,INDEX('Type Chart'!$B$5:$P$19,MATCH(M$4,'Type Chart'!$A$5:$A$19,0),MATCH($F39,'Type Chart'!$B$4:$P$4,0))) -> 1 | N39: =INDEX('Type Chart'!$B$5:$P$19,MATCH(N$4,'Type Chart'!$A$5:$A$19,0),MATCH($E39,'Type Chart'!$B$4:$P$4,0))*IF($F39="",1,INDEX('Type Chart'!$B$5:$P$19,MATCH(N$4,'Type Chart'!$A$5:$A$19,0),MATCH($F39,'Type Chart'!$B$4:$P$4,0))) -> 1 | ... U39: =INDEX('Type Chart'!$B$5:$P$19,MATCH(U$4,'Type Chart'!$A$5:$A$19,0),MATCH($E39,'Type Chart'!$B$4:$P$4,0))*IF($F39="",1,INDEX('Type Chart'!$B$5:$P$19,MATCH(U$4,'Type Chart'!$A$5:$A$19,0),MATCH($F39,'Type Chart'!$B$4:$P$4,0))) -> 1
A40: Bruno | B40: Elite Four | C40: Poliwrath | D40: 56 | E40: Water | F40: Fighting | G40: =INDEX('Type Chart'!$B$5:$P$19,MATCH(G$4,'Type Chart'!$A$5:$A$19,0),MATCH($E40,'Type Chart'!$B$4:$P$4,0))*IF($F40="",1,INDEX('Type Chart'!$B$5:$P$19,MATCH(G$4,'Type Chart'!$A$5:$A$19,0),MATCH($F40,'Type Chart'!$B$4:$P$4,0))) -> 1 | H40: =INDEX('Type Chart'!$B$5:$P$19,MATCH(H$4,'Type Chart'!$A$5:$A$19,0),MATCH($E40,'Type Chart'!$B$4:$P$4,0))*IF($F40="",1,INDEX('Type Chart'!$B$5:$P$19,MATCH(H$4,'Type Chart'!$A$5:$A$19,0),MATCH($F40,'Type Chart'!$B$4:$P$4,0))) -> 0.5 | I40: =INDEX('Type Chart'!$B$5:$P$19,MATCH(I$4,'Type Chart'!$A$5:$A$19,0),MATCH($E40,'Type Chart'!$B$4:$P$4,0))*IF($F40="",1,INDEX('Type Chart'!$B$5:$P$19,MATCH(I$4,'Type Chart'!$A$5:$A$19,0),MATCH($F40,'Type Chart'!$B$4:$P$4,0))) -> 0.5 | J40: =INDEX('Type Chart'!$B$5:$P$19,MATCH(J$4,'Type Chart'!$A$5:$A$19,0),MATCH($E40,'Type Chart'!$B$4:$P$4,0))*IF($F40="",1,INDEX('Type Chart'!$B$5:$P$19,MATCH(J$4,'Type Chart'!$A$5:$A$19,0),MATCH($F40,'Type Chart'!$B$4:$P$4,0))) -> 2 | K40: =INDEX('Type Chart'!$B$5:$P$19,MATCH(K$4,'Type Chart'!$A$5:$A$19,0),MATCH($E40,'Type Chart'!$B$4:$P$4,0))*IF($F40="",1,INDEX('Type Chart'!$B$5:$P$19,MATCH(K$4,'Type Chart'!$A$5:$A$19,0),MATCH($F40,'Type Chart'!$B$4:$P$4,0))) -> 2 | L40: =INDEX('Type Chart'!$B$5:$P$19,MATCH(L$4,'Type Chart'!$A$5:$A$19,0),MATCH($E40,'Type Chart'!$B$4:$P$4,0))*IF($F40="",1,INDEX('Type Chart'!$B$5:$P$19,MATCH(L$4,'Type Chart'!$A$5:$A$19,0),MATCH($F40,'Type Chart'!$B$4:$P$4,0))) -> 0.5 | M40: =INDEX('Type Chart'!$B$5:$P$19,MATCH(M$4,'Type Chart'!$A$5:$A$19,0),MATCH($E40,'Type Chart'!$B$4:$P$4,0))*IF($F40="",1,INDEX('Type Chart'!$B$5:$P$19,MATCH(M$4,'Type Chart'!$A$5:$A$19,0),MATCH($F40,'Type Chart'!$B$4:$P$4,0))) -> 1 | N40: =INDEX('Type Chart'!$B$5:$P$19,MATCH(N$4,'Type Chart'!$A$5:$A$19,0),MATCH($E40,'Type Chart'!$B$4:$P$4,0))*IF($F40="",1,INDEX('Type Chart'!$B$5:$P$19,MATCH(N$4,'Type Chart'!$A$5:$A$19,0),MATCH($F40,'Type Chart'!$B$4:$P$4,0))) -> 1 | ... U40: =INDEX('Type Chart'!$B$5:$P$19,MATCH(U$4,'Type Chart'!$A$5:$A$19,0),MATCH($E40,'Type Chart'!$B$4:$P$4,0))*IF($F40="",1,INDEX('Type Chart'!$B$5:$P$19,MATCH(U$4,'Type Chart'!$A$5:$A$19,0),MATCH($F40,'Type Chart'!$B$4:$P$4,0))) -> 1
A41: Bruno | B41: Elite Four | C41: Hitmonlee | D41: 57 | E41: Fighting | G41: =INDEX('Type Chart'!$B$5:$P$19,MATCH(G$4,'Type Chart'!$A$5:$A$19,0),MATCH($E41,'Type Chart'!$B$4:$P$4,0))*IF($F41="",1,INDEX('Type Chart'!$B$5:$P$19,MATCH(G$4,'Type Chart'!$A$5:$A$19,0),MATCH($F41,'Type Chart'!$B$4:$P$4,0))) -> 1 | H41: =INDEX('Type Chart'!$B$5:$P$19,MATCH(H$4,'Type Chart'!$A$5:$A$19,0),MATCH($E41,'Type Chart'!$B$4:$P$4,0))*IF($F41="",1,INDEX('Type Chart'!$B$5:$P$19,MATCH(H$4,'Type Chart'!$A$5:$A$19,0),MATCH($F41,'Type Chart'!$B$4:$P$4,0))) -> 1 | I41: =INDEX('Type Chart'!$B$5:$P$19,MATCH(I$4,'Type Chart'!$A$5:$A$19,0),MATCH($E41,'Type Chart'!$B$4:$P$4,0))*IF($F41="",1,INDEX('Type Chart'!$B$5:$P$19,MATCH(I$4,'Type Chart'!$A$5:$A$19,0),MATCH($F41,'Type Chart'!$B$4:$P$4,0))) -> 1 | J41: =INDEX('Type Chart'!$B$5:$P$19,MATCH(J$4,'Type Chart'!$A$5:$A$19,0),MATCH($E41,'Type Chart'!$B$4:$P$4,0))*IF($F41="",1,INDEX('Type Chart'!$B$5:$P$19,MATCH(J$4,'Type Chart'!$A$5:$A$19,0),MATCH($F41,'Type Chart'!$B$4:$P$4,0))) -> 1 | K41: =INDEX('Type Chart'!$B$5:$P$19,MATCH(K$4,'Type Chart'!$A$5:$A$19,0),MATCH($E41,'Type Chart'!$B$4:$P$4,0))*IF($F41="",1,INDEX('Type Chart'!$B$5:$P$19,MATCH(K$4,'Type Chart'!$A$5:$A$19,0),MATCH($F41,'Type Chart'!$B$4:$P$4,0))) -> 1 | L41: =INDEX('Type Chart'!$B$5:$P$19,MATCH(L$4,'Type Chart'!$A$5:$A$19,0),MATCH($E41,'Type Chart'!$B$4:$P$4,0))*IF($F41="",1,INDEX('Type Chart'!$B$5:$P$19,MATCH(L$4,'Type Chart'!$A$5:$A$19,0),MATCH($F41,'Type Chart'!$B$4:$P$4,0))) -> 1 | M41: =INDEX('Type Chart'!$B$5:$P$19,MATCH(M$4,'Type Chart'!$A$5:$A$19,0),MATCH($E41,'Type Chart'!$B$4:$P$4,0))*IF($F41="",1,INDEX('Type Chart'!$B$5:$P$19,MATCH(M$4,'Type Chart'!$A$5:$A$19,0),MATCH($F41,'Type Chart'!$B$4:$P$4,0))) -> 1 | N41: =INDEX('Type Chart'!$B$5:$P$19,MATCH(N$4,'Type Chart'!$A$5:$A$19,0),MATCH($E41,'Type Chart'!$B$4:$P$4,0))*IF($F41="",1,INDEX('Type Chart'!$B$5:$P$19,MATCH(N$4,'Type Chart'!$A$5:$A$19,0),MATCH($F41,'Type Chart'!$B$4:$P$4,0))) -> 1 | ... U41: =INDEX('Type Chart'!$B$5:$P$19,MATCH(U$4,'Type Chart'!$A$5:$A$19,0),MATCH($E41,'Type Chart'!$B$4:$P$4,0))*IF($F41="",1,INDEX('Type Chart'!$B$5:$P$19,MATCH(U$4,'Type Chart'!$A$5:$A$19,0),MATCH($F41,'Type Chart'!$B$4:$P$4,0))) -> 1
A42: Bruno | B42: Elite Four | C42: Onix | D42: 56 | E42: Rock | F42: Ground | G42: =INDEX('Type Chart'!$B$5:$P$19,MATCH(G$4,'Type Chart'!$A$5:$A$19,0),MATCH($E42,'Type Chart'!$B$4:$P$4,0))*IF($F42="",1,INDEX('Type Chart'!$B$5:$P$19,MATCH(G$4,'Type Chart'!$A$5:$A$19,0),MATCH($F42,'Type Chart'!$B$4:$P$4,0))) -> 0.5 | H42: =INDEX('Type Chart'!$B$5:$P$19,MATCH(H$4,'Type Chart'!$A$5:$A$19,0),MATCH($E42,'Type Chart'!$B$4:$P$4,0))*IF($F42="",1,INDEX('Type Chart'!$B$5:$P$19,MATCH(H$4,'Type Chart'!$A$5:$A$19,0),MATCH($F42,'Type Chart'!$B$4:$P$4,0))) -> 0.5 | I42: =INDEX('Type Chart'!$B$5:$P$19,MATCH(I$4,'Type Chart'!$A$5:$A$19,0),MATCH($E42,'Type Chart'!$B$4:$P$4,0))*IF($F42="",1,INDEX('Type Chart'!$B$5:$P$19,MATCH(I$4,'Type Chart'!$A$5:$A$19,0),MATCH($F42,'Type Chart'!$B$4:$P$4,0))) -> 4 | J42: =INDEX('Type Chart'!$B$5:$P$19,MATCH(J$4,'Type Chart'!$A$5:$A$19,0),MATCH($E42,'Type Chart'!$B$4:$P$4,0))*IF($F42="",1,INDEX('Type Chart'!$B$5:$P$19,MATCH(J$4,'Type Chart'!$A$5:$A$19,0),MATCH($F42,'Type Chart'!$B$4:$P$4,0))) -> 0 | K42: =INDEX('Type Chart'!$B$5:$P$19,MATCH(K$4,'Type Chart'!$A$5:$A$19,0),MATCH($E42,'Type Chart'!$B$4:$P$4,0))*IF($F42="",1,INDEX('Type Chart'!$B$5:$P$19,MATCH(K$4,'Type Chart'!$A$5:$A$19,0),MATCH($F42,'Type Chart'!$B$4:$P$4,0))) -> 4 | L42: =INDEX('Type Chart'!$B$5:$P$19,MATCH(L$4,'Type Chart'!$A$5:$A$19,0),MATCH($E42,'Type Chart'!$B$4:$P$4,0))*IF($F42="",1,INDEX('Type Chart'!$B$5:$P$19,MATCH(L$4,'Type Chart'!$A$5:$A$19,0),MATCH($F42,'Type Chart'!$B$4:$P$4,0))) -> 2 | M42: =INDEX('Type Chart'!$B$5:$P$19,MATCH(M$4,'Type Chart'!$A$5:$A$19,0),MATCH($E42,'Type Chart'!$B$4:$P$4,0))*IF($F42="",1,INDEX('Type Chart'!$B$5:$P$19,MATCH(M$4,'Type Chart'!$A$5:$A$19,0),MATCH($F42,'Type Chart'!$B$4:$P$4,0))) -> 2 | N42: =INDEX('Type Chart'!$B$5:$P$19,MATCH(N$4,'Type Chart'!$A$5:$A$19,0),MATCH($E42,'Type Chart'!$B$4:$P$4,0))*IF($F42="",1,INDEX('Type Chart'!$B$5:$P$19,MATCH(N$4,'Type Chart'!$A$5:$A$19,0),MATCH($F42,'Type Chart'!$B$4:$P$4,0))) -> 0.25 | ... U42: =INDEX('Type Chart'!$B$5:$P$19,MATCH(U$4,'Type Chart'!$A$5:$A$19,0),MATCH($E42,'Type Chart'!$B$4:$P$4,0))*IF($F42="",1,INDEX('Type Chart'!$B$5:$P$19,MATCH(U$4,'Type Chart'!$A$5:$A$19,0),MATCH($F42,'Type Chart'!$B$4:$P$4,0))) -> 1
A43: Bruno | B43: Elite Four | C43: Machamp | D43: 58 | E43: Fighting | G43: =INDEX('Type Chart'!$B$5:$P$19,MATCH(G$4,'Type Chart'!$A$5:$A$19,0),MATCH($E43,'Type Chart'!$B$4:$P$4,0))*IF($F43="",1,INDEX('Type Chart'!$B$5:$P$19,MATCH(G$4,'Type Chart'!$A$5:$A$19,0),MATCH($F43,'Type Chart'!$B$4:$P$4,0))) -> 1 | H43: =INDEX('Type Chart'!$B$5:$P$19,MATCH(H$4,'Type Chart'!$A$5:$A$19,0),MATCH($E43,'Type Chart'!$B$4:$P$4,0))*IF($F43="",1,INDEX('Type Chart'!$B$5:$P$19,MATCH(H$4,'Type Chart'!$A$5:$A$19,0),MATCH($F43,'Type Chart'!$B$4:$P$4,0))) -> 1 | I43: =INDEX('Type Chart'!$B$5:$P$19,MATCH(I$4,'Type Chart'!$A$5:$A$19,0),MATCH($E43,'Type Chart'!$B$4:$P$4,0))*IF($F43="",1,INDEX('Type Chart'!$B$5:$P$19,MATCH(I$4,'Type Chart'!$A$5:$A$19,0),MATCH($F43,'Type Chart'!$B$4:$P$4,0))) -> 1 | J43: =INDEX('Type Chart'!$B$5:$P$19,MATCH(J$4,'Type Chart'!$A$5:$A$19,0),MATCH($E43,'Type Chart'!$B$4:$P$4,0))*IF($F43="",1,INDEX('Type Chart'!$B$5:$P$19,MATCH(J$4,'Type Chart'!$A$5:$A$19,0),MATCH($F43,'Type Chart'!$B$4:$P$4,0))) -> 1 | K43: =INDEX('Type Chart'!$B$5:$P$19,MATCH(K$4,'Type Chart'!$A$5:$A$19,0),MATCH($E43,'Type Chart'!$B$4:$P$4,0))*IF($F43="",1,INDEX('Type Chart'!$B$5:$P$19,MATCH(K$4,'Type Chart'!$A$5:$A$19,0),MATCH($F43,'Type Chart'!$B$4:$P$4,0))) -> 1 | L43: =INDEX('Type Chart'!$B$5:$P$19,MATCH(L$4,'Type Chart'!$A$5:$A$19,0),MATCH($E43,'Type Chart'!$B$4:$P$4,0))*IF($F43="",1,INDEX('Type Chart'!$B$5:$P$19,MATCH(L$4,'Type Chart'!$A$5:$A$19,0),MATCH($F43,'Type Chart'!$B$4:$P$4,0))) -> 1 | M43: =INDEX('Type Chart'!$B$5:$P$19,MATCH(M$4,'Type Chart'!$A$5:$A$19,0),MATCH($E43,'Type Chart'!$B$4:$P$4,0))*IF($F43="",1,INDEX('Type Chart'!$B$5:$P$19,MATCH(M$4,'Type Chart'!$A$5:$A$19,0),MATCH($F43,'Type Chart'!$B$4:$P$4,0))) -> 1 | N43: =INDEX('Type Chart'!$B$5:$P$19,MATCH(N$4,'Type Chart'!$A$5:$A$19,0),MATCH($E43,'Type Chart'!$B$4:$P$4,0))*IF($F43="",1,INDEX('Type Chart'!$B$5:$P$19,MATCH(N$4,'Type Chart'!$A$5:$A$19,0),MATCH($F43,'Type Chart'!$B$4:$P$4,0))) -> 1 | ... U43: =INDEX('Type Chart'!$B$5:$P$19,MATCH(U$4,'Type Chart'!$A$5:$A$19,0),MATCH($E43,'Type Chart'!$B$4:$P$4,0))*IF($F43="",1,INDEX('Type Chart'!$B$5:$P$19,MATCH(U$4,'Type Chart'!$A$5:$A$19,0),MATCH($F43,'Type Chart'!$B$4:$P$4,0))) -> 1
A44: Agatha | B44: Elite Four | C44: Gengar | D44: 57 | E44: Ghost | F44: Poison | G44: =INDEX('Type Chart'!$B$5:$P$19,MATCH(G$4,'Type Chart'!$A$5:$A$19,0),MATCH($E44,'Type Chart'!$B$4:$P$4,0))*IF($F44="",1,INDEX('Type Chart'!$B$5:$P$19,MATCH(G$4,'Type Chart'!$A$5:$A$19,0),MATCH($F44,'Type Chart'!$B$4:$P$4,0))) -> 0 | H44: =INDEX('Type Chart'!$B$5:$P$19,MATCH(H$4,'Type Chart'!$A$5:$A$19,0),MATCH($E44,'Type Chart'!$B$4:$P$4,0))*IF($F44="",1,INDEX('Type Chart'!$B$5:$P$19,MATCH(H$4,'Type Chart'!$A$5:$A$19,0),MATCH($F44,'Type Chart'!$B$4:$P$4,0))) -> 1 | I44: =INDEX('Type Chart'!$B$5:$P$19,MATCH(I$4,'Type Chart'!$A$5:$A$19,0),MATCH($E44,'Type Chart'!$B$4:$P$4,0))*IF($F44="",1,INDEX('Type Chart'!$B$5:$P$19,MATCH(I$4,'Type Chart'!$A$5:$A$19,0),MATCH($F44,'Type Chart'!$B$4:$P$4,0))) -> 1 | J44: =INDEX('Type Chart'!$B$5:$P$19,MATCH(J$4,'Type Chart'!$A$5:$A$19,0),MATCH($E44,'Type Chart'!$B$4:$P$4,0))*IF($F44="",1,INDEX('Type Chart'!$B$5:$P$19,MATCH(J$4,'Type Chart'!$A$5:$A$19,0),MATCH($F44,'Type Chart'!$B$4:$P$4,0))) -> 1 | K44: =INDEX('Type Chart'!$B$5:$P$19,MATCH(K$4,'Type Chart'!$A$5:$A$19,0),MATCH($E44,'Type Chart'!$B$4:$P$4,0))*IF($F44="",1,INDEX('Type Chart'!$B$5:$P$19,MATCH(K$4,'Type Chart'!$A$5:$A$19,0),MATCH($F44,'Type Chart'!$B$4:$P$4,0))) -> 0.5 | L44: =INDEX('Type Chart'!$B$5:$P$19,MATCH(L$4,'Type Chart'!$A$5:$A$19,0),MATCH($E44,'Type Chart'!$B$4:$P$4,0))*IF($F44="",1,INDEX('Type Chart'!$B$5:$P$19,MATCH(L$4,'Type Chart'!$A$5:$A$19,0),MATCH($F44,'Type Chart'!$B$4:$P$4,0))) -> 1 | M44: =INDEX('Type Chart'!$B$5:$P$19,MATCH(M$4,'Type Chart'!$A$5:$A$19,0),MATCH($E44,'Type Chart'!$B$4:$P$4,0))*IF($F44="",1,INDEX('Type Chart'!$B$5:$P$19,MATCH(M$4,'Type Chart'!$A$5:$A$19,0),MATCH($F44,'Type Chart'!$B$4:$P$4,0))) -> 0 | N44: =INDEX('Type Chart'!$B$5:$P$19,MATCH(N$4,'Type Chart'!$A$5:$A$19,0),MATCH($E44,'Type Chart'!$B$4:$P$4,0))*IF($F44="",1,INDEX('Type Chart'!$B$5:$P$19,MATCH(N$4,'Type Chart'!$A$5:$A$19,0),MATCH($F44,'Type Chart'!$B$4:$P$4,0))) -> 0.25 | ... U44: =INDEX('Type Chart'!$B$5:$P$19,MATCH(U$4,'Type Chart'!$A$5:$A$19,0),MATCH($E44,'Type Chart'!$B$4:$P$4,0))*IF($F44="",1,INDEX('Type Chart'!$B$5:$P$19,MATCH(U$4,'Type Chart'!$A$5:$A$19,0),MATCH($F44,'Type Chart'!$B$4:$P$4,0))) -> 1
A45: Agatha | B45: Elite Four | C45: Golbat | D45: 58 | E45: Poison | F45: Flying | G45: =INDEX('Type Chart'!$B$5:$P$19,MATCH(G$4,'Type Chart'!$A$5:$A$19,0),MATCH($E45,'Type Chart'!$B$4:$P$4,0))*IF($F45="",1,INDEX('Type Chart'!$B$5:$P$19,MATCH(G$4,'Type Chart'!$A$5:$A$19,0),MATCH($F45,'Type Chart'!$B$4:$P$4,0))) -> 1 | H45: =INDEX('Type Chart'!$B$5:$P$19,MATCH(H$4,'Type Chart'!$A$5:$A$19,0),MATCH($E45,'Type Chart'!$B$4:$P$4,0))*IF($F45="",1,INDEX('Type Chart'!$B$5:$P$19,MATCH(H$4,'Type Chart'!$A$5:$A$19,0),MATCH($F45,'Type Chart'!$B$4:$P$4,0))) -> 1 | I45: =INDEX('Type Chart'!$B$5:$P$19,MATCH(I$4,'Type Chart'!$A$5:$A$19,0),MATCH($E45,'Type Chart'!$B$4:$P$4,0))*IF($F45="",1,INDEX('Type Chart'!$B$5:$P$19,MATCH(I$4,'Type Chart'!$A$5:$A$19,0),MATCH($F45,'Type Chart'!$B$4:$P$4,0))) -> 1 | J45: =INDEX('Type Chart'!$B$5:$P$19,MATCH(J$4,'Type Chart'!$A$5:$A$19,0),MATCH($E45,'Type Chart'!$B$4:$P$4,0))*IF($F45="",1,INDEX('Type Chart'!$B$5:$P$19,MATCH(J$4,'Type Chart'!$A$5:$A$19,0),MATCH($F45,'Type Chart'!$B$4:$P$4,0))) -> 2 | K45: =INDEX('Type Chart'!$B$5:$P$19,MATCH(K$4,'Type Chart'!$A$5:$A$19,0),MATCH($E45,'Type Chart'!$B$4:$P$4,0))*IF($F45="",1,INDEX('Type Chart'!$B$5:$P$19,MATCH(K$4,'Type Chart'!$A$5:$A$19,0),MATCH($F45,'Type Chart'!$B$4:$P$4,0))) -> 0.25 | L45: =INDEX('Type Chart'!$B$5:$P$19,MATCH(L$4,'Type Chart'!$A$5:$A$19,0),MATCH($E45,'Type Chart'!$B$4:$P$4,0))*IF($F45="",1,INDEX('Type Chart'!$B$5:$P$19,MATCH(L$4,'Type Chart'!$A$5:$A$19,0),MATCH($F45,'Type Chart'!$B$4:$P$4,0))) -> 2 | M45: =INDEX('Type Chart'!$B$5:$P$19,MATCH(M$4,'Type Chart'!$A$5:$A$19,0),MATCH($E45,'Type Chart'!$B$4:$P$4,0))*IF($F45="",1,INDEX('Type Chart'!$B$5:$P$19,MATCH(M$4,'Type Chart'!$A$5:$A$19,0),MATCH($F45,'Type Chart'!$B$4:$P$4,0))) -> 0.25 | N45: =INDEX('Type Chart'!$B$5:$P$19,MATCH(N$4,'Type Chart'!$A$5:$A$19,0),MATCH($E45,'Type Chart'!$B$4:$P$4,0))*IF($F45="",1,INDEX('Type Chart'!$B$5:$P$19,MATCH(N$4,'Type Chart'!$A$5:$A$19,0),MATCH($F45,'Type Chart'!$B$4:$P$4,0))) -> 0.5 | ... U45: =INDEX('Type Chart'!$B$5:$P$19,MATCH(U$4,'Type Chart'!$A$5:$A$19,0),MATCH($E45,'Type Chart'!$B$4:$P$4,0))*IF($F45="",1,INDEX('Type Chart'!$B$5:$P$19,MATCH(U$4,'Type Chart'!$A$5:$A$19,0),MATCH($F45,'Type Chart'!$B$4:$P$4,0))) -> 1
A46: Agatha | B46: Elite Four | C46: Marowak | D46: 57 | E46: Ground | G46: =INDEX('Type Chart'!$B$5:$P$19,MATCH(G$4,'Type Chart'!$A$5:$A$19,0),MATCH($E46,'Type Chart'!$B$4:$P$4,0))*IF($F46="",1,INDEX('Type Chart'!$B$5:$P$19,MATCH(G$4,'Type Chart'!$A$5:$A$19,0),MATCH($F46,'Type Chart'!$B$4:$P$4,0))) -> 1 | H46: =INDEX('Type Chart'!$B$5:$P$19,MATCH(H$4,'Type Chart'!$A$5:$A$19,0),MATCH($E46,'Type Chart'!$B$4:$P$4,0))*IF($F46="",1,INDEX('Type Chart'!$B$5:$P$19,MATCH(H$4,'Type Chart'!$A$5:$A$19,0),MATCH($F46,'Type Chart'!$B$4:$P$4,0))) -> 1 | I46: =INDEX('Type Chart'!$B$5:$P$19,MATCH(I$4,'Type Chart'!$A$5:$A$19,0),MATCH($E46,'Type Chart'!$B$4:$P$4,0))*IF($F46="",1,INDEX('Type Chart'!$B$5:$P$19,MATCH(I$4,'Type Chart'!$A$5:$A$19,0),MATCH($F46,'Type Chart'!$B$4:$P$4,0))) -> 2 | J46: =INDEX('Type Chart'!$B$5:$P$19,MATCH(J$4,'Type Chart'!$A$5:$A$19,0),MATCH($E46,'Type Chart'!$B$4:$P$4,0))*IF($F46="",1,INDEX('Type Chart'!$B$5:$P$19,MATCH(J$4,'Type Chart'!$A$5:$A$19,0),MATCH($F46,'Type Chart'!$B$4:$P$4,0))) -> 0 | K46: =INDEX('Type Chart'!$B$5:$P$19,MATCH(K$4,'Type Chart'!$A$5:$A$19,0),MATCH($E46,'Type Chart'!$B$4:$P$4,0))*IF($F46="",1,INDEX('Type Chart'!$B$5:$P$19,MATCH(K$4,'Type Chart'!$A$5:$A$19,0),MATCH($F46,'Type Chart'!$B$4:$P$4,0))) -> 2 | L46: =INDEX('Type Chart'!$B$5:$P$19,MATCH(L$4,'Type Chart'!$A$5:$A$19,0),MATCH($E46,'Type Chart'!$B$4:$P$4,0))*IF($F46="",1,INDEX('Type Chart'!$B$5:$P$19,MATCH(L$4,'Type Chart'!$A$5:$A$19,0),MATCH($F46,'Type Chart'!$B$4:$P$4,0))) -> 2 | M46: =INDEX('Type Chart'!$B$5:$P$19,MATCH(M$4,'Type Chart'!$A$5:$A$19,0),MATCH($E46,'Type Chart'!$B$4:$P$4,0))*IF($F46="",1,INDEX('Type Chart'!$B$5:$P$19,MATCH(M$4,'Type Chart'!$A$5:$A$19,0),MATCH($F46,'Type Chart'!$B$4:$P$4,0))) -> 1 | N46: =INDEX('Type Chart'!$B$5:$P$19,MATCH(N$4,'Type Chart'!$A$5:$A$19,0),MATCH($E46,'Type Chart'!$B$4:$P$4,0))*IF($F46="",1,INDEX('Type Chart'!$B$5:$P$19,MATCH(N$4,'Type Chart'!$A$5:$A$19,0),MATCH($F46,'Type Chart'!$B$4:$P$4,0))) -> 0.5 | ... U46: =INDEX('Type Chart'!$B$5:$P$19,MATCH(U$4,'Type Chart'!$A$5:$A$19,0),MATCH($E46,'Type Chart'!$B$4:$P$4,0))*IF($F46="",1,INDEX('Type Chart'!$B$5:$P$19,MATCH(U$4,'Type Chart'!$A$5:$A$19,0),MATCH($F46,'Type Chart'!$B$4:$P$4,0))) -> 1
A47: Agatha | B47: Elite Four | C47: Arbok | D47: 58 | E47: Poison | G47: =INDEX('Type Chart'!$B$5:$P$19,MATCH(G$4,'Type Chart'!$A$5:$A$19,0),MATCH($E47,'Type Chart'!$B$4:$P$4,0))*IF($F47="",1,INDEX('Type Chart'!$B$5:$P$19,MATCH(G$4,'Type Chart'!$A$5:$A$19,0),MATCH($F47,'Type Chart'!$B$4:$P$4,0))) -> 1 | H47: =INDEX('Type Chart'!$B$5:$P$19,MATCH(H$4,'Type Chart'!$A$5:$A$19,0),MATCH($E47,'Type Chart'!$B$4:$P$4,0))*IF($F47="",1,INDEX('Type Chart'!$B$5:$P$19,MATCH(H$4,'Type Chart'!$A$5:$A$19,0),MATCH($F47,'Type Chart'!$B$4:$P$4,0))) -> 1 | I47: =INDEX('Type Chart'!$B$5:$P$19,MATCH(I$4,'Type Chart'!$A$5:$A$19,0),MATCH($E47,'Type Chart'!$B$4:$P$4,0))*IF($F47="",1,INDEX('Type Chart'!$B$5:$P$19,MATCH(I$4,'Type Chart'!$A$5:$A$19,0),MATCH($F47,'Type Chart'!$B$4:$P$4,0))) -> 1 | J47: =INDEX('Type Chart'!$B$5:$P$19,MATCH(J$4,'Type Chart'!$A$5:$A$19,0),MATCH($E47,'Type Chart'!$B$4:$P$4,0))*IF($F47="",1,INDEX('Type Chart'!$B$5:$P$19,MATCH(J$4,'Type Chart'!$A$5:$A$19,0),MATCH($F47,'Type Chart'!$B$4:$P$4,0))) -> 1 | K47: =INDEX('Type Chart'!$B$5:$P$19,MATCH(K$4,'Type Chart'!$A$5:$A$19,0),MATCH($E47,'Type Chart'!$B$4:$P$4,0))*IF($F47="",1,INDEX('Type Chart'!$B$5:$P$19,MATCH(K$4,'Type Chart'!$A$5:$A$19,0),MATCH($F47,'Type Chart'!$B$4:$P$4,0))) -> 0.5 | L47: =INDEX('Type Chart'!$B$5:$P$19,MATCH(L$4,'Type Chart'!$A$5:$A$19,0),MATCH($E47,'Type Chart'!$B$4:$P$4,0))*IF($F47="",1,INDEX('Type Chart'!$B$5:$P$19,MATCH(L$4,'Type Chart'!$A$5:$A$19,0),MATCH($F47,'Type Chart'!$B$4:$P$4,0))) -> 1 | M47: =INDEX('Type Chart'!$B$5:$P$19,MATCH(M$4,'Type Chart'!$A$5:$A$19,0),MATCH($E47,'Type Chart'!$B$4:$P$4,0))*IF($F47="",1,INDEX('Type Chart'!$B$5:$P$19,MATCH(M$4,'Type Chart'!$A$5:$A$19,0),MATCH($F47,'Type Chart'!$B$4:$P$4,0))) -> 0.5 | N47: =INDEX('Type Chart'!$B$5:$P$19,MATCH(N$4,'Type Chart'!$A$5:$A$19,0),MATCH($E47,'Type Chart'!$B$4:$P$4,0))*IF($F47="",1,INDEX('Type Chart'!$B$5:$P$19,MATCH(N$4,'Type Chart'!$A$5:$A$19,0),MATCH($F47,'Type Chart'!$B$4:$P$4,0))) -> 0.5 | ... U47: =INDEX('Type Chart'!$B$5:$P$19,MATCH(U$4,'Type Chart'!$A$5:$A$19,0),MATCH($E47,'Type Chart'!$B$4:$P$4,0))*IF($F47="",1,INDEX('Type Chart'!$B$5:$P$19,MATCH(U$4,'Type Chart'!$A$5:$A$19,0),MATCH($F47,'Type Chart'!$B$4:$P$4,0))) -> 1
A48: Agatha | B48: Elite Four | C48: Gengar | D48: 59 | E48: Ghost | F48: Poison | G48: =INDEX('Type Chart'!$B$5:$P$19,MATCH(G$4,'Type Chart'!$A$5:$A$19,0),MATCH($E48,'Type Chart'!$B$4:$P$4,0))*IF($F48="",1,INDEX('Type Chart'!$B$5:$P$19,MATCH(G$4,'Type Chart'!$A$5:$A$19,0),MATCH($F48,'Type Chart'!$B$4:$P$4,0))) -> 0 | H48: =INDEX('Type Chart'!$B$5:$P$19,MATCH(H$4,'Type Chart'!$A$5:$A$19,0),MATCH($E48,'Type Chart'!$B$4:$P$4,0))*IF($F48="",1,INDEX('Type Chart'!$B$5:$P$19,MATCH(H$4,'Type Chart'!$A$5:$A$19,0),MATCH($F48,'Type Chart'!$B$4:$P$4,0))) -> 1 | I48: =INDEX('Type Chart'!$B$5:$P$19,MATCH(I$4,'Type Chart'!$A$5:$A$19,0),MATCH($E48,'Type Chart'!$B$4:$P$4,0))*IF($F48="",1,INDEX('Type Chart'!$B$5:$P$19,MATCH(I$4,'Type Chart'!$A$5:$A$19,0),MATCH($F48,'Type Chart'!$B$4:$P$4,0))) -> 1 | J48: =INDEX('Type Chart'!$B$5:$P$19,MATCH(J$4,'Type Chart'!$A$5:$A$19,0),MATCH($E48,'Type Chart'!$B$4:$P$4,0))*IF($F48="",1,INDEX('Type Chart'!$B$5:$P$19,MATCH(J$4,'Type Chart'!$A$5:$A$19,0),MATCH($F48,'Type Chart'!$B$4:$P$4,0))) -> 1 | K48: =INDEX('Type Chart'!$B$5:$P$19,MATCH(K$4,'Type Chart'!$A$5:$A$19,0),MATCH($E48,'Type Chart'!$B$4:$P$4,0))*IF($F48="",1,INDEX('Type Chart'!$B$5:$P$19,MATCH(K$4,'Type Chart'!$A$5:$A$19,0),MATCH($F48,'Type Chart'!$B$4:$P$4,0))) -> 0.5 | L48: =INDEX('Type Chart'!$B$5:$P$19,MATCH(L$4,'Type Chart'!$A$5:$A$19,0),MATCH($E48,'Type Chart'!$B$4:$P$4,0))*IF($F48="",1,INDEX('Type Chart'!$B$5:$P$19,MATCH(L$4,'Type Chart'!$A$5:$A$19,0),MATCH($F48,'Type Chart'!$B$4:$P$4,0))) -> 1 | M48: =INDEX('Type Chart'!$B$5:$P$19,MATCH(M$4,'Type Chart'!$A$5:$A$19,0),MATCH($E48,'Type Chart'!$B$4:$P$4,0))*IF($F48="",1,INDEX('Type Chart'!$B$5:$P$19,MATCH(M$4,'Type Chart'!$A$5:$A$19,0),MATCH($F48,'Type Chart'!$B$4:$P$4,0))) -> 0 | N48: =INDEX('Type Chart'!$B$5:$P$19,MATCH(N$4,'Type Chart'!$A$5:$A$19,0),MATCH($E48,'Type Chart'!$B$4:$P$4,0))*IF($F48="",1,INDEX('Type Chart'!$B$5:$P$19,MATCH(N$4,'Type Chart'!$A$5:$A$19,0),MATCH($F48,'Type Chart'!$B$4:$P$4,0))) -> 0.25 | ... U48: =INDEX('Type Chart'!$B$5:$P$19,MATCH(U$4,'Type Chart'!$A$5:$A$19,0),MATCH($E48,'Type Chart'!$B$4:$P$4,0))*IF($F48="",1,INDEX('Type Chart'!$B$5:$P$19,MATCH(U$4,'Type Chart'!$A$5:$A$19,0),MATCH($F48,'Type Chart'!$B$4:$P$4,0))) -> 1
A49: Lance | B49: Elite Four | C49: Dragonite | D49: 61 | E49: Dragon | F49: Flying | G49: =INDEX('Type Chart'!$B$5:$P$19,MATCH(G$4,'Type Chart'!$A$5:$A$19,0),MATCH($E49,'Type Chart'!$B$4:$P$4,0))*IF($F49="",1,INDEX('Type Chart'!$B$5:$P$19,MATCH(G$4,'Type Chart'!$A$5:$A$19,0),MATCH($F49,'Type Chart'!$B$4:$P$4,0))) -> 1 | H49: =INDEX('Type Chart'!$B$5:$P$19,MATCH(H$4,'Type Chart'!$A$5:$A$19,0),MATCH($E49,'Type Chart'!$B$4:$P$4,0))*IF($F49="",1,INDEX('Type Chart'!$B$5:$P$19,MATCH(H$4,'Type Chart'!$A$5:$A$19,0),MATCH($F49,'Type Chart'!$B$4:$P$4,0))) -> 0.5 | I49: =INDEX('Type Chart'!$B$5:$P$19,MATCH(I$4,'Type Chart'!$A$5:$A$19,0),MATCH($E49,'Type Chart'!$B$4:$P$4,0))*IF($F49="",1,INDEX('Type Chart'!$B$5:$P$19,MATCH(I$4,'Type Chart'!$A$5:$A$19,0),MATCH($F49,'Type Chart'!$B$4:$P$4,0))) -> 0.5 | J49: =INDEX('Type Chart'!$B$5:$P$19,MATCH(J$4,'Type Chart'!$A$5:$A$19,0),MATCH($E49,'Type Chart'!$B$4:$P$4,0))*IF($F49="",1,INDEX('Type Chart'!$B$5:$P$19,MATCH(J$4,'Type Chart'!$A$5:$A$19,0),MATCH($F49,'Type Chart'!$B$4:$P$4,0))) -> 1 | K49: =INDEX('Type Chart'!$B$5:$P$19,MATCH(K$4,'Type Chart'!$A$5:$A$19,0),MATCH($E49,'Type Chart'!$B$4:$P$4,0))*IF($F49="",1,INDEX('Type Chart'!$B$5:$P$19,MATCH(K$4,'Type Chart'!$A$5:$A$19,0),MATCH($F49,'Type Chart'!$B$4:$P$4,0))) -> 0.25 | L49: =INDEX('Type Chart'!$B$5:$P$19,MATCH(L$4,'Type Chart'!$A$5:$A$19,0),MATCH($E49,'Type Chart'!$B$4:$P$4,0))*IF($F49="",1,INDEX('Type Chart'!$B$5:$P$19,MATCH(L$4,'Type Chart'!$A$5:$A$19,0),MATCH($F49,'Type Chart'!$B$4:$P$4,0))) -> 4 | M49: =INDEX('Type Chart'!$B$5:$P$19,MATCH(M$4,'Type Chart'!$A$5:$A$19,0),MATCH($E49,'Type Chart'!$B$4:$P$4,0))*IF($F49="",1,INDEX('Type Chart'!$B$5:$P$19,MATCH(M$4,'Type Chart'!$A$5:$A$19,0),MATCH($F49,'Type Chart'!$B$4:$P$4,0))) -> 0.5 | N49: =INDEX('Type Chart'!$B$5:$P$19,MATCH(N$4,'Type Chart'!$A$5:$A$19,0),MATCH($E49,'Type Chart'!$B$4:$P$4,0))*IF($F49="",1,INDEX('Type Chart'!$B$5:$P$19,MATCH(N$4,'Type Chart'!$A$5:$A$19,0),MATCH($F49,'Type Chart'!$B$4:$P$4,0))) -> 1 | ... U49: =INDEX('Type Chart'!$B$5:$P$19,MATCH(U$4,'Type Chart'!$A$5:$A$19,0),MATCH($E49,'Type Chart'!$B$4:$P$4,0))*IF($F49="",1,INDEX('Type Chart'!$B$5:$P$19,MATCH(U$4,'Type Chart'!$A$5:$A$19,0),MATCH($F49,'Type Chart'!$B$4:$P$4,0))) -> 2
A50: Lance | B50: Elite Four | C50: Gyarados | D50: 60 | E50: Water | F50: Flying | G50: =INDEX('Type Chart'!$B$5:$P$19,MATCH(G$4,'Type Chart'!$A$5:$A$19,0),MATCH($E50,'Type Chart'!$B$4:$P$4,0))*IF($F50="",1,INDEX('Type Chart'!$B$5:$P$19,MATCH(G$4,'Type Chart'!$A$5:$A$19,0),MATCH($F50,'Type Chart'!$B$4:$P$4,0))) -> 1 | H50: =INDEX('Type Chart'!$B$5:$P$19,MATCH(H$4,'Type Chart'!$A$5:$A$19,0),MATCH($E50,'Type Chart'!$B$4:$P$4,0))*IF($F50="",1,INDEX('Type Chart'!$B$5:$P$19,MATCH(H$4,'Type Chart'!$A$5:$A$19,0),MATCH($F50,'Type Chart'!$B$4:$P$4,0))) -> 0.5 | I50: =INDEX('Type Chart'!$B$5:$P$19,MATCH(I$4,'Type Chart'!$A$5:$A$19,0),MATCH($E50,'Type Chart'!$B$4:$P$4,0))*IF($F50="",1,INDEX('Type Chart'!$B$5:$P$19,MATCH(I$4,'Type Chart'!$A$5:$A$19,0),MATCH($F50,'Type Chart'!$B$4:$P$4,0))) -> 0.5 | J50: =INDEX('Type Chart'!$B$5:$P$19,MATCH(J$4,'Type Chart'!$A$5:$A$19,0),MATCH($E50,'Type Chart'!$B$4:$P$4,0))*IF($F50="",1,INDEX('Type Chart'!$B$5:$P$19,MATCH(J$4,'Type Chart'!$A$5:$A$19,0),MATCH($F50,'Type Chart'!$B$4:$P$4,0))) -> 4 | K50: =INDEX('Type Chart'!$B$5:$P$19,MATCH(K$4,'Type Chart'!$A$5:$A$19,0),MATCH($E50,'Type Chart'!$B$4:$P$4,0))*IF($F50="",1,INDEX('Type Chart'!$B$5:$P$19,MATCH(K$4,'Type Chart'!$A$5:$A$19,0),MATCH($F50,'Type Chart'!$B$4:$P$4,0))) -> 1 | L50: =INDEX('Type Chart'!$B$5:$P$19,MATCH(L$4,'Type Chart'!$A$5:$A$19,0),MATCH($E50,'Type Chart'!$B$4:$P$4,0))*IF($F50="",1,INDEX('Type Chart'!$B$5:$P$19,MATCH(L$4,'Type Chart'!$A$5:$A$19,0),MATCH($F50,'Type Chart'!$B$4:$P$4,0))) -> 1 | M50: =INDEX('Type Chart'!$B$5:$P$19,MATCH(M$4,'Type Chart'!$A$5:$A$19,0),MATCH($E50,'Type Chart'!$B$4:$P$4,0))*IF($F50="",1,INDEX('Type Chart'!$B$5:$P$19,MATCH(M$4,'Type Chart'!$A$5:$A$19,0),MATCH($F50,'Type Chart'!$B$4:$P$4,0))) -> 0.5 | N50: =INDEX('Type Chart'!$B$5:$P$19,MATCH(N$4,'Type Chart'!$A$5:$A$19,0),MATCH($E50,'Type Chart'!$B$4:$P$4,0))*IF($F50="",1,INDEX('Type Chart'!$B$5:$P$19,MATCH(N$4,'Type Chart'!$A$5:$A$19,0),MATCH($F50,'Type Chart'!$B$4:$P$4,0))) -> 1 | ... U50: =INDEX('Type Chart'!$B$5:$P$19,MATCH(U$4,'Type Chart'!$A$5:$A$19,0),MATCH($E50,'Type Chart'!$B$4:$P$4,0))*IF($F50="",1,INDEX('Type Chart'!$B$5:$P$19,MATCH(U$4,'Type Chart'!$A$5:$A$19,0),MATCH($F50,'Type Chart'!$B$4:$P$4,0))) -> 1
A51: Lance | B51: Elite Four | C51: Charizard | D51: 60 | E51: Fire | F51: Flying | G51: =INDEX('Type Chart'!$B$5:$P$19,MATCH(G$4,'Type Chart'!$A$5:$A$19,0),MATCH($E51,'Type Chart'!$B$4:$P$4,0))*IF($F51="",1,INDEX('Type Chart'!$B$5:$P$19,MATCH(G$4,'Type Chart'!$A$5:$A$19,0),MATCH($F51,'Type Chart'!$B$4:$P$4,0))) -> 1 | H51: =INDEX('Type Chart'!$B$5:$P$19,MATCH(H$4,'Type Chart'!$A$5:$A$19,0),MATCH($E51,'Type Chart'!$B$4:$P$4,0))*IF($F51="",1,INDEX('Type Chart'!$B$5:$P$19,MATCH(H$4,'Type Chart'!$A$5:$A$19,0),MATCH($F51,'Type Chart'!$B$4:$P$4,0))) -> 0.5 | I51: =INDEX('Type Chart'!$B$5:$P$19,MATCH(I$4,'Type Chart'!$A$5:$A$19,0),MATCH($E51,'Type Chart'!$B$4:$P$4,0))*IF($F51="",1,INDEX('Type Chart'!$B$5:$P$19,MATCH(I$4,'Type Chart'!$A$5:$A$19,0),MATCH($F51,'Type Chart'!$B$4:$P$4,0))) -> 2 | J51: =INDEX('Type Chart'!$B$5:$P$19,MATCH(J$4,'Type Chart'!$A$5:$A$19,0),MATCH($E51,'Type Chart'!$B$4:$P$4,0))*IF($F51="",1,INDEX('Type Chart'!$B$5:$P$19,MATCH(J$4,'Type Chart'!$A$5:$A$19,0),MATCH($F51,'Type Chart'!$B$4:$P$4,0))) -> 2 | K51: =INDEX('Type Chart'!$B$5:$P$19,MATCH(K$4,'Type Chart'!$A$5:$A$19,0),MATCH($E51,'Type Chart'!$B$4:$P$4,0))*IF($F51="",1,INDEX('Type Chart'!$B$5:$P$19,MATCH(K$4,'Type Chart'!$A$5:$A$19,0),MATCH($F51,'Type Chart'!$B$4:$P$4,0))) -> 0.25 | L51: =INDEX('Type Chart'!$B$5:$P$19,MATCH(L$4,'Type Chart'!$A$5:$A$19,0),MATCH($E51,'Type Chart'!$B$4:$P$4,0))*IF($F51="",1,INDEX('Type Chart'!$B$5:$P$19,MATCH(L$4,'Type Chart'!$A$5:$A$19,0),MATCH($F51,'Type Chart'!$B$4:$P$4,0))) -> 2 | M51: =INDEX('Type Chart'!$B$5:$P$19,MATCH(M$4,'Type Chart'!$A$5:$A$19,0),MATCH($E51,'Type Chart'!$B$4:$P$4,0))*IF($F51="",1,INDEX('Type Chart'!$B$5:$P$19,MATCH(M$4,'Type Chart'!$A$5:$A$19,0),MATCH($F51,'Type Chart'!$B$4:$P$4,0))) -> 0.5 | N51: =INDEX('Type Chart'!$B$5:$P$19,MATCH(N$4,'Type Chart'!$A$5:$A$19,0),MATCH($E51,'Type Chart'!$B$4:$P$4,0))*IF($F51="",1,INDEX('Type Chart'!$B$5:$P$19,MATCH(N$4,'Type Chart'!$A$5:$A$19,0),MATCH($F51,'Type Chart'!$B$4:$P$4,0))) -> 1 | ... U51: =INDEX('Type Chart'!$B$5:$P$19,MATCH(U$4,'Type Chart'!$A$5:$A$19,0),MATCH($E51,'Type Chart'!$B$4:$P$4,0))*IF($F51="",1,INDEX('Type Chart'!$B$5:$P$19,MATCH(U$4,'Type Chart'!$A$5:$A$19,0),MATCH($F51,'Type Chart'!$B$4:$P$4,0))) -> 1
A52: Lance | B52: Elite Four | C52: Aerodactyl | D52: 61 | E52: Rock | F52: Flying | G52: =INDEX('Type Chart'!$B$5:$P$19,MATCH(G$4,'Type Chart'!$A$5:$A$19,0),MATCH($E52,'Type Chart'!$B$4:$P$4,0))*IF($F52="",1,INDEX('Type Chart'!$B$5:$P$19,MATCH(G$4,'Type Chart'!$A$5:$A$19,0),MATCH($F52,'Type Chart'!$B$4:$P$4,0))) -> 0.5 | H52: =INDEX('Type Chart'!$B$5:$P$19,MATCH(H$4,'Type Chart'!$A$5:$A$19,0),MATCH($E52,'Type Chart'!$B$4:$P$4,0))*IF($F52="",1,INDEX('Type Chart'!$B$5:$P$19,MATCH(H$4,'Type Chart'!$A$5:$A$19,0),MATCH($F52,'Type Chart'!$B$4:$P$4,0))) -> 0.5 | I52: =INDEX('Type Chart'!$B$5:$P$19,MATCH(I$4,'Type Chart'!$A$5:$A$19,0),MATCH($E52,'Type Chart'!$B$4:$P$4,0))*IF($F52="",1,INDEX('Type Chart'!$B$5:$P$19,MATCH(I$4,'Type Chart'!$A$5:$A$19,0),MATCH($F52,'Type Chart'!$B$4:$P$4,0))) -> 2 | J52: =INDEX('Type Chart'!$B$5:$P$19,MATCH(J$4,'Type Chart'!$A$5:$A$19,0),MATCH($E52,'Type Chart'!$B$4:$P$4,0))*IF($F52="",1,INDEX('Type Chart'!$B$5:$P$19,MATCH(J$4,'Type Chart'!$A$5:$A$19,0),MATCH($F52,'Type Chart'!$B$4:$P$4,0))) -> 2 | K52: =INDEX('Type Chart'!$B$5:$P$19,MATCH(K$4,'Type Chart'!$A$5:$A$19,0),MATCH($E52,'Type Chart'!$B$4:$P$4,0))*IF($F52="",1,INDEX('Type Chart'!$B$5:$P$19,MATCH(K$4,'Type Chart'!$A$5:$A$19,0),MATCH($F52,'Type Chart'!$B$4:$P$4,0))) -> 1 | L52: =INDEX('Type Chart'!$B$5:$P$19,MATCH(L$4,'Type Chart'!$A$5:$A$19,0),MATCH($E52,'Type Chart'!$B$4:$P$4,0))*IF($F52="",1,INDEX('Type Chart'!$B$5:$P$19,MATCH(L$4,'Type Chart'!$A$5:$A$19,0),MATCH($F52,'Type Chart'!$B$4:$P$4,0))) -> 2 | M52: =INDEX('Type Chart'!$B$5:$P$19,MATCH(M$4,'Type Chart'!$A$5:$A$19,0),MATCH($E52,'Type Chart'!$B$4:$P$4,0))*IF($F52="",1,INDEX('Type Chart'!$B$5:$P$19,MATCH(M$4,'Type Chart'!$A$5:$A$19,0),MATCH($F52,'Type Chart'!$B$4:$P$4,0))) -> 1 | N52: =INDEX('Type Chart'!$B$5:$P$19,MATCH(N$4,'Type Chart'!$A$5:$A$19,0),MATCH($E52,'Type Chart'!$B$4:$P$4,0))*IF($F52="",1,INDEX('Type Chart'!$B$5:$P$19,MATCH(N$4,'Type Chart'!$A$5:$A$19,0),MATCH($F52,'Type Chart'!$B$4:$P$4,0))) -> 0.5 | ... U52: =INDEX('Type Chart'!$B$5:$P$19,MATCH(U$4,'Type Chart'!$A$5:$A$19,0),MATCH($E52,'Type Chart'!$B$4:$P$4,0))*IF($F52="",1,INDEX('Type Chart'!$B$5:$P$19,MATCH(U$4,'Type Chart'!$A$5:$A$19,0),MATCH($F52,'Type Chart'!$B$4:$P$4,0))) -> 1
A53: Lance | B53: Elite Four | C53: Dragonite | D53: 62 | E53: Dragon | F53: Flying | G53: =INDEX('Type Chart'!$B$5:$P$19,MATCH(G$4,'Type Chart'!$A$5:$A$19,0),MATCH($E53,'Type Chart'!$B$4:$P$4,0))*IF($F53="",1,INDEX('Type Chart'!$B$5:$P$19,MATCH(G$4,'Type Chart'!$A$5:$A$19,0),MATCH($F53,'Type Chart'!$B$4:$P$4,0))) -> 1 | H53: =INDEX('Type Chart'!$B$5:$P$19,MATCH(H$4,'Type Chart'!$A$5:$A$19,0),MATCH($E53,'Type Chart'!$B$4:$P$4,0))*IF($F53="",1,INDEX('Type Chart'!$B$5:$P$19,MATCH(H$4,'Type Chart'!$A$5:$A$19,0),MATCH($F53,'Type Chart'!$B$4:$P$4,0))) -> 0.5 | I53: =INDEX('Type Chart'!$B$5:$P$19,MATCH(I$4,'Type Chart'!$A$5:$A$19,0),MATCH($E53,'Type Chart'!$B$4:$P$4,0))*IF($F53="",1,INDEX('Type Chart'!$B$5:$P$19,MATCH(I$4,'Type Chart'!$A$5:$A$19,0),MATCH($F53,'Type Chart'!$B$4:$P$4,0))) -> 0.5 | J53: =INDEX('Type Chart'!$B$5:$P$19,MATCH(J$4,'Type Chart'!$A$5:$A$19,0),MATCH($E53,'Type Chart'!$B$4:$P$4,0))*IF($F53="",1,INDEX('Type Chart'!$B$5:$P$19,MATCH(J$4,'Type Chart'!$A$5:$A$19,0),MATCH($F53,'Type Chart'!$B$4:$P$4,0))) -> 1 | K53: =INDEX('Type Chart'!$B$5:$P$19,MATCH(K$4,'Type Chart'!$A$5:$A$19,0),MATCH($E53,'Type Chart'!$B$4:$P$4,0))*IF($F53="",1,INDEX('Type Chart'!$B$5:$P$19,MATCH(K$4,'Type Chart'!$A$5:$A$19,0),MATCH($F53,'Type Chart'!$B$4:$P$4,0))) -> 0.25 | L53: =INDEX('Type Chart'!$B$5:$P$19,MATCH(L$4,'Type Chart'!$A$5:$A$19,0),MATCH($E53,'Type Chart'!$B$4:$P$4,0))*IF($F53="",1,INDEX('Type Chart'!$B$5:$P$19,MATCH(L$4,'Type Chart'!$A$5:$A$19,0),MATCH($F53,'Type Chart'!$B$4:$P$4,0))) -> 4 | M53: =INDEX('Type Chart'!$B$5:$P$19,MATCH(M$4,'Type Chart'!$A$5:$A$19,0),MATCH($E53,'Type Chart'!$B$4:$P$4,0))*IF($F53="",1,INDEX('Type Chart'!$B$5:$P$19,MATCH(M$4,'Type Chart'!$A$5:$A$19,0),MATCH($F53,'Type Chart'!$B$4:$P$4,0))) -> 0.5 | N53: =INDEX('Type Chart'!$B$5:$P$19,MATCH(N$4,'Type Chart'!$A$5:$A$19,0),MATCH($E53,'Type Chart'!$B$4:$P$4,0))*IF($F53="",1,INDEX('Type Chart'!$B$5:$P$19,MATCH(N$4,'Type Chart'!$A$5:$A$19,0),MATCH($F53,'Type Chart'!$B$4:$P$4,0))) -> 1 | ... U53: =INDEX('Type Chart'!$B$5:$P$19,MATCH(U$4,'Type Chart'!$A$5:$A$19,0),MATCH($E53,'Type Chart'!$B$4:$P$4,0))*IF($F53="",1,INDEX('Type Chart'!$B$5:$P$19,MATCH(U$4,'Type Chart'!$A$5:$A$19,0),MATCH($F53,'Type Chart'!$B$4:$P$4,0))) -> 2
A54: Blue (Champion) | B54: Champion | C54: Machamp | D54: 60 | E54: Fighting | G54: =INDEX('Type Chart'!$B$5:$P$19,MATCH(G$4,'Type Chart'!$A$5:$A$19,0),MATCH($E54,'Type Chart'!$B$4:$P$4,0))*IF($F54="",1,INDEX('Type Chart'!$B$5:$P$19,MATCH(G$4,'Type Chart'!$A$5:$A$19,0),MATCH($F54,'Type Chart'!$B$4:$P$4,0))) -> 1 | H54: =INDEX('Type Chart'!$B$5:$P$19,MATCH(H$4,'Type Chart'!$A$5:$A$19,0),MATCH($E54,'Type Chart'!$B$4:$P$4,0))*IF($F54="",1,INDEX('Type Chart'!$B$5:$P$19,MATCH(H$4,'Type Chart'!$A$5:$A$19,0),MATCH($F54,'Type Chart'!$B$4:$P$4,0))) -> 1 | I54: =INDEX('Type Chart'!$B$5:$P$19,MATCH(I$4,'Type Chart'!$A$5:$A$19,0),MATCH($E54,'Type Chart'!$B$4:$P$4,0))*IF($F54="",1,INDEX('Type Chart'!$B$5:$P$19,MATCH(I$4,'Type Chart'!$A$5:$A$19,0),MATCH($F54,'Type Chart'!$B$4:$P$4,0))) -> 1 | J54: =INDEX('Type Chart'!$B$5:$P$19,MATCH(J$4,'Type Chart'!$A$5:$A$19,0),MATCH($E54,'Type Chart'!$B$4:$P$4,0))*IF($F54="",1,INDEX('Type Chart'!$B$5:$P$19,MATCH(J$4,'Type Chart'!$A$5:$A$19,0),MATCH($F54,'Type Chart'!$B$4:$P$4,0))) -> 1 | K54: =INDEX('Type Chart'!$B$5:$P$19,MATCH(K$4,'Type Chart'!$A$5:$A$19,0),MATCH($E54,'Type Chart'!$B$4:$P$4,0))*IF($F54="",1,INDEX('Type Chart'!$B$5:$P$19,MATCH(K$4,'Type Chart'!$A$5:$A$19,0),MATCH($F54,'Type Chart'!$B$4:$P$4,0))) -> 1 | L54: =INDEX('Type Chart'!$B$5:$P$19,MATCH(L$4,'Type Chart'!$A$5:$A$19,0),MATCH($E54,'Type Chart'!$B$4:$P$4,0))*IF($F54="",1,INDEX('Type Chart'!$B$5:$P$19,MATCH(L$4,'Type Chart'!$A$5:$A$19,0),MATCH($F54,'Type Chart'!$B$4:$P$4,0))) -> 1 | M54: =INDEX('Type Chart'!$B$5:$P$19,MATCH(M$4,'Type Chart'!$A$5:$A$19,0),MATCH($E54,'Type Chart'!$B$4:$P$4,0))*IF($F54="",1,INDEX('Type Chart'!$B$5:$P$19,MATCH(M$4,'Type Chart'!$A$5:$A$19,0),MATCH($F54,'Type Chart'!$B$4:$P$4,0))) -> 1 | N54: =INDEX('Type Chart'!$B$5:$P$19,MATCH(N$4,'Type Chart'!$A$5:$A$19,0),MATCH($E54,'Type Chart'!$B$4:$P$4,0))*IF($F54="",1,INDEX('Type Chart'!$B$5:$P$19,MATCH(N$4,'Type Chart'!$A$5:$A$19,0),MATCH($F54,'Type Chart'!$B$4:$P$4,0))) -> 1 | ... U54: =INDEX('Type Chart'!$B$5:$P$19,MATCH(U$4,'Type Chart'!$A$5:$A$19,0),MATCH($E54,'Type Chart'!$B$4:$P$4,0))*IF($F54="",1,INDEX('Type Chart'!$B$5:$P$19,MATCH(U$4,'Type Chart'!$A$5:$A$19,0),MATCH($F54,'Type Chart'!$B$4:$P$4,0))) -> 1
A55: Blue (Champion) | B55: Champion | C55: Pidgeot | D55: 61 | E55: Normal | F55: Flying | G55: =INDEX('Type Chart'!$B$5:$P$19,MATCH(G$4,'Type Chart'!$A$5:$A$19,0),MATCH($E55,'Type Chart'!$B$4:$P$4,0))*IF($F55="",1,INDEX('Type Chart'!$B$5:$P$19,MATCH(G$4,'Type Chart'!$A$5:$A$19,0),MATCH($F55,'Type Chart'!$B$4:$P$4,0))) -> 1 | H55: =INDEX('Type Chart'!$B$5:$P$19,MATCH(H$4,'Type Chart'!$A$5:$A$19,0),MATCH($E55,'Type Chart'!$B$4:$P$4,0))*IF($F55="",1,INDEX('Type Chart'!$B$5:$P$19,MATCH(H$4,'Type Chart'!$A$5:$A$19,0),MATCH($F55,'Type Chart'!$B$4:$P$4,0))) -> 1 | I55: =INDEX('Type Chart'!$B$5:$P$19,MATCH(I$4,'Type Chart'!$A$5:$A$19,0),MATCH($E55,'Type Chart'!$B$4:$P$4,0))*IF($F55="",1,INDEX('Type Chart'!$B$5:$P$19,MATCH(I$4,'Type Chart'!$A$5:$A$19,0),MATCH($F55,'Type Chart'!$B$4:$P$4,0))) -> 1 | J55: =INDEX('Type Chart'!$B$5:$P$19,MATCH(J$4,'Type Chart'!$A$5:$A$19,0),MATCH($E55,'Type Chart'!$B$4:$P$4,0))*IF($F55="",1,INDEX('Type Chart'!$B$5:$P$19,MATCH(J$4,'Type Chart'!$A$5:$A$19,0),MATCH($F55,'Type Chart'!$B$4:$P$4,0))) -> 2 | K55: =INDEX('Type Chart'!$B$5:$P$19,MATCH(K$4,'Type Chart'!$A$5:$A$19,0),MATCH($E55,'Type Chart'!$B$4:$P$4,0))*IF($F55="",1,INDEX('Type Chart'!$B$5:$P$19,MATCH(K$4,'Type Chart'!$A$5:$A$19,0),MATCH($F55,'Type Chart'!$B$4:$P$4,0))) -> 0.5 | L55: =INDEX('Type Chart'!$B$5:$P$19,MATCH(L$4,'Type Chart'!$A$5:$A$19,0),MATCH($E55,'Type Chart'!$B$4:$P$4,0))*IF($F55="",1,INDEX('Type Chart'!$B$5:$P$19,MATCH(L$4,'Type Chart'!$A$5:$A$19,0),MATCH($F55,'Type Chart'!$B$4:$P$4,0))) -> 2 | M55: =INDEX('Type Chart'!$B$5:$P$19,MATCH(M$4,'Type Chart'!$A$5:$A$19,0),MATCH($E55,'Type Chart'!$B$4:$P$4,0))*IF($F55="",1,INDEX('Type Chart'!$B$5:$P$19,MATCH(M$4,'Type Chart'!$A$5:$A$19,0),MATCH($F55,'Type Chart'!$B$4:$P$4,0))) -> 1 | N55: =INDEX('Type Chart'!$B$5:$P$19,MATCH(N$4,'Type Chart'!$A$5:$A$19,0),MATCH($E55,'Type Chart'!$B$4:$P$4,0))*IF($F55="",1,INDEX('Type Chart'!$B$5:$P$19,MATCH(N$4,'Type Chart'!$A$5:$A$19,0),MATCH($F55,'Type Chart'!$B$4:$P$4,0))) -> 1 | ... U55: =INDEX('Type Chart'!$B$5:$P$19,MATCH(U$4,'Type Chart'!$A$5:$A$19,0),MATCH($E55,'Type Chart'!$B$4:$P$4,0))*IF($F55="",1,INDEX('Type Chart'!$B$5:$P$19,MATCH(U$4,'Type Chart'!$A$5:$A$19,0),MATCH($F55,'Type Chart'!$B$4:$P$4,0))) -> 1
A56: Blue (Champion) | B56: Champion | C56: Ninetales | D56: 62 | E56: Fire | G56: =INDEX('Type Chart'!$B$5:$P$19,MATCH(G$4,'Type Chart'!$A$5:$A$19,0),MATCH($E56,'Type Chart'!$B$4:$P$4,0))*IF($F56="",1,INDEX('Type Chart'!$B$5:$P$19,MATCH(G$4,'Type Chart'!$A$5:$A$19,0),MATCH($F56,'Type Chart'!$B$4:$P$4,0))) -> 1 | H56: =INDEX('Type Chart'!$B$5:$P$19,MATCH(H$4,'Type Chart'!$A$5:$A$19,0),MATCH($E56,'Type Chart'!$B$4:$P$4,0))*IF($F56="",1,INDEX('Type Chart'!$B$5:$P$19,MATCH(H$4,'Type Chart'!$A$5:$A$19,0),MATCH($F56,'Type Chart'!$B$4:$P$4,0))) -> 0.5 | I56: =INDEX('Type Chart'!$B$5:$P$19,MATCH(I$4,'Type Chart'!$A$5:$A$19,0),MATCH($E56,'Type Chart'!$B$4:$P$4,0))*IF($F56="",1,INDEX('Type Chart'!$B$5:$P$19,MATCH(I$4,'Type Chart'!$A$5:$A$19,0),MATCH($F56,'Type Chart'!$B$4:$P$4,0))) -> 2 | J56: =INDEX('Type Chart'!$B$5:$P$19,MATCH(J$4,'Type Chart'!$A$5:$A$19,0),MATCH($E56,'Type Chart'!$B$4:$P$4,0))*IF($F56="",1,INDEX('Type Chart'!$B$5:$P$19,MATCH(J$4,'Type Chart'!$A$5:$A$19,0),MATCH($F56,'Type Chart'!$B$4:$P$4,0))) -> 1 | K56: =INDEX('Type Chart'!$B$5:$P$19,MATCH(K$4,'Type Chart'!$A$5:$A$19,0),MATCH($E56,'Type Chart'!$B$4:$P$4,0))*IF($F56="",1,INDEX('Type Chart'!$B$5:$P$19,MATCH(K$4,'Type Chart'!$A$5:$A$19,0),MATCH($F56,'Type Chart'!$B$4:$P$4,0))) -> 0.5 | L56: =INDEX('Type Chart'!$B$5:$P$19,MATCH(L$4,'Type Chart'!$A$5:$A$19,0),MATCH($E56,'Type Chart'!$B$4:$P$4,0))*IF($F56="",1,INDEX('Type Chart'!$B$5:$P$19,MATCH(L$4,'Type Chart'!$A$5:$A$19,0),MATCH($F56,'Type Chart'!$B$4:$P$4,0))) -> 1 | M56: =INDEX('Type Chart'!$B$5:$P$19,MATCH(M$4,'Type Chart'!$A$5:$A$19,0),MATCH($E56,'Type Chart'!$B$4:$P$4,0))*IF($F56="",1,INDEX('Type Chart'!$B$5:$P$19,MATCH(M$4,'Type Chart'!$A$5:$A$19,0),MATCH($F56,'Type Chart'!$B$4:$P$4,0))) -> 1 | N56: =INDEX('Type Chart'!$B$5:$P$19,MATCH(N$4,'Type Chart'!$A$5:$A$19,0),MATCH($E56,'Type Chart'!$B$4:$P$4,0))*IF($F56="",1,INDEX('Type Chart'!$B$5:$P$19,MATCH(N$4,'Type Chart'!$A$5:$A$19,0),MATCH($F56,'Type Chart'!$B$4:$P$4,0))) -> 1 | ... U56: =INDEX('Type Chart'!$B$5:$P$19,MATCH(U$4,'Type Chart'!$A$5:$A$19,0),MATCH($E56,'Type Chart'!$B$4:$P$4,0))*IF($F56="",1,INDEX('Type Chart'!$B$5:$P$19,MATCH(U$4,'Type Chart'!$A$5:$A$19,0),MATCH($F56,'Type Chart'!$B$4:$P$4,0))) -> 1
A57: Blue (Champion) | B57: Champion | C57: Victreebel | D57: 62 | E57: Grass | F57: Poison | G57: =INDEX('Type Chart'!$B$5:$P$19,MATCH(G$4,'Type Chart'!$A$5:$A$19,0),MATCH($E57,'Type Chart'!$B$4:$P$4,0))*IF($F57="",1,INDEX('Type Chart'!$B$5:$P$19,MATCH(G$4,'Type Chart'!$A$5:$A$19,0),MATCH($F57,'Type Chart'!$B$4:$P$4,0))) -> 1 | H57: =INDEX('Type Chart'!$B$5:$P$19,MATCH(H$4,'Type Chart'!$A$5:$A$19,0),MATCH($E57,'Type Chart'!$B$4:$P$4,0))*IF($F57="",1,INDEX('Type Chart'!$B$5:$P$19,MATCH(H$4,'Type Chart'!$A$5:$A$19,0),MATCH($F57,'Type Chart'!$B$4:$P$4,0))) -> 2 | I57: =INDEX('Type Chart'!$B$5:$P$19,MATCH(I$4,'Type Chart'!$A$5:$A$19,0),MATCH($E57,'Type Chart'!$B$4:$P$4,0))*IF($F57="",1,INDEX('Type Chart'!$B$5:$P$19,MATCH(I$4,'Type Chart'!$A$5:$A$19,0),MATCH($F57,'Type Chart'!$B$4:$P$4,0))) -> 0.5 | J57: =INDEX('Type Chart'!$B$5:$P$19,MATCH(J$4,'Type Chart'!$A$5:$A$19,0),MATCH($E57,'Type Chart'!$B$4:$P$4,0))*IF($F57="",1,INDEX('Type Chart'!$B$5:$P$19,MATCH(J$4,'Type Chart'!$A$5:$A$19,0),MATCH($F57,'Type Chart'!$B$4:$P$4,0))) -> 0.5 | K57: =INDEX('Type Chart'!$B$5:$P$19,MATCH(K$4,'Type Chart'!$A$5:$A$19,0),MATCH($E57,'Type Chart'!$B$4:$P$4,0))*IF($F57="",1,INDEX('Type Chart'!$B$5:$P$19,MATCH(K$4,'Type Chart'!$A$5:$A$19,0),MATCH($F57,'Type Chart'!$B$4:$P$4,0))) -> 0.25 | L57: =INDEX('Type Chart'!$B$5:$P$19,MATCH(L$4,'Type Chart'!$A$5:$A$19,0),MATCH($E57,'Type Chart'!$B$4:$P$4,0))*IF($F57="",1,INDEX('Type Chart'!$B$5:$P$19,MATCH(L$4,'Type Chart'!$A$5:$A$19,0),MATCH($F57,'Type Chart'!$B$4:$P$4,0))) -> 2 | M57: =INDEX('Type Chart'!$B$5:$P$19,MATCH(M$4,'Type Chart'!$A$5:$A$19,0),MATCH($E57,'Type Chart'!$B$4:$P$4,0))*IF($F57="",1,INDEX('Type Chart'!$B$5:$P$19,MATCH(M$4,'Type Chart'!$A$5:$A$19,0),MATCH($F57,'Type Chart'!$B$4:$P$4,0))) -> 0.5 | N57: =INDEX('Type Chart'!$B$5:$P$19,MATCH(N$4,'Type Chart'!$A$5:$A$19,0),MATCH($E57,'Type Chart'!$B$4:$P$4,0))*IF($F57="",1,INDEX('Type Chart'!$B$5:$P$19,MATCH(N$4,'Type Chart'!$A$5:$A$19,0),MATCH($F57,'Type Chart'!$B$4:$P$4,0))) -> 1 | ... U57: =INDEX('Type Chart'!$B$5:$P$19,MATCH(U$4,'Type Chart'!$A$5:$A$19,0),MATCH($E57,'Type Chart'!$B$4:$P$4,0))*IF($F57="",1,INDEX('Type Chart'!$B$5:$P$19,MATCH(U$4,'Type Chart'!$A$5:$A$19,0),MATCH($F57,'Type Chart'!$B$4:$P$4,0))) -> 1
A58: Blue (Champion) | B58: Champion | C58: Alakazam | D58: 63 | E58: Psychic | G58: =INDEX('Type Chart'!$B$5:$P$19,MATCH(G$4,'Type Chart'!$A$5:$A$19,0),MATCH($E58,'Type Chart'!$B$4:$P$4,0))*IF($F58="",1,INDEX('Type Chart'!$B$5:$P$19,MATCH(G$4,'Type Chart'!$A$5:$A$19,0),MATCH($F58,'Type Chart'!$B$4:$P$4,0))) -> 1 | H58: =INDEX('Type Chart'!$B$5:$P$19,MATCH(H$4,'Type Chart'!$A$5:$A$19,0),MATCH($E58,'Type Chart'!$B$4:$P$4,0))*IF($F58="",1,INDEX('Type Chart'!$B$5:$P$19,MATCH(H$4,'Type Chart'!$A$5:$A$19,0),MATCH($F58,'Type Chart'!$B$4:$P$4,0))) -> 1 | I58: =INDEX('Type Chart'!$B$5:$P$19,MATCH(I$4,'Type Chart'!$A$5:$A$19,0),MATCH($E58,'Type Chart'!$B$4:$P$4,0))*IF($F58="",1,INDEX('Type Chart'!$B$5:$P$19,MATCH(I$4,'Type Chart'!$A$5:$A$19,0),MATCH($F58,'Type Chart'!$B$4:$P$4,0))) -> 1 | J58: =INDEX('Type Chart'!$B$5:$P$19,MATCH(J$4,'Type Chart'!$A$5:$A$19,0),MATCH($E58,'Type Chart'!$B$4:$P$4,0))*IF($F58="",1,INDEX('Type Chart'!$B$5:$P$19,MATCH(J$4,'Type Chart'!$A$5:$A$19,0),MATCH($F58,'Type Chart'!$B$4:$P$4,0))) -> 1 | K58: =INDEX('Type Chart'!$B$5:$P$19,MATCH(K$4,'Type Chart'!$A$5:$A$19,0),MATCH($E58,'Type Chart'!$B$4:$P$4,0))*IF($F58="",1,INDEX('Type Chart'!$B$5:$P$19,MATCH(K$4,'Type Chart'!$A$5:$A$19,0),MATCH($F58,'Type Chart'!$B$4:$P$4,0))) -> 1 | L58: =INDEX('Type Chart'!$B$5:$P$19,MATCH(L$4,'Type Chart'!$A$5:$A$19,0),MATCH($E58,'Type Chart'!$B$4:$P$4,0))*IF($F58="",1,INDEX('Type Chart'!$B$5:$P$19,MATCH(L$4,'Type Chart'!$A$5:$A$19,0),MATCH($F58,'Type Chart'!$B$4:$P$4,0))) -> 1 | M58: =INDEX('Type Chart'!$B$5:$P$19,MATCH(M$4,'Type Chart'!$A$5:$A$19,0),MATCH($E58,'Type Chart'!$B$4:$P$4,0))*IF($F58="",1,INDEX('Type Chart'!$B$5:$P$19,MATCH(M$4,'Type Chart'!$A$5:$A$19,0),MATCH($F58,'Type Chart'!$B$4:$P$4,0))) -> 0.5 | N58: =INDEX('Type Chart'!$B$5:$P$19,MATCH(N$4,'Type Chart'!$A$5:$A$19,0),MATCH($E58,'Type Chart'!$B$4:$P$4,0))*IF($F58="",1,INDEX('Type Chart'!$B$5:$P$19,MATCH(N$4,'Type Chart'!$A$5:$A$19,0),MATCH($F58,'Type Chart'!$B$4:$P$4,0))) -> 1 | ... U58: =INDEX('Type Chart'!$B$5:$P$19,MATCH(U$4,'Type Chart'!$A$5:$A$19,0),MATCH($E58,'Type Chart'!$B$4:$P$4,0))*IF($F58="",1,INDEX('Type Chart'!$B$5:$P$19,MATCH(U$4,'Type Chart'!$A$5:$A$19,0),MATCH($F58,'Type Chart'!$B$4:$P$4,0))) -> 1
A59: Blue (Champion) | B59: Champion | C59: Vaporeon | D59: 65 | E59: Water | G59: =INDEX('Type Chart'!$B$5:$P$19,MATCH(G$4,'Type Chart'!$A$5:$A$19,0),MATCH($E59,'Type Chart'!$B$4:$P$4,0))*IF($F59="",1,INDEX('Type Chart'!$B$5:$P$19,MATCH(G$4,'Type Chart'!$A$5:$A$19,0),MATCH($F59,'Type Chart'!$B$4:$P$4,0))) -> 1 | H59: =INDEX('Type Chart'!$B$5:$P$19,MATCH(H$4,'Type Chart'!$A$5:$A$19,0),MATCH($E59,'Type Chart'!$B$4:$P$4,0))*IF($F59="",1,INDEX('Type Chart'!$B$5:$P$19,MATCH(H$4,'Type Chart'!$A$5:$A$19,0),MATCH($F59,'Type Chart'!$B$4:$P$4,0))) -> 0.5 | I59: =INDEX('Type Chart'!$B$5:$P$19,MATCH(I$4,'Type Chart'!$A$5:$A$19,0),MATCH($E59,'Type Chart'!$B$4:$P$4,0))*IF($F59="",1,INDEX('Type Chart'!$B$5:$P$19,MATCH(I$4,'Type Chart'!$A$5:$A$19,0),MATCH($F59,'Type Chart'!$B$4:$P$4,0))) -> 0.5 | J59: =INDEX('Type Chart'!$B$5:$P$19,MATCH(J$4,'Type Chart'!$A$5:$A$19,0),MATCH($E59,'Type Chart'!$B$4:$P$4,0))*IF($F59="",1,INDEX('Type Chart'!$B$5:$P$19,MATCH(J$4,'Type Chart'!$A$5:$A$19,0),MATCH($F59,'Type Chart'!$B$4:$P$4,0))) -> 2 | K59: =INDEX('Type Chart'!$B$5:$P$19,MATCH(K$4,'Type Chart'!$A$5:$A$19,0),MATCH($E59,'Type Chart'!$B$4:$P$4,0))*IF($F59="",1,INDEX('Type Chart'!$B$5:$P$19,MATCH(K$4,'Type Chart'!$A$5:$A$19,0),MATCH($F59,'Type Chart'!$B$4:$P$4,0))) -> 2 | L59: =INDEX('Type Chart'!$B$5:$P$19,MATCH(L$4,'Type Chart'!$A$5:$A$19,0),MATCH($E59,'Type Chart'!$B$4:$P$4,0))*IF($F59="",1,INDEX('Type Chart'!$B$5:$P$19,MATCH(L$4,'Type Chart'!$A$5:$A$19,0),MATCH($F59,'Type Chart'!$B$4:$P$4,0))) -> 0.5 | M59: =INDEX('Type Chart'!$B$5:$P$19,MATCH(M$4,'Type Chart'!$A$5:$A$19,0),MATCH($E59,'Type Chart'!$B$4:$P$4,0))*IF($F59="",1,INDEX('Type Chart'!$B$5:$P$19,MATCH(M$4,'Type Chart'!$A$5:$A$19,0),MATCH($F59,'Type Chart'!$B$4:$P$4,0))) -> 1 | N59: =INDEX('Type Chart'!$B$5:$P$19,MATCH(N$4,'Type Chart'!$A$5:$A$19,0),MATCH($E59,'Type Chart'!$B$4:$P$4,0))*IF($F59="",1,INDEX('Type Chart'!$B$5:$P$19,MATCH(N$4,'Type Chart'!$A$5:$A$19,0),MATCH($F59,'Type Chart'!$B$4:$P$4,0))) -> 1 | ... U59: =INDEX('Type Chart'!$B$5:$P$19,MATCH(U$4,'Type Chart'!$A$5:$A$19,0),MATCH($E59,'Type Chart'!$B$4:$P$4,0))*IF($F59="",1,INDEX('Type Chart'!$B$5:$P$19,MATCH(U$4,'Type Chart'!$A$5:$A$19,0),MATCH($F59,'Type Chart'!$B$4:$P$4,0))) -> 1

Sheet TM Economy
A1: TM Economy — Read Before You Spend One
A2: In Legacy most good TMs become BUYABLE at Indigo Plateau. Mid-game they are still one-shot. TMs are consumed on use and Gen 1 has no way to delete a move.
A4: Move | B4: Type | C4: Power | D4: Category | E4: Availability | F4: Where | G4: Safe to spend now?
A5: Selfdestruct | B5: Normal | C5: 200 | D5: Physical | E5: ONE COPY ONLY | F5: single item ball / gift | G5: NO - spend with care
A6: Explosion | B6: Normal | C6: 250 | D6: Physical | E6: Scarce -> then unlimited | F6: One copy now; SOLD at Indigo Plateau lobby | G6: HOLD until Indigo, then free
A7: Solarbeam | B7: Grass | C7: 180 | D7: Special | E7: Scarce -> then unlimited | F7: One copy now; SOLD at Indigo Plateau lobby | G7: HOLD until Indigo, then free
A8: Double Edge | B8: Normal | C8: 120 | D8: Physical | E8: Scarce -> then unlimited | F8: One copy now; SOLD at Indigo Plateau lobby | G8: HOLD until Indigo, then free
A9: Blizzard | B9: Ice | C9: 120 | D9: Special | E9: Scarce -> then unlimited | F9: One copy now; SOLD at Indigo Plateau lobby | G9: HOLD until Indigo, then free
A10: Thunder | B10: Electric | C10: 120 | D10: Special | E10: Scarce -> then unlimited | F10: One copy now; SOLD at Indigo Plateau lobby | G10: HOLD until Indigo, then free
A11: Fire Blast | B11: Fire | C11: 120 | D11: Special | E11: Scarce -> then unlimited | F11: One copy now; SOLD at Indigo Plateau lobby | G11: HOLD until Indigo, then free
A12: Sky Attack | B12: Flying | C12: 120 | D12: Physical | E12: Scarce -> then unlimited | F12: One copy now; SOLD at Indigo Plateau lobby | G12: HOLD until Indigo, then free
A13: Earthquake | B13: Ground | C13: 100 | D13: Physical | E13: Scarce -> then unlimited | F13: One copy now; SOLD at Indigo Plateau lobby | G13: HOLD until Indigo, then free
A14: Dream Eater | B14: Psychic | C14: 100 | D14: Special | E14: Scarce -> then unlimited | F14: One copy now; SOLD at Indigo Plateau lobby | G14: HOLD until Indigo, then free
A15: Flamethrower | B15: Fire | C15: 95 | D15: Special | E15: Scarce -> then unlimited | F15: One copy now; SOLD at Indigo Plateau lobby | G15: HOLD until Indigo, then free
A16: Ice Beam | B16: Ice | C16: 95 | D16: Special | E16: Scarce -> then unlimited | F16: One copy now; SOLD at Indigo Plateau lobby | G16: HOLD until Indigo, then free
... A40: Water Gun | B40: Water | C40: 40 | D40: Special | E40: Unlimited | F40: Celadon Dept Store (2F / 5F) | G40: YES
A42: RED = genuinely one-of-a-kind. ORANGE = one copy until you reach Indigo Plateau, where it goes on sale. GREEN = buy as many as you like.

Sheet Solo Carries
A1: Every Pokemon vs. the Legacy Gauntlet
A2: Best 4 legally-learnable moves. E4 = of the 26 Elite Four + Champion mons it can 2HKO. Fragility = how many of 55 bosses 2HKO it back.
A4: Rank | B4: Pokemon | C4: Type 1 | D4: Type 2 | E4: Best 4 Moves | F4: E4 2HKO | G4: E4 % | H4: All bosses | I4: Fragility | J4: Frag % | K4: VALUE
A5: 1 | B5: Mewtwo | C5: Psychic | E5: Hyper Beam / Double Edge / Solarbeam / Psychic | F5: 26 | G5: =F5/26 -> 1 | H5: 54 | I5: 1 | J5: =I5/55 -> 0.018181818 | K5: =G5/(0.25+J5) -> 3.7288136
A6: 2 | B6: Rhydon | C6: Ground | D6: Rock | E6: Hyper Beam / Double Edge / Earthquake / Rock Slide | F6: 25 | G6: =F6/26 -> 0.96153846 | H6: 53 | I6: 45 | J6: =I6/55 -> 0.81818182 | K6: =G6/(0.25+J6) -> 0.90016367
A7: 3 | B7: Mew | C7: Psychic | E7: Blizzard / Thunder / Earthquake / Psychic | F7: 24 | G7: =F7/26 -> 0.92307692 | H7: 52 | I7: 0 | J7: =I7/55 -> 0 | K7: =G7/(0.25+J7) -> 3.6923077
A8: 4 | B8: Snorlax | C8: Normal | E8: Double Edge / Blizzard / Solarbeam / Earthquake | F8: 24 | G8: =F8/26 -> 0.92307692 | H8: 53 | I8: 5 | J8: =I8/55 -> 0.090909091 | K8: =G8/(0.25+J8) -> 2.7076923
A9: 5 | B9: Dragonite | C9: Dragon | D9: Flying | E9: Double Edge / Blizzard / Thunder / Wing Attack | F9: 24 | G9: =F9/26 -> 0.92307692 | H9: 51 | I9: 23 | J9: =I9/55 -> 0.41818182 | K9: =G9/(0.25+J9) -> 1.3814757
A10: 6 | B10: Exeggutor | C10: Grass | D10: Psychic | E10: Hyper Beam / Double Edge / Egg Bomb / Psychic | F10: 24 | G10: =F10/26 -> 0.92307692 | H10: 52 | I10: 28 | J10: =I10/55 -> 0.50909091 | K10: =G10/(0.25+J10) -> 1.2160295
A11: 7 | B11: Tauros | C11: Normal | E11: Double Edge / Blizzard / Thunder / Earthquake | F11: 24 | G11: =F11/26 -> 0.92307692 | H11: 53 | I11: 31 | J11: =I11/55 -> 0.56363636 | K11: =G11/(0.25+J11) -> 1.134508
A12: 8 | B12: Golem | C12: Rock | D12: Ground | E12: Hyper Beam / Double Edge / Earthquake / Rock Slide | F12: 24 | G12: =F12/26 -> 0.92307692 | H12: 52 | I12: 47 | J12: =I12/55 -> 0.85454545 | K12: =G12/(0.25+J12) -> 0.8357075
A13: 9 | B13: Zapdos | C13: Electric | D13: Flying | E13: Hyper Beam / Double Edge / Thunder / Drill Peck | F13: 23 | G13: =F13/26 -> 0.88461538 | H13: 46 | I13: 11 | J13: =I13/55 -> 0.2 | K13: =G13/(0.25+J13) -> 1.965812
A14: 10 | B14: Starmie | C14: Water | D14: Psychic | E14: Hydro Pump / Blizzard / Thunder / Psychic | F14: 23 | G14: =F14/26 -> 0.88461538 | H14: 50 | I14: 23 | J14: =I14/55 -> 0.41818182 | K14: =G14/(0.25+J14) -> 1.3239142
A15: 11 | B15: Gyarados | C15: Water | D15: Flying | E15: Double Edge / Hydro Pump / Blizzard / Thunder | F15: 22 | G15: =F15/26 -> 0.84615385 | H15: 50 | I15: 21 | J15: =I15/55 -> 0.38181818 | K15: =G15/(0.25+J15) -> 1.3392363
A16: 12 | B16: Gengar | C16: Ghost | D16: Poison | E16: Double Edge / Mega Drain / Thunder / Psychic | F16: 22 | G16: =F16/26 -> 0.84615385 | H16: 44 | I16: 28 | J16: =I16/55 -> 0.50909091 | K16: =G16/(0.25+J16) -> 1.1146937
A17: 13 | B17: Aerodactyl | C17: Rock | D17: Flying | E17: Dragon Rage / Earthquake / Sky Attack / Rock Slide | F17: 22 | G17: =F17/26 -> 0.84615385 | H17: 49 | I17: 43 | J17: =I17/55 -> 0.78181818 | K17: =G17/(0.25+J17) -> 0.820061
A18: 14 | B18: Nidoking | C18: Poison | D18: Ground | E18: Hyper Beam / Blizzard / Thunder / Earthquake | F18: 22 | G18: =F18/26 -> 0.84615385 | H18: 50 | I18: 43 | J18: =I18/55 -> 0.78181818 | K18: =G18/(0.25+J18) -> 0.820061
A19: 15 | B19: Kabutops | C19: Rock | D19: Water | E19: Double Edge / Hydro Pump / Cut / Rock Slide | F19: 22 | G19: =F19/26 -> 0.84615385 | H19: 48 | I19: 50 | J19: =I19/55 -> 0.90909091 | K19: =G19/(0.25+J19) -> 0.73001508
A20: 16 | B20: Wigglytuff | C20: Normal | E20: Double Edge / Blizzard / Thunder / Psychic | F20: 21 | G20: =F20/26 -> 0.80769231 | H20: 45 | I20: 6 | J20: =I20/55 -> 0.10909091 | K20: =G20/(0.25+J20) -> 2.2492697
A21: 17 | B21: Clefable | C21: Normal | E21: Double Edge / Blizzard / Thunder / Psychic | F21: 21 | G21: =F21/26 -> 0.80769231 | H21: 47 | I21: 7 | J21: =I21/55 -> 0.12727273 | K21: =G21/(0.25+J21) -> 2.1408712
A22: 18 | B22: Lapras | C22: Water | D22: Ice | E22: Double Edge / Hydro Pump / Blizzard / Thunder | F22: 21 | G22: =F22/26 -> 0.80769231 | H22: 47 | I22: 15 | J22: =I22/55 -> 0.27272727 | K22: =G22/(0.25+J22) -> 1.5451505
A23: 19 | B23: Porygon | C23: Normal | E23: Double Edge / Blizzard / Thunder / Psychic | F23: 21 | G23: =F23/26 -> 0.80769231 | H23: 47 | I23: 22 | J23: =I23/55 -> 0.4 | K23: =G23/(0.25+J23) -> 1.2426036
A24: 20 | B24: Articuno | C24: Ice | D24: Flying | E24: Hyper Beam / Double Edge / Blizzard / Drill Peck | F24: 21 | G24: =F24/26 -> 0.80769231 | H24: 47 | I24: 23 | J24: =I24/55 -> 0.41818182 | K24: =G24/(0.25+J24) -> 1.2087912
A25: 21 | B25: Venusaur | C25: Grass | D25: Poison | E25: Solarbeam / Rock Slide / Earthquake / Sludge | F25: 21 | G25: =F25/26 -> 0.80769231 | H25: 48 | I25: 31 | J25: =I25/55 -> 0.56363636 | K25: =G25/(0.25+J25) -> 0.99269446
A26: 22 | B26: Tentacruel | C26: Water | D26: Poison | E26: Double Edge / Hydro Pump / Blizzard / Mega Drain | F26: 21 | G26: =F26/26 -> 0.80769231 | H26: 48 | I26: 31 | J26: =I26/55 -> 0.56363636 | K26: =G26/(0.25+J26) -> 0.99269446
A27: 23 | B27: Machamp | C27: Fighting | E27: Double Edge / Submission / Earthquake / Rock Slide | F27: 21 | G27: =F27/26 -> 0.80769231 | H27: 48 | I27: 32 | J27: =I27/55 -> 0.58181818 | K27: =G27/(0.25+J27) -> 0.97099622
A28: 24 | B28: Nidoqueen | C28: Poison | D28: Ground | E28: Hyper Beam / Blizzard / Thunder / Earthquake | F28: 21 | G28: =F28/26 -> 0.80769231 | H28: 49 | I28: 37 | J28: =I28/55 -> 0.67272727 | K28: =G28/(0.25+J28) -> 0.87533156
A29: 25 | B29: Hitmonlee | C29: Fighting | E29: Double Edge / Mega Kick / Hi Jump Kick / Rock Slide | F29: 21 | G29: =F29/26 -> 0.80769231 | H29: 45 | I29: 49 | J29: =I29/55 -> 0.89090909 | K29: =G29/(0.25+J29) -> 0.70793748
A30: 26 | B30: Chansey | C30: Normal | E30: Fire Blast / Blizzard / Thunder / Psychic | F30: 21 | G30: =F30/26 -> 0.80769231 | H30: 39 | I30: 51 | J30: =I30/55 -> 0.92727273 | K30: =G30/(0.25+J30) -> 0.68607069
A31: 27 | B31: Lickitung | C31: Normal | E31: Double Edge / Blizzard / Thunder / Earthquake | F31: 20 | G31: =F31/26 -> 0.76923077 | H31: 45 | I31: 12 | J31: =I31/55 -> 0.21818182 | K31: =G31/(0.25+J31) -> 1.6430172
A32: 28 | B32: Slowbro | C32: Water | D32: Psychic | E32: Hyper Beam / Blizzard / Earthquake / Psychic | F32: 20 | G32: =F32/26 -> 0.76923077 | H32: 46 | I32: 18 | J32: =I32/55 -> 0.32727273 | K32: =G32/(0.25+J32) -> 1.3325257
A33: 29 | B33: Kangaskhan | C33: Normal | E33: Double Edge / Surf / Blizzard / Earthquake | F33: 20 | G33: =F33/26 -> 0.76923077 | H33: 47 | I33: 37 | J33: =I33/55 -> 0.67272727 | K33: =G33/(0.25+J33) -> 0.83364911
A34: 30 | B34: Haunter | C34: Ghost | D34: Poison | E34: Mega Drain / Thunder / Psychic / Lick | F34: 20 | G34: =F34/26 -> 0.76923077 | H34: 40 | I34: 38 | J34: =I34/55 -> 0.69090909 | K34: =G34/(0.25+J34) -> 0.81753995
A35: 31 | B35: Victreebel | C35: Grass | D35: Poison | E35: Hyper Beam / Double Edge / Solarbeam / Sludge | F35: 20 | G35: =F35/26 -> 0.76923077 | H35: 45 | I35: 42 | J35: =I35/55 -> 0.76363636 | K35: =G35/(0.25+J35) -> 0.75888237
A36: 32 | B36: Dodrio | C36: Normal | D36: Flying | E36: Hyper Beam / Double Edge / Drill Peck / Jump Kick | F36: 20 | G36: =F36/26 -> 0.76923077 | H36: 47 | I36: 49 | J36: =I36/55 -> 0.89090909 | K36: =G36/(0.25+J36) -> 0.67422617
A37: 33 | B37: Graveler | C37: Rock | D37: Ground | E37: Double Edge / Take Down / Earthquake / Rock Slide | F37: 20 | G37: =F37/26 -> 0.76923077 | H37: 47 | I37: 50 | J37: =I37/55 -> 0.90909091 | K37: =G37/(0.25+J37) -> 0.66365008
A38: 34 | B38: Magneton | C38: Electric | E38: Hyper Beam / Double Edge / Thunder / Thunderbolt | F38: 19 | G38: =F38/26 -> 0.73076923 | H38: 36 | I38: 26 | J38: =I38/55 -> 0.47272727 | K38: =G38/(0.25+J38) -> 1.0111272
A39: 35 | B39: Jolteon | C39: Electric | E39: Double Edge / Thunder / Double Kick / Pinissile | F39: 19 | G39: =F39/26 -> 0.73076923 | H39: 38 | I39: 33 | J39: =I39/55 -> 0.6 | K39: =G39/(0.25+J39) -> 0.85972851
A40: 36 | B40: Mrime | C40: Psychic | E40: Hyper Beam / Double Edge / Thunder / Psychic | F40: 19 | G40: =F40/26 -> 0.73076923 | H40: 41 | I40: 43 | J40: =I40/55 -> 0.78181818 | K40: =G40/(0.25+J40) -> 0.7082345
A41: 37 | B41: Blastoise | C41: Water | E41: Hyper Beam / Hydro Pump / Blizzard / Earthquake | F41: 18 | G41: =F41/26 -> 0.69230769 | H41: 43 | I41: 25 | J41: =I41/55 -> 0.45454545 | K41: =G41/(0.25+J41) -> 0.98263027
A42: 38 | B42: Poliwrath | C42: Water | D42: Fighting | E42: Hydro Pump / Blizzard / Earthquake / Psychic | F42: 18 | G42: =F42/26 -> 0.69230769 | H42: 42 | I42: 34 | J42: =I42/55 -> 0.61818182 | K42: =G42/(0.25+J42) -> 0.79742247
A43: 39 | B43: Alakazam | C43: Psychic | E43: Hyper Beam / Double Edge / Submission / Psychic | F43: 18 | G43: =F43/26 -> 0.69230769 | H43: 43 | I43: 40 | J43: =I43/55 -> 0.72727273 | K43: =G43/(0.25+J43) -> 0.70840787
A44: 40 | B44: Electabuzz | C44: Electric | E44: Hyper Beam / Double Edge / Thunder / Psychic | F44: 18 | G44: =F44/26 -> 0.69230769 | H44: 38 | I44: 45 | J44: =I44/55 -> 0.81818182 | K44: =G44/(0.25+J44) -> 0.64811784
A45: 41 | B45: Jynx | C45: Ice | D45: Psychic | E45: Hyper Beam / Double Edge / Blizzard / Psychic | F45: 18 | G45: =F45/26 -> 0.69230769 | H45: 41 | I45: 45 | J45: =I45/55 -> 0.81818182 | K45: =G45/(0.25+J45) -> 0.64811784
A46: 42 | B46: Gastly | C46: Ghost | D46: Poison | E46: Mega Drain / Thunder / Psychic / Lick | F46: 18 | G46: =F46/26 -> 0.69230769 | H46: 37 | I46: 46 | J46: =I46/55 -> 0.83636364 | K46: =G46/(0.25+J46) -> 0.63727068
A47: 43 | B47: Rhyhorn | C47: Ground | D47: Rock | E47: Fire Blast / Flamethrower / Earthquake / Rock Slide | F47: 18 | G47: =F47/26 -> 0.69230769 | H47: 45 | I47: 52 | J47: =I47/55 -> 0.94545455 | K47: =G47/(0.25+J47) -> 0.5791167
A48: 44 | B48: Tentacool | C48: Water | D48: Poison | E48: Double Edge / Hydro Pump / Blizzard / Mega Drain | F48: 18 | G48: =F48/26 -> 0.69230769 | H48: 41 | I48: 54 | J48: =I48/55 -> 0.98181818 | K48: =G48/(0.25+J48) -> 0.562021
A49: 45 | B49: Vaporeon | C49: Water | E49: Hyper Beam / Double Edge / Hydro Pump / Blizzard | F49: 17 | G49: =F49/26 -> 0.65384615 | H49: 41 | I49: 7 | J49: =I49/55 -> 0.12727273 | K49: =G49/(0.25+J49) -> 1.7330862
A50: 46 | B50: Hypno | C50: Psychic | E50: Hyper Beam / Double Edge / Submission / Psychic | F50: 17 | G50: =F50/26 -> 0.65384615 | H50: 41 | I50: 8 | J50: =I50/55 -> 0.14545455 | K50: =G50/(0.25+J50) -> 1.6534041
A51: 47 | B51: Moltres | C51: Fire | D51: Flying | E51: Hyper Beam / Double Edge / Fire Blast / Drill Peck | F51: 17 | G51: =F51/26 -> 0.65384615 | H51: 40 | I51: 25 | J51: =I51/55 -> 0.45454545 | K51: =G51/(0.25+J51) -> 0.9280397
A52: 48 | B52: Golduck | C52: Water | E52: Double Edge / Hydro Pump / Blizzard / Psychic | F52: 17 | G52: =F52/26 -> 0.65384615 | H52: 40 | I52: 26 | J52: =I52/55 -> 0.47272727 | K52: =G52/(0.25+J52) -> 0.90469279
A53: 49 | B53: Muk | C53: Poison | E53: Fire Blast / Mega Drain / Thunder / Sludge | F53: 17 | G53: =F53/26 -> 0.65384615 | H53: 40 | I53: 26 | J53: =I53/55 -> 0.47272727 | K53: =G53/(0.25+J53) -> 0.90469279
A54: 50 | B54: Marowak | C54: Ground | E54: Hyper Beam / Double Edge / Blizzard / Earthquake | F54: 17 | G54: =F54/26 -> 0.65384615 | H54: 45 | I54: 39 | J54: =I54/55 -> 0.70909091 | K54: =G54/(0.25+J54) -> 0.68173533
A55: 51 | B55: Onix | C55: Rock | D55: Ground | E55: Double Edge / Skull Bash / Earthquake / Rock Slide | F55: 17 | G55: =F55/26 -> 0.65384615 | H55: 44 | I55: 45 | J55: =I55/55 -> 0.81818182 | K55: =G55/(0.25+J55) -> 0.61211129
A56: 52 | B56: Raichu | C56: Electric | E56: Hyper Beam / Double Edge / Submission / Thunder | F56: 17 | G56: =F56/26 -> 0.65384615 | H56: 34 | I56: 46 | J56: =I56/55 -> 0.83636364 | K56: =G56/(0.25+J56) -> 0.60186675
A57: 53 | B57: Raticate | C57: Normal | E57: Hyper Beam / Double Edge / Blizzard / Thunder | F57: 17 | G57: =F57/26 -> 0.65384615 | H57: 40 | I57: 53 | J57: =I57/55 -> 0.96363636 | K57: =G57/(0.25+J57) -> 0.53874964
A58: 54 | B58: Kadabra | C58: Psychic | E58: Double Edge / Mega Kick / Submission / Psychic | F58: 17 | G58: =F58/26 -> 0.65384615 | H58: 41 | I58: 53 | J58: =I58/55 -> 0.96363636 | K58: =G58/(0.25+J58) -> 0.53874964
A59: 55 | B59: Geodude | C59: Rock | D59: Ground | E59: Double Edge / Take Down / Earthquake / Rock Slide | F59: 17 | G59: =F59/26 -> 0.65384615 | H59: 44 | I59: 54 | J59: =I59/55 -> 0.98181818 | K59: =G59/(0.25+J59) -> 0.53079762
A60: 56 | B60: Dewgong | C60: Water | D60: Ice | E60: Hyper Beam / Double Edge / Surf / Blizzard | F60: 16 | G60: =F60/26 -> 0.61538462 | H60: 40 | I60: 26 | J60: =I60/55 -> 0.47272727 | K60: =G60/(0.25+J60) -> 0.85147557
A61: 57 | B61: Seaking | C61: Water | E61: Double Edge / Surf / Blizzard / Drill Peck | F61: 16 | G61: =F61/26 -> 0.61538462 | H61: 40 | I61: 29 | J61: =I61/55 -> 0.52727273 | K61: =G61/(0.25+J61) -> 0.7917229
A62: 58 | B62: Ninetales | C62: Fire | E62: Fire Blast / Flamethrower / Double Edge / Solarbeam | F62: 16 | G62: =F62/26 -> 0.61538462 | H62: 37 | I62: 30 | J62: =I62/55 -> 0.54545455 | K62: =G62/(0.25+J62) -> 0.77362637
A63: 59 | B63: Seadra | C63: Water | E63: Double Edge / Hydro Pump / Blizzard / Dragon Rage | F63: 16 | G63: =F63/26 -> 0.61538462 | H63: 40 | I63: 31 | J63: =I63/55 -> 0.56363636 | K63: =G63/(0.25+J63) -> 0.75633863
A64: 60 | B64: Omastar | C64: Rock | D64: Water | E64: Hyper Beam / Double Edge / Hydro Pump / Blizzard | F64: 16 | G64: =F64/26 -> 0.61538462 | H64: 41 | I64: 34 | J64: =I64/55 -> 0.61818182 | K64: =G64/(0.25+J64) -> 0.70881998
A65: 61 | B65: Kingler | C65: Water | E65: Hyper Beam / Double Edge / Crabhammer / Blizzard | F65: 16 | G65: =F65/26 -> 0.61538462 | H65: 42 | I65: 37 | J65: =I65/55 -> 0.67272727 | K65: =G65/(0.25+J65) -> 0.66691929
A66: 62 | B66: Cloyster | C66: Water | D66: Ice | E66: Hyper Beam / Double Edge / Surf / Blizzard | F66: 16 | G66: =F66/26 -> 0.61538462 | H66: 40 | I66: 39 | J66: =I66/55 -> 0.70909091 | K66: =G66/(0.25+J66) -> 0.64163325
A67: 63 | B67: Sandslash | C67: Ground | E67: Hyper Beam / Double Edge / Earthquake / Rock Slide | F67: 16 | G67: =F67/26 -> 0.61538462 | H67: 43 | I67: 41 | J67: =I67/55 -> 0.74545455 | K67: =G67/(0.25+J67) -> 0.61819459
A68: 64 | B68: Fearow | C68: Normal | D68: Flying | E68: Hyper Beam / Double Edge / Sky Attack / Drill Peck | F68: 16 | G68: =F68/26 -> 0.61538462 | H68: 39 | I68: 49 | J68: =I68/55 -> 0.89090909 | K68: =G68/(0.25+J68) -> 0.53938094
A69: 65 | B69: Magnemite | C69: Electric | E69: Double Edge / Take Down / Thunder / Thunderbolt | F69: 16 | G69: =F69/26 -> 0.61538462 | H69: 26 | I69: 52 | J69: =I69/55 -> 0.94545455 | K69: =G69/(0.25+J69) -> 0.5147704
A70: 66 | B70: Staryu | C70: Water | E70: Hydro Pump / Blizzard / Thunder / Psychic | F70: 16 | G70: =F70/26 -> 0.61538462 | H70: 34 | I70: 53 | J70: =I70/55 -> 0.96363636 | K70: =G70/(0.25+J70) -> 0.50705848
A71: 67 | B71: Weezing | C71: Poison | E71: Fire Blast / Flamethrower / Thunder / Sludge | F71: 15 | G71: =F71/26 -> 0.57692308 | H71: 36 | I71: 33 | J71: =I71/55 -> 0.6 | K71: =G71/(0.25+J71) -> 0.67873303
A72: 68 | B72: Charizard | C72: Fire | D72: Flying | E72: Fire Blast / Dragon Rage / Earthquake / Wing Attack | F72: 15 | G72: =F72/26 -> 0.57692308 | H72: 41 | I72: 34 | J72: =I72/55 -> 0.61818182 | K72: =G72/(0.25+J72) -> 0.66451873
A73: 69 | B73: Flareon | C73: Fire | E73: Fire Blast / Flamethrower / Double Edge / Double Kick | F73: 15 | G73: =F73/26 -> 0.57692308 | H73: 40 | I73: 40 | J73: =I73/55 -> 0.72727273 | K73: =G73/(0.25+J73) -> 0.59033989
A74: 70 | B74: Drowzee | C74: Psychic | E74: Double Edge / Mega Kick / Submission / Psychic | F74: 15 | G74: =F74/26 -> 0.57692308 | H74: 33 | I74: 43 | J74: =I74/55 -> 0.78181818 | K74: =G74/(0.25+J74) -> 0.5591325
A76: VALUE = E4 coverage % / (0.25 + fragility %). Legacy bosses hit MUCH harder than vanilla, so fragility numbers are higher across the board. Mewtwo and Mew are listed but are post-game.

Sheet Learnset Matrix
A1: Learnset Matrix — Legacy
A2: Best damaging-move base power per type, per Pokemon (TM/HM + level-up). Blank = cannot attack with that type at all.
A4: # | B4: Pokemon | C4: Type 1 | D4: Type 2 | E4: Atk types | F4: Normal | G4: Fire | H4: Water | I4: Electric | J4: Grass | K4: Ice | L4: Fighting | M4: Poison | N4: Ground | O4: Flying | P4: Psychic | Q4: Bug | R4: Rock | S4: Ghost | T4: Dragon
A5: 1 | B5: Mew | C5: Psychic | E5: =COUNT(F5:T5) -> 12 | F5: 150 | G5: 120 | H5: 95 | I5: 120 | J5: 180 | K5: 120 | L5: 80 | N5: 100 | O5: 120 | P5: 90 | Q5: 55 | R5: 75
A6: 2 | B6: Snorlax | C6: Normal | E6: =COUNT(F6:T6) -> 10 | F6: 150 | G6: 120 | H6: 95 | I6: 120 | J6: 180 | K6: 120 | L6: 80 | N6: 100 | P6: 90 | R6: 75
A7: 3 | B7: Nidoqueen | C7: Poison | D7: Ground | E7: =COUNT(F7:T7) -> 9 | F7: 150 | G7: 120 | H7: 95 | I7: 120 | K7: 120 | L7: 80 | M7: 90 | N7: 100 | R7: 75
A8: 4 | B8: Lickitung | C8: Normal | E8: =COUNT(F8:T8) -> 9 | F8: 150 | G8: 120 | H8: 95 | I8: 120 | K8: 120 | L8: 80 | N8: 100 | Q8: 55 | S8: 40
A9: 5 | B9: Nidoking | C9: Poison | D9: Ground | E9: =COUNT(F9:T9) -> 9 | F9: 150 | G9: 120 | H9: 95 | I9: 120 | K9: 120 | L9: 80 | M9: 90 | N9: 100 | R9: 75
A10: 6 | B10: Kangaskhan | C10: Normal | E10: =COUNT(F10:T10) -> 8 | F10: 150 | G10: 120 | H10: 95 | I10: 120 | K10: 120 | L10: 80 | N10: 100 | R10: 75
A11: 7 | B11: Mewtwo | C11: Psychic | E11: =COUNT(F11:T11) -> 8 | F11: 150 | G11: 120 | H11: 65 | I11: 120 | J11: 180 | K11: 120 | L11: 80 | P11: 90
A12: 8 | B12: Wigglytuff | C12: Normal | E12: =COUNT(F12:T12) -> 8 | F12: 150 | G12: 120 | H12: 65 | I12: 120 | J12: 180 | K12: 120 | L12: 80 | P12: 90
A13: 9 | B13: Clefairy | C13: Normal | E13: =COUNT(F13:T13) -> 8 | F13: 120 | G13: 120 | H13: 65 | I13: 120 | J13: 180 | K13: 120 | L13: 80 | P13: 90
A14: 10 | B14: Rhydon | C14: Ground | D14: Rock | E14: =COUNT(F14:T14) -> 8 | F14: 150 | G14: 120 | H14: 95 | I14: 120 | K14: 120 | L14: 80 | N14: 100 | R14: 75
A15: 11 | B15: Chansey | C15: Normal | E15: =COUNT(F15:T15) -> 8 | F15: 150 | G15: 120 | H15: 65 | I15: 120 | J15: 180 | K15: 120 | L15: 80 | P15: 90
A16: 12 | B16: Clefable | C16: Normal | E16: =COUNT(F16:T16) -> 8 | F16: 150 | G16: 120 | H16: 65 | I16: 120 | J16: 180 | K16: 120 | L16: 80 | P16: 90
A17: 13 | B17: Marowak | C17: Ground | E17: =COUNT(F17:T17) -> 8 | F17: 150 | G17: 120 | H17: 65 | K17: 120 | L17: 80 | N17: 100 | Q17: 55 | R17: 75
A18: 14 | B18: Jigglypuff | C18: Normal | E18: =COUNT(F18:T18) -> 8 | F18: 120 | G18: 120 | H18: 65 | I18: 120 | J18: 180 | K18: 120 | L18: 80 | P18: 90
A19: 15 | B19: Nidorino | C19: Poison | E19: =COUNT(F19:T19) -> 7 | F19: 120 | H19: 65 | I19: 120 | K19: 120 | L19: 30 | M19: 90 | N19: 100
A20: 16 | B20: Dragonite | C20: Dragon | D20: Flying | E20: =COUNT(F20:T20) -> 7 | F20: 150 | G20: 120 | H20: 95 | I20: 120 | K20: 120 | O20: 70 | T20: 80
A21: 17 | B21: Gengar | C21: Ghost | D21: Poison | E21: =COUNT(F21:T21) -> 7 | F21: 150 | I21: 120 | J21: 65 | L21: 80 | M21: 40 | P21: 90 | S21: 60
A22: 18 | B22: Gyarados | C22: Water | D22: Flying | E22: =COUNT(F22:T22) -> 7 | F22: 150 | G22: 120 | H22: 120 | I22: 120 | K22: 120 | O22: 70 | T22: 80
A23: 19 | B23: Kabutops | C23: Rock | D23: Water | E23: =COUNT(F23:T23) -> 7 | F23: 150 | H23: 120 | J23: 65 | K23: 120 | L23: 80 | Q23: 55 | R23: 75
A24: 20 | B24: Slowbro | C24: Water | D24: Psychic | E24: =COUNT(F24:T24) -> 7 | F24: 150 | G24: 120 | H24: 95 | K24: 120 | L24: 80 | N24: 100 | P24: 90
A25: 21 | B25: Charizard | C25: Fire | D25: Flying | E25: =COUNT(F25:T25) -> 7 | F25: 150 | G25: 120 | L25: 80 | N25: 100 | O25: 70 | Q25: 55 | T25: 80
A26: 22 | B26: Nidorina | C26: Poison | E26: =COUNT(F26:T26) -> 7 | F26: 120 | H26: 65 | I26: 120 | K26: 120 | L26: 30 | M26: 90 | N26: 100
A27: 23 | B27: Cubone | C27: Ground | E27: =COUNT(F27:T27) -> 7 | F27: 120 | G27: 120 | H27: 65 | K27: 120 | L27: 80 | N27: 100 | Q27: 55
A28: 24 | B28: Slowpoke | C28: Water | D28: Psychic | E28: =COUNT(F28:T28) -> 6 | F28: 120 | G28: 120 | H28: 95 | K28: 120 | N28: 100 | P28: 90
A29: 25 | B29: Psyduck | C29: Water | E29: =COUNT(F29:T29) -> 6 | F29: 120 | H29: 120 | K29: 120 | L29: 80 | N29: 70 | P29: 90
A30: 26 | B30: Venusaur | C30: Grass | D30: Poison | E30: =COUNT(F30:T30) -> 6 | F30: 150 | J30: 180 | M30: 90 | N30: 100 | Q30: 55 | R30: 75
A31: 27 | B31: Poliwhirl | C31: Water | E31: =COUNT(F31:T31) -> 6 | F31: 120 | H31: 120 | K31: 120 | L31: 80 | N31: 100 | P31: 90
A32: 28 | B32: Dragonair | C32: Dragon | E32: =COUNT(F32:T32) -> 6 | F32: 150 | G32: 120 | H32: 95 | I32: 120 | K32: 120 | T32: 80
A33: 29 | B33: Poliwrath | C33: Water | D33: Fighting | E33: =COUNT(F33:T33) -> 6 | F33: 150 | H33: 120 | K33: 120 | L33: 80 | N33: 100 | P33: 90
A34: 30 | B34: Golduck | C34: Water | E34: =COUNT(F34:T34) -> 6 | F34: 150 | H34: 120 | K34: 120 | L34: 80 | N34: 70 | P34: 90
A35: 31 | B35: Charmeleon | C35: Fire | E35: =COUNT(F35:T35) -> 6 | F35: 120 | G35: 120 | L35: 80 | N35: 70 | Q35: 55 | T35: 80
A36: 32 | B36: Hitmonchan | C36: Fighting | E36: =COUNT(F36:T36) -> 6 | F36: 120 | G36: 70 | I36: 70 | K36: 70 | L36: 80 | R36: 75
A37: 33 | B37: Pikachu | C37: Electric | E37: =COUNT(F37:T37) -> 6 | F37: 120 | H37: 95 | I37: 120 | L37: 80 | O37: 70 | Q37: 55
A38: 34 | B38: Haunter | C38: Ghost | D38: Poison | E38: =COUNT(F38:T38) -> 6 | F38: 60 | I38: 120 | J38: 65 | M38: 40 | P38: 90 | S38: 60
A39: 35 | B39: Tentacruel | C39: Water | D39: Poison | E39: =COUNT(F39:T39) -> 6 | F39: 150 | H39: 120 | J39: 65 | K39: 120 | M39: 90 | Q39: 55
A40: 36 | B40: Gastly | C40: Ghost | D40: Poison | E40: =COUNT(F40:T40) -> 6 | F40: 60 | I40: 120 | J40: 65 | M40: 40 | P40: 90 | S40: 60
A41: 37 | B41: Charmander | C41: Fire | E41: =COUNT(F41:T41) -> 6 | F41: 120 | G41: 120 | L41: 80 | N41: 70 | Q41: 55 | T41: 80
A42: 38 | B42: Lapras | C42: Water | D42: Ice | E42: =COUNT(F42:T42) -> 6 | F42: 150 | H42: 120 | I42: 120 | J42: 180 | K42: 120 | P42: 90
A43: 39 | B43: Tentacool | C43: Water | D43: Poison | E43: =COUNT(F43:T43) -> 6 | F43: 120 | H43: 120 | J43: 65 | K43: 120 | M43: 90 | Q43: 55
A44: 40 | B44: Dratini | C44: Dragon | E44: =COUNT(F44:T44) -> 6 | F44: 150 | G44: 120 | H44: 95 | I44: 120 | K44: 120 | T44: 80
A45: 41 | B45: Mrime | C45: Psychic | E45: =COUNT(F45:T45) -> 5 | F45: 150 | I45: 120 | J45: 180 | L45: 80 | P45: 90
A46: 42 | B46: Aerodactyl | C46: Rock | D46: Flying | E46: =COUNT(F46:T46) -> 5 | F46: 150 | G46: 120 | N46: 100 | O46: 120 | R46: 75
A47: 43 | B47: Tauros | C47: Normal | E47: =COUNT(F47:T47) -> 5 | F47: 150 | G47: 120 | I47: 120 | K47: 120 | N47: 100
A48: 44 | B48: Raticate | C48: Normal | E48: =COUNT(F48:T48) -> 5 | F48: 150 | H48: 65 | I48: 120 | K48: 120 | N48: 70
A49: 45 | B49: Arbok | C49: Poison | E49: =COUNT(F49:T49) -> 5 | F49: 150 | J49: 65 | M49: 90 | N49: 100 | R49: 75
A50: 46 | B50: Nidoran | C50: Poison | E50: =COUNT(F50:T50) -> 5 | F50: 120 | I50: 120 | K50: 120 | L50: 30 | M50: 35
A51: 47 | B51: Blastoise | C51: Water | E51: =COUNT(F51:T51) -> 5 | F51: 150 | H51: 120 | K51: 120 | L51: 80 | N51: 100
A52: 48 | B52: Nidoran F | C52: Poison | E52: =COUNT(F52:T52) -> 5 | F52: 120 | I52: 120 | K52: 120 | L52: 30 | M52: 35
A53: 49 | B53: Wartortle | C53: Water | E53: =COUNT(F53:T53) -> 5 | F53: 120 | H53: 120 | K53: 120 | L53: 80 | N53: 70
A54: 50 | B54: Rhyhorn | C54: Ground | D54: Rock | E54: =COUNT(F54:T54) -> 5 | F54: 120 | G54: 120 | I54: 120 | N54: 100 | R54: 75
A55: 51 | B55: Zubat | C55: Poison | D55: Flying | E55: =COUNT(F55:T55) -> 5 | F55: 120 | J55: 65 | M55: 90 | O55: 70 | Q55: 50
A56: 52 | B56: Rattata | C56: Normal | E56: =COUNT(F56:T56) -> 5 | F56: 120 | H56: 65 | I56: 120 | K56: 120 | N56: 70
A57: 53 | B57: Venomoth | C57: Bug | D57: Poison | E57: =COUNT(F57:T57) -> 5 | F57: 150 | J57: 180 | M57: 90 | P57: 90 | Q57: 50
A58: 54 | B58: Squirtle | C58: Water | E58: =COUNT(F58:T58) -> 5 | F58: 120 | H58: 120 | K58: 120 | L58: 80 | N58: 70
A59: 55 | B59: Primeape | C59: Fighting | E59: =COUNT(F59:T59) -> 5 | F59: 150 | I59: 120 | L59: 80 | N59: 70 | R59: 75
A60: 56 | B60: Golem | C60: Rock | D60: Ground | E60: =COUNT(F60:T60) -> 5 | F60: 150 | G60: 120 | L60: 80 | N60: 100 | R60: 75
A61: 57 | B61: Machoke | C61: Fighting | E61: =COUNT(F61:T61) -> 5 | F61: 120 | G61: 120 | L61: 80 | N61: 100 | R61: 75
A62: 58 | B62: Sandshrew | C62: Ground | E62: =COUNT(F62:T62) -> 5 | F62: 120 | L62: 80 | N62: 100 | Q62: 55 | R62: 75
A63: 59 | B63: Grimer | C63: Poison | E63: =COUNT(F63:T63) -> 5 | F63: 85 | G63: 120 | I63: 120 | J63: 65 | M63: 90
A64: 60 | B64: Butterfree | C64: Bug | D64: Flying | E64: =COUNT(F64:T64) -> 5 | F64: 150 | J64: 180 | O64: 40 | P64: 90 | Q64: 50
A65: 61 | B65: Kabuto | C65: Rock | D65: Water | E65: =COUNT(F65:T65) -> 5 | F65: 120 | H65: 120 | J65: 65 | K65: 120 | R65: 75
A66: 62 | B66: Machamp | C66: Fighting | E66: =COUNT(F66:T66) -> 5 | F66: 150 | G66: 120 | L66: 80 | N66: 100 | R66: 75
A67: 63 | B67: Jynx | C67: Ice | D67: Psychic | E67: =COUNT(F67:T67) -> 5 | F67: 150 | H67: 65 | K67: 120 | L67: 80 | P67: 90
A68: 64 | B68: Golbat | C68: Poison | D68: Flying | E68: =COUNT(F68:T68) -> 5 | F68: 150 | J68: 65 | M68: 90 | O68: 70 | Q68: 50
A69: 65 | B69: Machop | C69: Fighting | E69: =COUNT(F69:T69) -> 5 | F69: 120 | G69: 120 | L69: 80 | N69: 100 | R69: 75
A70: 66 | B70: Sandslash | C70: Ground | E70: =COUNT(F70:T70) -> 5 | F70: 150 | L70: 80 | N70: 100 | Q70: 55 | R70: 75
A71: 67 | B71: Graveler | C71: Rock | D71: Ground | E71: =COUNT(F71:T71) -> 5 | F71: 120 | G71: 120 | L71: 80 | N71: 100 | R71: 75
A72: 68 | B72: Mankey | C72: Fighting | E72: =COUNT(F72:T72) -> 5 | F72: 120 | I72: 120 | L72: 80 | N72: 70 | R72: 75
A73: 69 | B73: Ninetales | C73: Fire | E73: =COUNT(F73:T73) -> 5 | F73: 150 | G73: 120 | J73: 180 | N73: 70 | S73: 60
A74: 70 | B74: Omastar | C74: Rock | D74: Water | E74: =COUNT(F74:T74) -> 5 | F74: 150 | H74: 120 | K74: 120 | L74: 80 | R74: 75
A75: 71 | B75: Ekans | C75: Poison | E75: =COUNT(F75:T75) -> 5 | F75: 120 | J75: 65 | M75: 90 | N75: 100 | R75: 75
A76: 72 | B76: Geodude | C76: Rock | D76: Ground | E76: =COUNT(F76:T76) -> 5 | F76: 120 | G76: 120 | L76: 80 | N76: 100 | R76: 75
A77: 73 | B77: Magmar | C77: Fire | E77: =COUNT(F77:T77) -> 5 | F77: 150 | G77: 120 | L77: 80 | M77: 40 | P77: 90
A78: 74 | B78: Staryu | C78: Water | E78: =COUNT(F78:T78) -> 5 | F78: 120 | H78: 120 | I78: 120 | K78: 120 | P78: 90
A79: 75 | B79: Starmie | C79: Water | D79: Psychic | E79: =COUNT(F79:T79) -> 5 | F79: 150 | H79: 120 | I79: 120 | K79: 120 | P79: 90
A80: 76 | B80: Muk | C80: Poison | E80: =COUNT(F80:T80) -> 5 | F80: 150 | G80: 120 | I80: 120 | J80: 65 | M80: 90
A81: 77 | B81: Goldeen | C81: Water | E81: =COUNT(F81:T81) -> 4 | F81: 120 | H81: 95 | K81: 120 | O81: 80
A82: 78 | B82: Jolteon | C82: Electric | E82: =COUNT(F82:T82) -> 4 | F82: 150 | I82: 120 | L82: 30 | Q82: 20
A83: 79 | B83: Paras | C83: Bug | D83: Grass | E83: =COUNT(F83:T83) -> 4 | F83: 120 | J83: 180 | N83: 70 | Q83: 55
A84: 80 | B84: Persian | C84: Normal | E84: =COUNT(F84:T84) -> 4 | F84: 150 | H84: 65 | I84: 120 | Q84: 55
A85: 81 | B85: Poliwag | C85: Water | E85: =COUNT(F85:T85) -> 4 | F85: 120 | H85: 120 | K85: 120 | P85: 90
A86: 82 | B86: Articuno | C86: Ice | D86: Flying | E86: =COUNT(F86:T86) -> 4 | F86: 150 | H86: 65 | K86: 120 | O86: 120
A87: 83 | B87: Vulpix | C87: Fire | E87: =COUNT(F87:T87) -> 4 | F87: 120 | G87: 120 | N87: 70 | S87: 60
A88: 84 | B88: Alakazam | C88: Psychic | E88: =COUNT(F88:T88) -> 4 | F88: 150 | L88: 80 | N88: 70 | P88: 90
A89: 85 | B89: Koffing | C89: Poison | E89: =COUNT(F89:T89) -> 4 | F89: 60 | G89: 120 | I89: 120 | M89: 90
A90: 86 | B90: Meowth | C90: Normal | E90: =COUNT(F90:T90) -> 4 | F90: 150 | H90: 65 | I90: 120 | Q90: 55
A91: 87 | B91: Electabuzz | C91: Electric | E91: =COUNT(F91:T91) -> 4 | F91: 150 | I91: 120 | L91: 80 | P91: 90
A92: 88 | B92: Porygon | C92: Normal | E92: =COUNT(F92:T92) -> 4 | F92: 150 | I92: 120 | K92: 120 | P92: 90
A93: 89 | B93: Seadra | C93: Water | E93: =COUNT(F93:T93) -> 4 | F93: 150 | H93: 120 | K93: 120 | T93: 80
A94: 90 | B94: Kadabra | C94: Psychic | E94: =COUNT(F94:T94) -> 4 | F94: 120 | L94: 80 | N94: 70 | P94: 90
A95: 91 | B95: Vileplume | C95: Grass | D95: Poison | E95: =COUNT(F95:T95) -> 4 | F95: 150 | J95: 180 | M95: 90 | Q95: 55
A96: 92 | B96: Gloom | C96: Grass | D96: Poison | E96: =COUNT(F96:T96) -> 4 | F96: 120 | J96: 180 | M96: 90 | Q96: 55
A97: 93 | B97: Parasect | C97: Bug | D97: Grass | E97: =COUNT(F97:T97) -> 4 | F97: 150 | J97: 180 | N97: 70 | Q97: 55
A98: 94 | B98: Victreebel | C98: Grass | D98: Poison | E98: =COUNT(F98:T98) -> 4 | F98: 150 | J98: 180 | M98: 90 | Q98: 55
A99: 95 | B99: Oddish | C99: Grass | D99: Poison | E99: =COUNT(F99:T99) -> 4 | F99: 120 | J99: 180 | M99: 90 | Q99: 55
A100: 96 | B100: Omanyte | C100: Rock | D100: Water | E100: =COUNT(F100:T100) -> 4 | F100: 120 | H100: 120 | K100: 120 | R100: 75
A101: 97 | B101: Beedrill | C101: Bug | D101: Poison | E101: =COUNT(F101:T101) -> 4 | F101: 150 | J101: 65 | M101: 90 | Q101: 55
...

Sheet Dual-Type Defense
A1: Dual-Type Defense — recomputed on Legacy's chart
A2: Score = 2x(immunities) + resists - weaknesses - 3x(4x weaknesses).
A4: Rank | B4: Typing | C4: Score | D4: Immune to | E4: 4x WEAK | F4: 2x weak | G4: Resists | H4: Examples
A5: 1 | B5: Ghost/Poison | C5: 4 | D5: Normal, Fighting | E5: - | F5: Ground, Psychic, Ghost | G5: Grass, Poison, Bug | H5: Gastly, Gengar, Haunter
A6: 2 | B6: Electric/Flying | C6: 4 | D6: Ground | E6: - | F6: Ice, Rock | G6: Grass, Fighting, Flying, Bug | H6: Zapdos
A7: 3 | B7: Normal/Flying | C7: 3 | D7: Ground, Ghost | E7: - | F7: Electric, Ice, Rock | G7: Grass, Bug | H7: Dodrio, Doduo, Farfetchd, Fearow
A8: 4 | B8: Rock/Flying | C8: 3 | D8: Ground | E8: - | F8: Water, Electric, Ice, Rock | G8: Normal, Fire, Poison, Flying, Bug | H8: Aerodactyl
A9: 5 | B9: Dragon | C9: 2 | D9: - | E9: - | F9: Ice, Dragon | G9: Fire, Water, Electric, Grass | H9: Dragonair, Dratini
A10: 6 | B10: Poison/Flying | C10: 2 | D10: Ground | E10: - | F10: Electric, Ice, Psychic, Rock | G10: Grass, Fighting, Poison, Bug | H10: Golbat, Zubat
A11: 7 | B11: Dragon/Flying | C11: 2 | D11: Ground | E11: Ice | F11: Rock, Dragon | G11: Fire, Water, Grass, Fighting, Bug | H11: Dragonite
A12: 8 | B12: Water/Flying | C12: 2 | D12: Ground | E12: Electric | F12: Rock | G12: Fire, Water, Fighting, Bug | H12: Gyarados
A13: 9 | B13: Water/Poison | C13: 2 | D13: - | E13: - | F13: Electric, Ground, Psychic | G13: Fire, Water, Ice, Fighting, Poison | H13: Tentacool, Tentacruel
A14: 10 | B14: Normal | C14: 1 | D14: Ghost | E14: - | F14: Fighting | G14: - | H14: Chansey, Clefable, Clefairy, Ditto
A15: 11 | B15: Water | C15: 1 | D15: - | E15: - | F15: Electric, Grass | G15: Fire, Water, Ice | H15: Blastoise, Goldeen, Golduck, Horsea
A16: 12 | B16: Water/Psychic | C16: 1 | D16: - | E16: - | F16: Electric, Grass, Bug, Ghost | G16: Fire, Water, Ice, Fighting, Psychic | H16: Slowbro, Slowpoke, Starmie
... A38: 34 | B38: Bug/Grass | C38: -7 | D38: - | E38: Fire, Poison, Flying | F38: Ice, Bug, Rock | G38: Water, Electric, Grass, Fighting, Ground | H38: Paras, Parasect

Sheet Your Roster
A1: Your 11 Pokemon — scored on Legacy data
A2: Final form = what it becomes. Verdict is based on the numbers, not vibes.
A4: Yours | B4: Lv | C4: Becomes | D4: How | E4: Typing | F4: E4 2HKO | G4: Fragility | H4: VERDICT | I4: Notes
A5: Magikarp | B5: 18 | C5: Gyarados | D5: Level 20 — TWO LEVELS AWAY | E5: Water/Flying | F5: 22 | G5: 21 | H5: CORE | I5: Highest-value thing you own right now. Learns Waterfall L25, Thrash L35, Hydro Pump L41. Evolve it today.
A6: Nidoran M | B6: 10 | C6: Nidoking | D6: L16 -> Nidorino, then Moon Stone | E6: Poison/Ground | F6: 22 | G6: 43 | H6: CORE | I6: Learns EARTHQUAKE at L40 on its own in Legacy — do not waste a TM. Thrash L25. The relearner means the old evolve-before-L23 panic is gone.
A7: Geodude | B7: 11 | C7: Golem | D7: L25 -> Graveler, L38 -> Golem. NO TRADE | E7: Rock/Ground | F7: 24 | G7: 47 | H7: CORE | I7: Legacy removed the trade requirement. 110 Atk / 130 Def, and it learns Dig L21, Rock Slide L40, Earthquake L45 for free. Huge fragility though — it hits hard and dies fast.
A8: Charmander | B8: 13 | C8: Charizard | D8: L16 -> Charmeleon, L36 -> Charizard | E8: Fire/Flying | F8: 15 | G8: 34 | H8: CORE | I8: Your HM hub: Cut + Fly + Strength. Also gains Fire Punch L19, Wing Attack L36, Flamethrower L42. Spc buffed to 95.
A9: Clefairy | B9: 12 | C9: Clefable | D9: Moon Stone (get a 2nd one) | E9: Normal | F9: 21 | G9: 7 | H9: CORE | I9: Spc buffed to 95. Learns Body Slam at L35 free. Enormous TM breadth, very low fragility. Your safest body.
A10: Pikachu | B10: 19 | C10: Pikachu | D10: cannot evolve | E10: Electric | F10: 15 | G10: 50 | H10: KEEP | I10: Legacy buffed it +65 BST and gave it Thunderpunch L20 / Headbutt L24 / Thunderbolt L30 / Thunder L41. It is a real Pokemon now, not a passenger.
A11: Pidgey | B11: 12 | C11: Pidgeot | D11: L18, L36 | E11: Normal/Flying | F11: 11 | G11: 40 | H11: BENCH | I11: Gains Sky Attack + Take Down, but Charizard already carries Fly. Only worth it if you skip Charmander.
A12: Goldeen | B12: 12 | C12: Seaking | D12: L33 | E12: Water | F12: 16 | G12: 29 | H12: BENCH | I12: Gyarados does Water strictly better and gets there sooner.
A13: Vulpix | B13: 5 | C13: Ninetales | D13: Fire Stone | E13: Fire | F13: 16 | G13: 30 | H13: BENCH | I13: Gains Flamethrower + Confuse Ray, but Fire is redundant with Charizard, and it costs a Fire Stone.
A14: Paras | B14: 13 | C14: Parasect | D14: L24 | E14: Bug/Grass | F14: 13 | G14: 50 | H14: BOX | I14: Bug/Grass. Still one of the worst typings in the game even after Legacy's buffs.
A15: Beedrill | B15: 18 | C15: Beedrill | D15: final form | E15: Bug/Poison | F15: 5 | G15: 53 | H15: BOX | I15: Bug/Poison, and Legacy REMOVED Bug's 2x on Poison — so it lost its one edge. Bottom of the list.
